dataset,regime,model,alpha,gamma,seed,rounds,tail,diverged,death_round,overall_tail,worst_group,worst_group_tail,group_tail_tier1,group_tail_tier2,group_tail_tier3,group_tail_tier4,group_tail_tier5,file
imdbwiki,feasible,fedavg,,,0,4000,500,0,,86.0104,tier5,107.985,79.3383,93.8702,81.0518,79.384,107.985,imdbwiki_feasible_fedavg_seed0.csv.gz
imdbwiki,feasible,fedavg,,,1,4000,500,0,,86.1475,tier5,107.595,79.7291,93.5272,81.7357,78.733,107.595,imdbwiki_feasible_fedavg_seed1.csv.gz
imdbwiki,feasible,fedavg,,,2,4000,500,0,,86.2754,tier5,107.514,79.3199,93.6086,82.0818,78.6285,107.514,imdbwiki_feasible_fedavg_seed2.csv.gz
imdbwiki,feasible,fedavg,,,3,4000,500,0,,86.9785,tier5,107.76,81.1092,93.4093,80.1155,78.0107,107.76,imdbwiki_feasible_fedavg_seed3.csv.gz
imdbwiki,feasible,fedavg,,,4,4000,500,0,,86.4461,tier5,107.385,79.9567,94.1567,79.6929,78.6824,107.385,imdbwiki_feasible_fedavg_seed4.csv.gz
imdbwiki,feasible,fedavg_mk,,,0,4000,500,1,48,1e+12,tier1,9.99997e+11,9.99997e+11,9.99997e+11,9.99997e+11,9.99997e+11,9.99997e+11,imdbwiki_feasible_fedavg_mk_seed0.csv.gz
imdbwiki,feasible,fedavg_mk,,,1,4000,500,1,30,1e+12,tier1,9.99997e+11,9.99997e+11,9.99997e+11,9.99997e+11,9.99997e+11,9.99997e+11,imdbwiki_feasible_fedavg_mk_seed1.csv.gz
imdbwiki,feasible,fedavg_mk,,,2,4000,500,1,26,1e+12,tier1,9.99997e+11,9.99997e+11,9.99997e+11,9.99997e+11,9.99997e+11,9.99997e+11,imdbwiki_feasible_fedavg_mk_seed2.csv.gz
imdbwiki,feasible,fedavg_mk,,,3,4000,500,1,39,1e+12,tier1,9.99997e+11,9.99997e+11,9.99997e+11,9.99997e+11,9.99997e+11,9.99997e+11,imdbwiki_feasible_fedavg_mk_seed3.csv.gz
imdbwiki,feasible,fedavg_mk,,,4,4000,500,1,46,1e+12,tier1,9.99997e+11,9.99997e+11,9.99997e+11,9.99997e+11,9.99997e+11,9.99997e+11,imdbwiki_feasible_fedavg_mk_seed4.csv.gz
imdbwiki,feasible,fedavot,,,0,4000,500,0,,84.0814,tier5,119.27,73.2652,98.9961,92.5357,93.2116,119.27,imdbwiki_feasible_fedavot_seed0.csv.gz
imdbwiki,feasible,fedavot,,,1,4000,500,0,,84.302,tier5,117.643,73.84,98.2856,93.7356,93.2413,117.643,imdbwiki_feasible_fedavot_seed1.csv.gz
imdbwiki,feasible,fedavot,,,2,4000,500,0,,84.324,tier5,117.637,72.8038,99.0182,93.9169,91.4057,117.637,imdbwiki_feasible_fedavot_seed2.csv.gz
imdbwiki,feasible,fedavot,,,3,4000,500,0,,84.5148,tier5,117.54,74.7981,97.0665,90.9868,89.9497,117.54,imdbwiki_feasible_fedavot_seed3.csv.gz
imdbwiki,feasible,fedavot,,,4,4000,500,0,,84.1701,tier5,116.836,73.4469,98.8833,90.5061,92.0802,116.836,imdbwiki_feasible_fedavot_seed4.csv.gz
imdbwiki,feasible,fedavot_cvar,0.10,0.10,0,4000,500,0,,104.788,tier5,133.212,99.6858,114.58,101.383,127.055,133.212,imdbwiki_feasible_fedavot_cvar_a0.10_g0.10_seed0.csv.gz
imdbwiki,feasible,fedavot_cvar,0.10,0.10,1,4000,500,0,,103.014,tier5,131.723,97.2978,112.704,104.186,124.237,131.723,imdbwiki_feasible_fedavot_cvar_a0.10_g0.10_seed1.csv.gz
imdbwiki,feasible,fedavot_cvar,0.10,0.10,2,4000,500,0,,101.991,tier5,131.308,96.0138,109.559,105.978,124.049,131.308,imdbwiki_feasible_fedavot_cvar_a0.10_g0.10_seed2.csv.gz
imdbwiki,feasible,fedavot_cvar,0.10,0.10,3,4000,500,0,,103.839,tier5,130.776,98.9595,111.697,101.747,123.062,130.776,imdbwiki_feasible_fedavot_cvar_a0.10_g0.10_seed3.csv.gz
imdbwiki,feasible,fedavot_cvar,0.10,0.10,4,4000,500,0,,104.55,tier5,130.56,99.8117,113.414,101.124,126.543,130.56,imdbwiki_feasible_fedavot_cvar_a0.10_g0.10_seed4.csv.gz
imdbwiki,feasible,fedavot_cvar,0.10,0.20,0,4000,500,0,,103.58,tier5,132.96,98.226,113.854,100.747,125.991,132.96,imdbwiki_feasible_fedavot_cvar_a0.10_g0.20_seed0.csv.gz
imdbwiki,feasible,fedavot_cvar,0.10,0.20,1,4000,500,0,,102.03,tier5,131.392,96.1814,111.926,103.552,123.815,131.392,imdbwiki_feasible_fedavot_cvar_a0.10_g0.20_seed1.csv.gz
imdbwiki,feasible,fedavot_cvar,0.10,0.20,2,4000,500,0,,100.743,tier5,130.087,94.7118,108.107,105.238,122.541,130.087,imdbwiki_feasible_fedavot_cvar_a0.10_g0.20_seed2.csv.gz
imdbwiki,feasible,fedavot_cvar,0.10,0.20,3,4000,500,0,,103.238,tier5,130.698,98.3112,111.338,101.334,122.469,130.698,imdbwiki_feasible_fedavot_cvar_a0.10_g0.20_seed3.csv.gz
imdbwiki,feasible,fedavot_cvar,0.10,0.20,4,4000,500,0,,102.68,tier5,129.151,97.5986,111.984,100.304,124.618,129.151,imdbwiki_feasible_fedavot_cvar_a0.10_g0.20_seed4.csv.gz
imdbwiki,feasible,fedavot_cvar,0.10,0.30,0,4000,500,0,,102.443,tier5,132.256,97.0216,112.694,100.252,125.254,132.256,imdbwiki_feasible_fedavot_cvar_a0.10_g0.30_seed0.csv.gz
imdbwiki,feasible,fedavot_cvar,0.10,0.30,1,4000,500,0,,100.594,tier5,130.142,94.7191,110.141,102.879,122.249,130.142,imdbwiki_feasible_fedavot_cvar_a0.10_g0.30_seed1.csv.gz
imdbwiki,feasible,fedavot_cvar,0.10,0.30,2,4000,500,0,,99.2889,tier5,129.294,93.0379,106.792,104.715,121.505,129.294,imdbwiki_feasible_fedavot_cvar_a0.10_g0.30_seed2.csv.gz
imdbwiki,feasible,fedavot_cvar,0.10,0.30,3,4000,500,0,,101.872,tier5,129.597,96.783,110.133,100.703,121.136,129.597,imdbwiki_feasible_fedavot_cvar_a0.10_g0.30_seed3.csv.gz
imdbwiki,feasible,fedavot_cvar,0.10,0.30,4,4000,500,0,,101.104,tier5,128.199,95.7995,110.359,99.7718,123.352,128.199,imdbwiki_feasible_fedavot_cvar_a0.10_g0.30_seed4.csv.gz
imdbwiki,feasible,fedavot_cvar,0.10,0.40,0,4000,500,0,,100.379,tier5,130.752,94.725,110.493,99.3108,122.75,130.752,imdbwiki_feasible_fedavot_cvar_a0.10_g0.40_seed0.csv.gz
imdbwiki,feasible,fedavot_cvar,0.10,0.40,1,4000,500,0,,98.9614,tier5,129.034,92.8664,108.559,102.319,120.749,129.034,imdbwiki_feasible_fedavot_cvar_a0.10_g0.40_seed1.csv.gz
imdbwiki,feasible,fedavot_cvar,0.10,0.40,2,4000,500,0,,97.4554,tier5,127.972,90.9843,104.904,104.173,119.343,127.972,imdbwiki_feasible_fedavot_cvar_a0.10_g0.40_seed2.csv.gz
imdbwiki,feasible,fedavot_cvar,0.10,0.40,3,4000,500,0,,100.072,tier5,128.12,94.9725,108,99.7888,119.018,128.12,imdbwiki_feasible_fedavot_cvar_a0.10_g0.40_seed3.csv.gz
imdbwiki,feasible,fedavot_cvar,0.10,0.40,4,4000,500,0,,99.2328,tier5,126.898,93.7159,108.301,99.1257,121.205,126.898,imdbwiki_feasible_fedavot_cvar_a0.10_g0.40_seed4.csv.gz
imdbwiki,feasible,fedavot_cvar,0.10,0.50,0,4000,500,0,,97.9544,tier5,129.325,91.8385,108.273,98.5132,119.885,129.325,imdbwiki_feasible_fedavot_cvar_a0.10_g0.50_seed0.csv.gz
imdbwiki,feasible,fedavot_cvar,0.10,0.50,1,4000,500,0,,96.7874,tier5,127.254,90.3842,106.386,101.351,117.812,127.254,imdbwiki_feasible_fedavot_cvar_a0.10_g0.50_seed1.csv.gz
imdbwiki,feasible,fedavot_cvar,0.10,0.50,2,4000,500,0,,95.5337,tier5,126.288,88.7068,102.97,103.582,116.699,126.288,imdbwiki_feasible_fedavot_cvar_a0.10_g0.50_seed2.csv.gz
imdbwiki,feasible,fedavot_cvar,0.10,0.50,3,4000,500,0,,97.9856,tier5,126.131,92.6277,105.775,98.7598,116.271,126.131,imdbwiki_feasible_fedavot_cvar_a0.10_g0.50_seed3.csv.gz
imdbwiki,feasible,fedavot_cvar,0.10,0.50,4,4000,500,0,,96.8892,tier5,125.077,91.0292,106.025,97.9165,118.291,125.077,imdbwiki_feasible_fedavot_cvar_a0.10_g0.50_seed4.csv.gz
imdbwiki,feasible,fedavot_cvar,0.10,0.60,0,4000,500,0,,95.1576,tier5,127.275,88.5522,105.664,97.3775,116.139,127.275,imdbwiki_feasible_fedavot_cvar_a0.10_g0.60_seed0.csv.gz
imdbwiki,feasible,fedavot_cvar,0.10,0.60,1,4000,500,0,,94.3741,tier5,125.045,87.6252,103.872,100.328,114.59,125.045,imdbwiki_feasible_fedavot_cvar_a0.10_g0.60_seed1.csv.gz
imdbwiki,feasible,fedavot_cvar,0.10,0.60,2,4000,500,0,,93.2306,tier5,124.392,85.8899,101.118,102.51,113.187,124.392,imdbwiki_feasible_fedavot_cvar_a0.10_g0.60_seed2.csv.gz
imdbwiki,feasible,fedavot_cvar,0.10,0.60,3,4000,500,0,,95.1591,tier5,124.009,89.4342,103.144,97.171,112.467,124.009,imdbwiki_feasible_fedavot_cvar_a0.10_g0.60_seed3.csv.gz
imdbwiki,feasible,fedavot_cvar,0.10,0.60,4,4000,500,0,,94.2275,tier5,122.95,87.9522,103.394,96.6107,114.431,122.95,imdbwiki_feasible_fedavot_cvar_a0.10_g0.60_seed4.csv.gz
imdbwiki,feasible,fedavot_cvar,0.10,0.70,0,4000,500,0,,91.9946,tier5,125.48,84.6808,103.075,96.3851,111.589,125.48,imdbwiki_feasible_fedavot_cvar_a0.10_g0.70_seed0.csv.gz
imdbwiki,feasible,fedavot_cvar,0.10,0.70,1,4000,500,0,,91.525,tier5,123.225,84.2187,101.476,99.1384,110.523,123.225,imdbwiki_feasible_fedavot_cvar_a0.10_g0.70_seed1.csv.gz
imdbwiki,feasible,fedavot_cvar,0.10,0.70,2,4000,500,0,,90.5308,tier5,122.423,82.5215,99.318,100.913,108.93,122.423,imdbwiki_feasible_fedavot_cvar_a0.10_g0.70_seed2.csv.gz
imdbwiki,feasible,fedavot_cvar,0.10,0.70,3,4000,500,0,,92.0276,tier5,121.927,85.7464,100.496,95.4895,107.957,121.927,imdbwiki_feasible_fedavot_cvar_a0.10_g0.70_seed3.csv.gz
imdbwiki,feasible,fedavot_cvar,0.10,0.70,4,4000,500,0,,91.1936,tier5,120.83,84.3691,100.748,94.934,109.872,120.83,imdbwiki_feasible_fedavot_cvar_a0.10_g0.70_seed4.csv.gz
imdbwiki,feasible,fedavot_cvar,0.10,0.80,0,4000,500,0,,88.8748,tier5,123.577,80.617,100.985,95.3112,106.635,123.577,imdbwiki_feasible_fedavot_cvar_a0.10_g0.80_seed0.csv.gz
imdbwiki,feasible,fedavot_cvar,0.10,0.80,1,4000,500,0,,88.6925,tier5,121.462,80.6444,99.3665,97.8327,105.967,121.462,imdbwiki_feasible_fedavot_cvar_a0.10_g0.80_seed1.csv.gz
imdbwiki,feasible,fedavot_cvar,0.10,0.80,2,4000,500,0,,87.84,tier5,120.66,78.855,98.174,99.0232,104.049,120.66,imdbwiki_feasible_fedavot_cvar_a0.10_g0.80_seed2.csv.gz
imdbwiki,feasible,fedavot_cvar,0.10,0.80,3,4000,500,0,,88.7856,tier5,119.919,81.6641,98.1936,93.6707,102.659,119.919,imdbwiki_feasible_fedavot_cvar_a0.10_g0.80_seed3.csv.gz
imdbwiki,feasible,fedavot_cvar,0.10,0.80,4,4000,500,0,,88.2554,tier5,119.275,80.3795,99.1344,93.4978,104.855,119.275,imdbwiki_feasible_fedavot_cvar_a0.10_g0.80_seed4.csv.gz
imdbwiki,feasible,fedavot_cvar,0.10,0.90,0,4000,500,0,,86.4386,tier5,122.146,76.939,100.092,95.2817,102.182,122.146,imdbwiki_feasible_fedavot_cvar_a0.10_g0.90_seed0.csv.gz
imdbwiki,feasible,fedavot_cvar,0.10,0.90,1,4000,500,0,,86.3414,tier5,120.029,77.0641,98.8035,96.8811,101.008,120.029,imdbwiki_feasible_fedavot_cvar_a0.10_g0.90_seed1.csv.gz
imdbwiki,feasible,fedavot_cvar,0.10,0.90,2,4000,500,0,,85.7478,tier5,119.218,75.4622,98.4385,97.2415,98.9061,119.218,imdbwiki_feasible_fedavot_cvar_a0.10_g0.90_seed2.csv.gz
imdbwiki,feasible,fedavot_cvar,0.10,0.90,3,4000,500,0,,86.1059,tier5,118.443,77.76,97.1103,92.5683,97.1456,118.443,imdbwiki_feasible_fedavot_cvar_a0.10_g0.90_seed3.csv.gz
imdbwiki,feasible,fedavot_cvar,0.10,0.90,4,4000,500,0,,86.0809,tier5,118.426,76.8104,99.0234,93.0524,100.546,118.426,imdbwiki_feasible_fedavot_cvar_a0.10_g0.90_seed4.csv.gz
imdbwiki,feasible,fedavot_cvar,0.10,1.00,0,4000,500,0,,84.0814,tier5,119.27,73.2652,98.9961,92.5357,93.2116,119.27,imdbwiki_feasible_fedavot_cvar_a0.10_g1.00_seed0.csv.gz
imdbwiki,feasible,fedavot_cvar,0.10,1.00,1,4000,500,0,,84.302,tier5,117.643,73.84,98.2856,93.7356,93.2413,117.643,imdbwiki_feasible_fedavot_cvar_a0.10_g1.00_seed1.csv.gz
imdbwiki,feasible,fedavot_cvar,0.10,1.00,2,4000,500,0,,84.324,tier5,117.637,72.8038,99.0182,93.9169,91.4057,117.637,imdbwiki_feasible_fedavot_cvar_a0.10_g1.00_seed2.csv.gz
imdbwiki,feasible,fedavot_cvar,0.10,1.00,3,4000,500,0,,84.5148,tier5,117.54,74.7981,97.0665,90.9868,89.9497,117.54,imdbwiki_feasible_fedavot_cvar_a0.10_g1.00_seed3.csv.gz
imdbwiki,feasible,fedavot_cvar,0.10,1.00,4,4000,500,0,,84.1701,tier5,116.836,73.4469,98.8833,90.5061,92.0802,116.836,imdbwiki_feasible_fedavot_cvar_a0.10_g1.00_seed4.csv.gz
imdbwiki,feasible,fedavot_cvar,0.20,0.10,0,4000,500,0,,102.248,tier5,133.417,95.8976,113.53,102.833,125.258,133.417,imdbwiki_feasible_fedavot_cvar_a0.20_g0.10_seed0.csv.gz
imdbwiki,feasible,fedavot_cvar,0.20,0.10,1,4000,500,0,,100.586,tier5,131.044,93.7804,111.544,105.453,122.367,131.044,imdbwiki_feasible_fedavot_cvar_a0.20_g0.10_seed1.csv.gz
imdbwiki,feasible,fedavot_cvar,0.20,0.10,2,4000,500,0,,99.6968,tier5,130.339,93.2345,107.446,106.653,122.055,130.339,imdbwiki_feasible_fedavot_cvar_a0.20_g0.10_seed2.csv.gz
imdbwiki,feasible,fedavot_cvar,0.20,0.10,3,4000,500,0,,101.148,tier5,129.441,95.6408,109.357,102.002,120.508,129.441,imdbwiki_feasible_fedavot_cvar_a0.20_g0.10_seed3.csv.gz
imdbwiki,feasible,fedavot_cvar,0.20,0.10,4,4000,500,0,,101.986,tier5,130.017,96.482,111.562,101.837,124.844,130.017,imdbwiki_feasible_fedavot_cvar_a0.20_g0.10_seed4.csv.gz
imdbwiki,feasible,fedavot_cvar,0.20,0.20,0,4000,500,0,,100.598,tier5,132.405,93.9566,112.266,102.223,123.426,132.405,imdbwiki_feasible_fedavot_cvar_a0.20_g0.20_seed0.csv.gz
imdbwiki,feasible,fedavot_cvar,0.20,0.20,1,4000,500,0,,99.1951,tier5,130.285,92.0015,110.703,105.096,120.89,130.285,imdbwiki_feasible_fedavot_cvar_a0.20_g0.20_seed1.csv.gz
imdbwiki,feasible,fedavot_cvar,0.20,0.20,2,4000,500,0,,98.116,tier5,129.305,91.1476,106.708,105.925,120.286,129.305,imdbwiki_feasible_fedavot_cvar_a0.20_g0.20_seed2.csv.gz
imdbwiki,feasible,fedavot_cvar,0.20,0.20,3,4000,500,0,,99.5591,tier5,128.342,93.6419,108.43,101.152,118.616,128.342,imdbwiki_feasible_fedavot_cvar_a0.20_g0.20_seed3.csv.gz
imdbwiki,feasible,fedavot_cvar,0.20,0.20,4,4000,500,0,,100.273,tier5,128.886,94.3028,110.506,101.295,123.313,128.886,imdbwiki_feasible_fedavot_cvar_a0.20_g0.20_seed4.csv.gz
imdbwiki,feasible,fedavot_cvar,0.20,0.30,0,4000,500,0,,98.8816,tier5,131.655,91.7447,111.136,101.899,121.919,131.655,imdbwiki_feasible_fedavot_cvar_a0.20_g0.30_seed0.csv.gz
imdbwiki,feasible,fedavot_cvar,0.20,0.30,1,4000,500,0,,97.6441,tier5,129.416,90.1409,109.45,104.603,119.224,129.416,imdbwiki_feasible_fedavot_cvar_a0.20_g0.30_seed1.csv.gz
imdbwiki,feasible,fedavot_cvar,0.20,0.30,2,4000,500,0,,96.4968,tier5,128.077,88.9946,105.952,105.015,118.306,128.077,imdbwiki_feasible_fedavot_cvar_a0.20_g0.30_seed2.csv.gz
imdbwiki,feasible,fedavot_cvar,0.20,0.30,3,4000,500,0,,97.6954,tier5,126.968,91.4356,107.018,100.113,116.349,126.968,imdbwiki_feasible_fedavot_cvar_a0.20_g0.30_seed3.csv.gz
imdbwiki,feasible,fedavot_cvar,0.20,0.30,4,4000,500,0,,98.2716,tier5,127.418,91.8371,109.002,100.515,121.035,127.418,imdbwiki_feasible_fedavot_cvar_a0.20_g0.30_seed4.csv.gz
imdbwiki,feasible,fedavot_cvar,0.20,0.40,0,4000,500,0,,96.9812,tier5,130.499,89.4697,109.55,101.276,119.812,130.499,imdbwiki_feasible_fedavot_cvar_a0.20_g0.40_seed0.csv.gz
imdbwiki,feasible,fedavot_cvar,0.20,0.40,1,4000,500,0,,95.9105,tier5,128.111,88.0556,107.976,103.909,117.111,128.111,imdbwiki_feasible_fedavot_cvar_a0.20_g0.40_seed1.csv.gz
imdbwiki,feasible,fedavot_cvar,0.20,0.40,2,4000,500,0,,94.747,tier5,126.658,86.809,104.725,104.158,116.071,126.658,imdbwiki_feasible_fedavot_cvar_a0.20_g0.40_seed2.csv.gz
imdbwiki,feasible,fedavot_cvar,0.20,0.40,3,4000,500,0,,95.8656,tier5,125.479,89.2601,105.539,99.0995,113.799,125.479,imdbwiki_feasible_fedavot_cvar_a0.20_g0.40_seed3.csv.gz
imdbwiki,feasible,fedavot_cvar,0.20,0.40,4,4000,500,0,,96.1943,tier5,125.905,89.2183,107.462,99.6989,118.538,125.905,imdbwiki_feasible_fedavot_cvar_a0.20_g0.40_seed4.csv.gz
imdbwiki,feasible,fedavot_cvar,0.20,0.50,0,4000,500,0,,94.981,tier5,129.299,86.9698,108.013,100.758,117.504,129.299,imdbwiki_feasible_fedavot_cvar_a0.20_g0.50_seed0.csv.gz
imdbwiki,feasible,fedavot_cvar,0.20,0.50,1,4000,500,0,,94.0356,tier5,126.469,85.8103,106.332,103.03,114.612,126.469,imdbwiki_feasible_fedavot_cvar_a0.20_g0.50_seed1.csv.gz
imdbwiki,feasible,fedavot_cvar,0.20,0.50,2,4000,500,0,,92.7005,tier5,124.771,84.1508,103.441,102.985,113.021,124.771,imdbwiki_feasible_fedavot_cvar_a0.20_g0.50_seed2.csv.gz
imdbwiki,feasible,fedavot_cvar,0.20,0.50,3,4000,500,0,,93.7051,tier5,123.903,86.6892,103.816,98.0311,110.912,123.903,imdbwiki_feasible_fedavot_cvar_a0.20_g0.50_seed3.csv.gz
imdbwiki,feasible,fedavot_cvar,0.20,0.50,4,4000,500,0,,94.0849,tier5,124.267,86.5875,105.756,98.7883,115.874,124.267,imdbwiki_feasible_fedavot_cvar_a0.20_g0.50_seed4.csv.gz
imdbwiki,feasible,fedavot_cvar,0.20,0.60,0,4000,500,0,,92.5342,tier5,127.3,83.9295,106.108,99.7188,114.048,127.3,imdbwiki_feasible_fedavot_cvar_a0.20_g0.60_seed0.csv.gz
imdbwiki,feasible,fedavot_cvar,0.20,0.60,1,4000,500,0,,91.8724,tier5,124.438,83.2373,104.524,101.646,111.27,124.438,imdbwiki_feasible_fedavot_cvar_a0.20_g0.60_seed1.csv.gz
imdbwiki,feasible,fedavot_cvar,0.20,0.60,2,4000,500,0,,90.5674,tier5,122.83,81.4091,102.089,101.641,109.49,122.83,imdbwiki_feasible_fedavot_cvar_a0.20_g0.60_seed2.csv.gz
imdbwiki,feasible,fedavot_cvar,0.20,0.60,3,4000,500,0,,91.4527,tier5,121.975,83.9594,101.992,96.7705,107.385,121.975,imdbwiki_feasible_fedavot_cvar_a0.20_g0.60_seed3.csv.gz
imdbwiki,feasible,fedavot_cvar,0.20,0.60,4,4000,500,0,,91.6766,tier5,122.293,83.5624,103.94,97.5063,112.256,122.293,imdbwiki_feasible_fedavot_cvar_a0.20_g0.60_seed4.csv.gz
imdbwiki,feasible,fedavot_cvar,0.20,0.70,0,4000,500,0,,89.8549,tier5,124.798,80.6995,103.825,98.0991,109.511,124.798,imdbwiki_feasible_fedavot_cvar_a0.20_g0.70_seed0.csv.gz
imdbwiki,feasible,fedavot_cvar,0.20,0.70,1,4000,500,0,,89.5973,tier5,122.204,80.4608,102.675,99.9512,107.321,122.204,imdbwiki_feasible_fedavot_cvar_a0.20_g0.70_seed1.csv.gz
imdbwiki,feasible,fedavot_cvar,0.20,0.70,2,4000,500,0,,88.416,tier5,120.849,78.6262,100.857,99.8894,105.39,120.849,imdbwiki_feasible_fedavot_cvar_a0.20_g0.70_seed2.csv.gz
imdbwiki,feasible,fedavot_cvar,0.20,0.70,3,4000,500,0,,89.0434,tier5,120.19,80.9454,100.277,95.2313,103.221,120.19,imdbwiki_feasible_fedavot_cvar_a0.20_g0.70_seed3.csv.gz
imdbwiki,feasible,fedavot_cvar,0.20,0.70,4,4000,500,0,,89.3297,tier5,120.482,80.5539,102.305,96.095,108.197,120.482,imdbwiki_feasible_fedavot_cvar_a0.20_g0.70_seed4.csv.gz
imdbwiki,feasible,fedavot_cvar,0.20,0.80,0,4000,500,0,,87.3027,tier5,122.226,77.5783,101.717,96.1085,104.413,122.226,imdbwiki_feasible_fedavot_cvar_a0.20_g0.80_seed0.csv.gz
imdbwiki,feasible,fedavot_cvar,0.20,0.80,1,4000,500,0,,87.4289,tier5,120.096,77.7418,101.094,98.0042,103.029,120.096,imdbwiki_feasible_fedavot_cvar_a0.20_g0.80_seed1.csv.gz
imdbwiki,feasible,fedavot_cvar,0.20,0.80,2,4000,500,0,,86.446,tier5,119.103,75.9505,99.9513,97.9359,100.824,119.103,imdbwiki_feasible_fedavot_cvar_a0.20_g0.80_seed2.csv.gz
imdbwiki,feasible,fedavot_cvar,0.20,0.80,3,4000,500,0,,86.9455,tier5,118.51,78.2552,98.8308,93.6236,99.033,118.51,imdbwiki_feasible_fedavot_cvar_a0.20_g0.80_seed3.csv.gz
imdbwiki,feasible,fedavot_cvar,0.20,0.80,4,4000,500,0,,87.0635,tier5,118.59,77.5725,100.869,94.2368,103.343,118.59,imdbwiki_feasible_fedavot_cvar_a0.20_g0.80_seed4.csv.gz
imdbwiki,feasible,fedavot_cvar,0.20,0.90,0,4000,500,0,,85.2131,tier5,120.058,74.9031,100.073,93.9191,98.9047,120.058,imdbwiki_feasible_fedavot_cvar_a0.20_g0.90_seed0.csv.gz
imdbwiki,feasible,fedavot_cvar,0.20,0.90,1,4000,500,0,,85.5731,tier5,118.317,75.4421,99.6212,95.7308,98.546,118.317,imdbwiki_feasible_fedavot_cvar_a0.20_g0.90_seed1.csv.gz
imdbwiki,feasible,fedavot_cvar,0.20,0.90,2,4000,500,0,,84.9813,tier5,117.71,73.8724,99.3763,95.6551,96.1773,117.71,imdbwiki_feasible_fedavot_cvar_a0.20_g0.90_seed2.csv.gz
imdbwiki,feasible,fedavot_cvar,0.20,0.90,3,4000,500,0,,85.3318,tier5,117.393,76.111,97.6896,91.9642,94.6731,117.393,imdbwiki_feasible_fedavot_cvar_a0.20_g0.90_seed3.csv.gz
imdbwiki,feasible,fedavot_cvar,0.20,0.90,4,4000,500,0,,85.1176,tier5,116.968,74.8805,99.7026,91.9704,97.664,116.968,imdbwiki_feasible_fedavot_cvar_a0.20_g0.90_seed4.csv.gz
imdbwiki,feasible,fedavot_cvar,0.20,1.00,0,4000,500,0,,84.0814,tier5,119.27,73.2652,98.9961,92.5357,93.2116,119.27,imdbwiki_feasible_fedavot_cvar_a0.20_g1.00_seed0.csv.gz
imdbwiki,feasible,fedavot_cvar,0.20,1.00,1,4000,500,0,,84.302,tier5,117.643,73.84,98.2856,93.7356,93.2413,117.643,imdbwiki_feasible_fedavot_cvar_a0.20_g1.00_seed1.csv.gz
imdbwiki,feasible,fedavot_cvar,0.20,1.00,2,4000,500,0,,84.324,tier5,117.637,72.8038,99.0182,93.9169,91.4057,117.637,imdbwiki_feasible_fedavot_cvar_a0.20_g1.00_seed2.csv.gz
imdbwiki,feasible,fedavot_cvar,0.20,1.00,3,4000,500,0,,84.5148,tier5,117.54,74.7981,97.0665,90.9868,89.9497,117.54,imdbwiki_feasible_fedavot_cvar_a0.20_g1.00_seed3.csv.gz
imdbwiki,feasible,fedavot_cvar,0.20,1.00,4,4000,500,0,,84.1701,tier5,116.836,73.4469,98.8833,90.5061,92.0802,116.836,imdbwiki_feasible_fedavot_cvar_a0.20_g1.00_seed4.csv.gz
imdbwiki,feasible,fedavot_cvar,0.30,0.10,0,4000,500,0,,98.2765,tier5,131.295,90.718,111.216,102.528,121.269,131.295,imdbwiki_feasible_fedavot_cvar_a0.30_g0.10_seed0.csv.gz
imdbwiki,feasible,fedavot_cvar,0.30,0.10,1,4000,500,0,,97.0744,tier5,128.67,89.2025,109.762,104.619,118.071,128.67,imdbwiki_feasible_fedavot_cvar_a0.30_g0.10_seed1.csv.gz
imdbwiki,feasible,fedavot_cvar,0.30,0.10,2,4000,500,0,,95.5592,tier5,127.136,87.7728,106.009,104.002,116.332,127.136,imdbwiki_feasible_fedavot_cvar_a0.30_g0.10_seed2.csv.gz
imdbwiki,feasible,fedavot_cvar,0.30,0.10,3,4000,500,0,,96.5048,tier5,126.071,89.6894,106.768,99.5616,114.267,126.071,imdbwiki_feasible_fedavot_cvar_a0.30_g0.10_seed3.csv.gz
imdbwiki,feasible,fedavot_cvar,0.30,0.10,4,4000,500,0,,98.1876,tier5,128.291,91.335,110.002,100.963,120.983,128.291,imdbwiki_feasible_fedavot_cvar_a0.30_g0.10_seed4.csv.gz
imdbwiki,feasible,fedavot_cvar,0.30,0.20,0,4000,500,0,,96.7037,tier5,129.95,88.8669,109.934,101.581,119.191,129.95,imdbwiki_feasible_fedavot_cvar_a0.30_g0.20_seed0.csv.gz
imdbwiki,feasible,fedavot_cvar,0.30,0.20,1,4000,500,0,,95.6282,tier5,127.421,87.462,108.65,103.625,116.36,127.421,imdbwiki_feasible_fedavot_cvar_a0.30_g0.20_seed1.csv.gz
imdbwiki,feasible,fedavot_cvar,0.30,0.20,2,4000,500,0,,94.1752,tier5,125.884,85.9928,105.168,103.07,114.478,125.884,imdbwiki_feasible_fedavot_cvar_a0.30_g0.20_seed2.csv.gz
imdbwiki,feasible,fedavot_cvar,0.30,0.20,3,4000,500,0,,95.165,tier5,125.029,88.0218,105.888,98.7406,112.63,125.029,imdbwiki_feasible_fedavot_cvar_a0.30_g0.20_seed3.csv.gz
imdbwiki,feasible,fedavot_cvar,0.30,0.20,4,4000,500,0,,96.4622,tier5,127.03,89.042,109.098,99.9243,118.795,127.03,imdbwiki_feasible_fedavot_cvar_a0.30_g0.20_seed4.csv.gz
imdbwiki,feasible,fedavot_cvar,0.30,0.30,0,4000,500,0,,94.9448,tier5,128.327,86.7852,108.436,100.419,116.899,128.327,imdbwiki_feasible_fedavot_cvar_a0.30_g0.30_seed0.csv.gz
imdbwiki,feasible,fedavot_cvar,0.30,0.30,1,4000,500,0,,94.1449,tier5,126.064,85.6514,107.539,102.511,114.344,126.064,imdbwiki_feasible_fedavot_cvar_a0.30_g0.30_seed1.csv.gz
imdbwiki,feasible,fedavot_cvar,0.30,0.30,2,4000,500,0,,92.7294,tier5,124.721,84.1493,104.315,101.918,112.405,124.721,imdbwiki_feasible_fedavot_cvar_a0.30_g0.30_seed2.csv.gz
imdbwiki,feasible,fedavot_cvar,0.30,0.30,3,4000,500,0,,93.663,tier5,123.87,86.1261,104.93,97.8253,110.522,123.87,imdbwiki_feasible_fedavot_cvar_a0.30_g0.30_seed3.csv.gz
imdbwiki,feasible,fedavot_cvar,0.30,0.30,4,4000,500,0,,94.7457,tier5,125.614,86.9736,107.743,98.8576,116.501,125.614,imdbwiki_feasible_fedavot_cvar_a0.30_g0.30_seed4.csv.gz
imdbwiki,feasible,fedavot_cvar,0.30,0.40,0,4000,500,0,,93.0724,tier5,126.635,84.5499,106.885,99.1435,114.186,126.635,imdbwiki_feasible_fedavot_cvar_a0.30_g0.40_seed0.csv.gz
imdbwiki,feasible,fedavot_cvar,0.30,0.40,1,4000,500,0,,92.558,tier5,124.489,83.7985,106.064,101.313,111.972,124.489,imdbwiki_feasible_fedavot_cvar_a0.30_g0.40_seed1.csv.gz
imdbwiki,feasible,fedavot_cvar,0.30,0.40,2,4000,500,0,,91.2985,tier5,123.331,82.2673,103.452,100.948,110.19,123.331,imdbwiki_feasible_fedavot_cvar_a0.30_g0.40_seed2.csv.gz
imdbwiki,feasible,fedavot_cvar,0.30,0.40,3,4000,500,0,,91.9987,tier5,122.303,84.1836,103.526,96.582,108.129,122.303,imdbwiki_feasible_fedavot_cvar_a0.30_g0.40_seed3.csv.gz
imdbwiki,feasible,fedavot_cvar,0.30,0.40,4,4000,500,0,,92.9108,tier5,123.976,84.7003,106.292,97.7769,114.015,123.976,imdbwiki_feasible_fedavot_cvar_a0.30_g0.40_seed4.csv.gz
imdbwiki,feasible,fedavot_cvar,0.30,0.50,0,4000,500,0,,91.1842,tier5,124.85,82.3098,105.213,97.8336,111.32,124.85,imdbwiki_feasible_fedavot_cvar_a0.30_g0.50_seed0.csv.gz
imdbwiki,feasible,fedavot_cvar,0.30,0.50,1,4000,500,0,,91.0087,tier5,122.926,81.936,104.714,100.104,109.575,122.926,imdbwiki_feasible_fedavot_cvar_a0.30_g0.50_seed1.csv.gz
imdbwiki,feasible,fedavot_cvar,0.30,0.50,2,4000,500,0,,89.6878,tier5,121.758,80.1576,102.418,99.6379,107.456,121.758,imdbwiki_feasible_fedavot_cvar_a0.30_g0.50_seed2.csv.gz
imdbwiki,feasible,fedavot_cvar,0.30,0.50,3,4000,500,0,,90.3188,tier5,120.742,82.2594,101.979,95.321,105.5,120.742,imdbwiki_feasible_fedavot_cvar_a0.30_g0.50_seed3.csv.gz
imdbwiki,feasible,fedavot_cvar,0.30,0.50,4,4000,500,0,,90.8962,tier5,121.967,82.1838,104.617,96.42,110.686,121.967,imdbwiki_feasible_fedavot_cvar_a0.30_g0.50_seed4.csv.gz
imdbwiki,feasible,fedavot_cvar,0.30,0.60,0,4000,500,0,,89.264,tier5,123.126,80.0264,103.497,96.5087,108.063,123.126,imdbwiki_feasible_fedavot_cvar_a0.30_g0.60_seed0.csv.gz
imdbwiki,feasible,fedavot_cvar,0.30,0.60,1,4000,500,0,,89.3186,tier5,121.168,79.9007,103.255,98.7122,106.651,121.168,imdbwiki_feasible_fedavot_cvar_a0.30_g0.60_seed1.csv.gz
imdbwiki,feasible,fedavot_cvar,0.30,0.60,2,4000,500,0,,88.123,tier5,120.132,78.1223,101.342,98.326,104.326,120.132,imdbwiki_feasible_fedavot_cvar_a0.30_g0.60_seed2.csv.gz
imdbwiki,feasible,fedavot_cvar,0.30,0.60,3,4000,500,0,,88.6492,tier5,119.341,80.3026,100.446,94.1185,102.57,119.341,imdbwiki_feasible_fedavot_cvar_a0.30_g0.60_seed3.csv.gz
imdbwiki,feasible,fedavot_cvar,0.30,0.60,4,4000,500,0,,88.9347,tier5,120.178,79.7784,102.922,94.9483,107.147,120.178,imdbwiki_feasible_fedavot_cvar_a0.30_g0.60_seed4.csv.gz
imdbwiki,feasible,fedavot_cvar,0.30,0.70,0,4000,500,0,,87.4252,tier5,121.512,77.8008,101.862,95.2174,104.464,121.512,imdbwiki_feasible_fedavot_cvar_a0.30_g0.70_seed0.csv.gz
imdbwiki,feasible,fedavot_cvar,0.30,0.70,1,4000,500,0,,87.7281,tier5,119.672,78.0541,101.709,97.3675,103.628,119.672,imdbwiki_feasible_fedavot_cvar_a0.30_g0.70_seed1.csv.gz
imdbwiki,feasible,fedavot_cvar,0.30,0.70,2,4000,500,0,,86.7298,tier5,118.819,76.3009,100.446,97.0695,101.277,118.819,imdbwiki_feasible_fedavot_cvar_a0.30_g0.70_seed2.csv.gz
imdbwiki,feasible,fedavot_cvar,0.30,0.70,3,4000,500,0,,87.1772,tier5,118.215,78.5529,99.125,93.031,99.6413,118.215,imdbwiki_feasible_fedavot_cvar_a0.30_g0.70_seed3.csv.gz
imdbwiki,feasible,fedavot_cvar,0.30,0.70,4,4000,500,0,,87.2215,tier5,118.602,77.6491,101.443,93.5321,103.486,118.602,imdbwiki_feasible_fedavot_cvar_a0.30_g0.70_seed4.csv.gz
imdbwiki,feasible,fedavot_cvar,0.30,0.80,0,4000,500,0,,85.8568,tier5,120.254,75.8513,100.468,94.042,100.75,120.254,imdbwiki_feasible_fedavot_cvar_a0.30_g0.80_seed0.csv.gz
imdbwiki,feasible,fedavot_cvar,0.30,0.80,1,4000,500,0,,86.2505,tier5,118.465,76.3223,100.271,95.972,100.341,118.465,imdbwiki_feasible_fedavot_cvar_a0.30_g0.80_seed1.csv.gz
imdbwiki,feasible,fedavot_cvar,0.30,0.80,2,4000,500,0,,85.54,tier5,117.911,74.725,99.6407,95.7959,98.0188,117.911,imdbwiki_feasible_fedavot_cvar_a0.30_g0.80_seed2.csv.gz
imdbwiki,feasible,fedavot_cvar,0.30,0.80,3,4000,500,0,,85.8882,tier5,117.45,76.9777,97.9711,92.0602,96.5201,117.45,imdbwiki_feasible_fedavot_cvar_a0.30_g0.80_seed3.csv.gz
imdbwiki,feasible,fedavot_cvar,0.30,0.80,4,4000,500,0,,85.7373,tier5,117.476,75.7964,100.109,92.205,99.6704,117.476,imdbwiki_feasible_fedavot_cvar_a0.30_g0.80_seed4.csv.gz
imdbwiki,feasible,fedavot_cvar,0.30,0.90,0,4000,500,0,,84.6666,tier5,119.311,74.2725,99.3992,93.0367,96.8444,119.311,imdbwiki_feasible_fedavot_cvar_a0.30_g0.90_seed0.csv.gz
imdbwiki,feasible,fedavot_cvar,0.30,0.90,1,4000,500,0,,85.0092,tier5,117.669,74.8464,98.9688,94.5643,96.6558,117.669,imdbwiki_feasible_fedavot_cvar_a0.30_g0.90_seed1.csv.gz
imdbwiki,feasible,fedavot_cvar,0.30,0.90,2,4000,500,0,,84.6939,tier5,117.459,73.5449,99.0609,94.6006,94.6053,117.459,imdbwiki_feasible_fedavot_cvar_a0.30_g0.90_seed2.csv.gz
imdbwiki,feasible,fedavot_cvar,0.30,0.90,3,4000,500,0,,84.8969,tier5,117.068,75.607,97.1967,91.1892,93.057,117.068,imdbwiki_feasible_fedavot_cvar_a0.30_g0.90_seed3.csv.gz
imdbwiki,feasible,fedavot_cvar,0.30,0.90,4,4000,500,0,,84.6573,tier5,116.853,74.3845,99.1182,90.9958,95.7192,116.853,imdbwiki_feasible_fedavot_cvar_a0.30_g0.90_seed4.csv.gz
imdbwiki,feasible,fedavot_cvar,0.30,1.00,0,4000,500,0,,84.0814,tier5,119.27,73.2652,98.9961,92.5357,93.2116,119.27,imdbwiki_feasible_fedavot_cvar_a0.30_g1.00_seed0.csv.gz
imdbwiki,feasible,fedavot_cvar,0.30,1.00,1,4000,500,0,,84.302,tier5,117.643,73.84,98.2856,93.7356,93.2413,117.643,imdbwiki_feasible_fedavot_cvar_a0.30_g1.00_seed1.csv.gz
imdbwiki,feasible,fedavot_cvar,0.30,1.00,2,4000,500,0,,84.324,tier5,117.637,72.8038,99.0182,93.9169,91.4057,117.637,imdbwiki_feasible_fedavot_cvar_a0.30_g1.00_seed2.csv.gz
imdbwiki,feasible,fedavot_cvar,0.30,1.00,3,4000,500,0,,84.5148,tier5,117.54,74.7981,97.0665,90.9868,89.9497,117.54,imdbwiki_feasible_fedavot_cvar_a0.30_g1.00_seed3.csv.gz
imdbwiki,feasible,fedavot_cvar,0.30,1.00,4,4000,500,0,,84.1701,tier5,116.836,73.4469,98.8833,90.5061,92.0802,116.836,imdbwiki_feasible_fedavot_cvar_a0.30_g1.00_seed4.csv.gz
imdbwiki,feasible,fedavot_cvar,0.40,0.10,0,4000,500,0,,93.4718,tier5,125.891,85.2078,106.854,98.953,114.114,125.891,imdbwiki_feasible_fedavot_cvar_a0.40_g0.10_seed0.csv.gz
imdbwiki,feasible,fedavot_cvar,0.40,0.10,1,4000,500,0,,93.1177,tier5,124.053,84.5589,106.426,101.44,112.311,124.053,imdbwiki_feasible_fedavot_cvar_a0.40_g0.10_seed1.csv.gz
imdbwiki,feasible,fedavot_cvar,0.40,0.10,2,4000,500,0,,91.827,tier5,123.118,83.1207,103.68,100.517,110.061,123.118,imdbwiki_feasible_fedavot_cvar_a0.40_g0.10_seed2.csv.gz
imdbwiki,feasible,fedavot_cvar,0.40,0.10,3,4000,500,0,,92.3102,tier5,122.165,84.8612,103.171,96.3291,108.242,122.165,imdbwiki_feasible_fedavot_cvar_a0.40_g0.10_seed3.csv.gz
imdbwiki,feasible,fedavot_cvar,0.40,0.10,4,4000,500,0,,93.7612,tier5,124.429,85.882,106.863,97.6497,114.339,124.429,imdbwiki_feasible_fedavot_cvar_a0.40_g0.10_seed4.csv.gz
imdbwiki,feasible,fedavot_cvar,0.40,0.20,0,4000,500,0,,92.0771,tier5,124.603,83.5907,105.566,97.963,111.935,124.603,imdbwiki_feasible_fedavot_cvar_a0.40_g0.20_seed0.csv.gz
imdbwiki,feasible,fedavot_cvar,0.40,0.20,1,4000,500,0,,92.0009,tier5,123.086,83.3037,105.432,100.405,110.729,123.086,imdbwiki_feasible_fedavot_cvar_a0.40_g0.20_seed1.csv.gz
imdbwiki,feasible,fedavot_cvar,0.40,0.20,2,4000,500,0,,90.7694,tier5,122.219,81.8213,102.891,99.6154,108.428,122.219,imdbwiki_feasible_fedavot_cvar_a0.40_g0.20_seed2.csv.gz
imdbwiki,feasible,fedavot_cvar,0.40,0.20,3,4000,500,0,,91.1343,tier5,121.124,83.4634,102.215,95.4144,106.389,121.124,imdbwiki_feasible_fedavot_cvar_a0.40_g0.20_seed3.csv.gz
imdbwiki,feasible,fedavot_cvar,0.40,0.20,4,4000,500,0,,92.3794,tier5,123.214,84.2319,105.655,96.6341,112.266,123.214,imdbwiki_feasible_fedavot_cvar_a0.40_g0.20_seed4.csv.gz
imdbwiki,feasible,fedavot_cvar,0.40,0.30,0,4000,500,0,,90.7692,tier5,123.308,81.9999,104.489,97.0262,109.857,123.308,imdbwiki_feasible_fedavot_cvar_a0.40_g0.30_seed0.csv.gz
imdbwiki,feasible,fedavot_cvar,0.40,0.30,1,4000,500,0,,90.9227,tier5,122.01,82.0511,104.463,99.4447,108.989,122.01,imdbwiki_feasible_fedavot_cvar_a0.40_g0.30_seed1.csv.gz
imdbwiki,feasible,fedavot_cvar,0.40,0.30,2,4000,500,0,,89.7558,tier5,121.32,80.5506,102.159,98.7956,106.771,121.32,imdbwiki_feasible_fedavot_cvar_a0.40_g0.30_seed2.csv.gz
imdbwiki,feasible,fedavot_cvar,0.40,0.30,3,4000,500,0,,89.9971,tier5,120.206,82.1084,101.314,94.5655,104.541,120.206,imdbwiki_feasible_fedavot_cvar_a0.40_g0.30_seed3.csv.gz
imdbwiki,feasible,fedavot_cvar,0.40,0.30,4,4000,500,0,,91.0074,tier5,121.872,82.5911,104.452,95.525,110.036,121.872,imdbwiki_feasible_fedavot_cvar_a0.40_g0.30_seed4.csv.gz
imdbwiki,feasible,fedavot_cvar,0.40,0.40,0,4000,500,0,,89.4688,tier5,122.157,80.4825,103.275,96.0546,107.622,122.157,imdbwiki_feasible_fedavot_cvar_a0.40_g0.40_seed0.csv.gz
imdbwiki,feasible,fedavot_cvar,0.40,0.40,1,4000,500,0,,89.7901,tier5,121.054,80.7241,103.428,98.4974,107.247,121.054,imdbwiki_feasible_fedavot_cvar_a0.40_g0.40_seed1.csv.gz
imdbwiki,feasible,fedavot_cvar,0.40,0.40,2,4000,500,0,,88.7627,tier5,120.335,79.267,101.46,97.9471,105.02,120.335,imdbwiki_feasible_fedavot_cvar_a0.40_g0.40_seed2.csv.gz
imdbwiki,feasible,fedavot_cvar,0.40,0.40,3,4000,500,0,,88.9798,tier5,119.299,80.8912,100.468,93.8011,102.829,119.299,imdbwiki_feasible_fedavot_cvar_a0.40_g0.40_seed3.csv.gz
imdbwiki,feasible,fedavot_cvar,0.40,0.40,4,4000,500,0,,89.6226,tier5,120.619,80.8685,103.338,94.4483,107.663,120.619,imdbwiki_feasible_fedavot_cvar_a0.40_g0.40_seed4.csv.gz
imdbwiki,feasible,fedavot_cvar,0.40,0.50,0,4000,500,0,,88.2695,tier5,121.208,79.005,102.262,95.3,105.512,121.208,imdbwiki_feasible_fedavot_cvar_a0.40_g0.50_seed0.csv.gz
imdbwiki,feasible,fedavot_cvar,0.40,0.50,1,4000,500,0,,88.6214,tier5,120.095,79.3769,102.271,97.5076,105.203,120.095,imdbwiki_feasible_fedavot_cvar_a0.40_g0.50_seed1.csv.gz
imdbwiki,feasible,fedavot_cvar,0.40,0.50,2,4000,500,0,,87.7323,tier5,119.394,77.8943,100.808,97.0285,102.92,119.394,imdbwiki_feasible_fedavot_cvar_a0.40_g0.50_seed2.csv.gz
imdbwiki,feasible,fedavot_cvar,0.40,0.50,3,4000,500,0,,87.9178,tier5,118.489,79.6011,99.5705,93.1038,100.913,118.489,imdbwiki_feasible_fedavot_cvar_a0.40_g0.50_seed3.csv.gz
imdbwiki,feasible,fedavot_cvar,0.40,0.50,4,4000,500,0,,88.2786,tier5,119.435,79.2699,102.01,93.5014,105.246,119.435,imdbwiki_feasible_fedavot_cvar_a0.40_g0.50_seed4.csv.gz
imdbwiki,feasible,fedavot_cvar,0.40,0.60,0,4000,500,0,,87.1017,tier5,120.295,77.5215,101.328,94.5175,103.196,120.295,imdbwiki_feasible_fedavot_cvar_a0.40_g0.60_seed0.csv.gz
imdbwiki,feasible,fedavot_cvar,0.40,0.60,1,4000,500,0,,87.4513,tier5,119.161,77.9459,101.207,96.5303,102.877,119.161,imdbwiki_feasible_fedavot_cvar_a0.40_g0.60_seed1.csv.gz
imdbwiki,feasible,fedavot_cvar,0.40,0.60,2,4000,500,0,,86.7118,tier5,118.58,76.5136,100.119,96.2065,100.711,118.58,imdbwiki_feasible_fedavot_cvar_a0.40_g0.60_seed2.csv.gz
imdbwiki,feasible,fedavot_cvar,0.40,0.60,3,4000,500,0,,86.8634,tier5,117.725,78.2734,98.7344,92.3551,98.6707,117.725,imdbwiki_feasible_fedavot_cvar_a0.40_g0.60_seed3.csv.gz
imdbwiki,feasible,fedavot_cvar,0.40,0.60,4,4000,500,0,,86.9996,tier5,118.354,77.6739,100.864,92.5426,102.542,118.354,imdbwiki_feasible_fedavot_cvar_a0.40_g0.60_seed4.csv.gz
imdbwiki,feasible,fedavot_cvar,0.40,0.70,0,4000,500,0,,86.0051,tier5,119.598,76.1047,100.43,93.7887,100.69,119.598,imdbwiki_feasible_fedavot_cvar_a0.40_g0.70_seed0.csv.gz
imdbwiki,feasible,fedavot_cvar,0.40,0.70,1,4000,500,0,,86.3326,tier5,118.362,76.5776,100.136,95.623,100.355,118.362,imdbwiki_feasible_fedavot_cvar_a0.40_g0.70_seed1.csv.gz
imdbwiki,feasible,fedavot_cvar,0.40,0.70,2,4000,500,0,,85.7753,tier5,117.854,75.2284,99.5144,95.3747,98.2952,117.854,imdbwiki_feasible_fedavot_cvar_a0.40_g0.70_seed2.csv.gz
imdbwiki,feasible,fedavot_cvar,0.40,0.70,3,4000,500,0,,85.9292,tier5,117.129,77.0386,98.0251,91.7379,96.3798,117.129,imdbwiki_feasible_fedavot_cvar_a0.40_g0.70_seed3.csv.gz
imdbwiki,feasible,fedavot_cvar,0.40,0.70,4,4000,500,0,,85.8867,tier5,117.537,76.2276,99.9226,91.7214,99.8218,117.537,imdbwiki_feasible_fedavot_cvar_a0.40_g0.70_seed4.csv.gz
imdbwiki,feasible,fedavot_cvar,0.40,0.80,0,4000,500,0,,85.0593,tier5,119.102,74.8399,99.6812,93.1254,98.0205,119.102,imdbwiki_feasible_fedavot_cvar_a0.40_g0.80_seed0.csv.gz
imdbwiki,feasible,fedavot_cvar,0.40,0.80,1,4000,500,0,,85.4077,tier5,117.792,75.4034,99.2865,94.8034,97.8717,117.792,imdbwiki_feasible_fedavot_cvar_a0.40_g0.80_seed1.csv.gz
imdbwiki,feasible,fedavot_cvar,0.40,0.80,2,4000,500,0,,85.005,tier5,117.454,74.1125,99.0938,94.6818,95.8572,117.454,imdbwiki_feasible_fedavot_cvar_a0.40_g0.80_seed2.csv.gz
imdbwiki,feasible,fedavot_cvar,0.40,0.80,3,4000,500,0,,85.1856,tier5,116.865,75.9965,97.5039,91.2434,94.1086,116.865,imdbwiki_feasible_fedavot_cvar_a0.40_g0.80_seed3.csv.gz
imdbwiki,feasible,fedavot_cvar,0.40,0.80,4,4000,500,0,,85.0125,tier5,116.926,74.9823,99.2969,91.0547,97.0952,116.926,imdbwiki_feasible_fedavot_cvar_a0.40_g0.80_seed4.csv.gz
imdbwiki,feasible,fedavot_cvar,0.40,0.90,0,4000,500,0,,84.3873,tier5,118.945,73.8444,99.1885,92.6788,95.3621,118.945,imdbwiki_feasible_fedavot_cvar_a0.40_g0.90_seed0.csv.gz
imdbwiki,feasible,fedavot_cvar,0.40,0.90,1,4000,500,0,,84.6913,tier5,117.57,74.4541,98.6202,94.115,95.3159,117.57,imdbwiki_feasible_fedavot_cvar_a0.40_g0.90_seed1.csv.gz
imdbwiki,feasible,fedavot_cvar,0.40,0.90,2,4000,500,0,,84.4992,tier5,117.334,73.3027,98.8596,94.129,93.3784,117.334,imdbwiki_feasible_fedavot_cvar_a0.40_g0.90_seed2.csv.gz
imdbwiki,feasible,fedavot_cvar,0.40,0.90,3,4000,500,0,,84.6897,tier5,116.981,75.2169,97.16,90.9578,91.8058,116.981,imdbwiki_feasible_fedavot_cvar_a0.40_g0.90_seed3.csv.gz
imdbwiki,feasible,fedavot_cvar,0.40,0.90,4,4000,500,0,,84.412,tier5,116.654,74.0058,98.9493,90.6026,94.2861,116.654,imdbwiki_feasible_fedavot_cvar_a0.40_g0.90_seed4.csv.gz
imdbwiki,feasible,fedavot_cvar,0.40,1.00,0,4000,500,0,,84.0814,tier5,119.27,73.2652,98.9961,92.5357,93.2116,119.27,imdbwiki_feasible_fedavot_cvar_a0.40_g1.00_seed0.csv.gz
imdbwiki,feasible,fedavot_cvar,0.40,1.00,1,4000,500,0,,84.302,tier5,117.643,73.84,98.2856,93.7356,93.2413,117.643,imdbwiki_feasible_fedavot_cvar_a0.40_g1.00_seed1.csv.gz
imdbwiki,feasible,fedavot_cvar,0.40,1.00,2,4000,500,0,,84.324,tier5,117.637,72.8038,99.0182,93.9169,91.4057,117.637,imdbwiki_feasible_fedavot_cvar_a0.40_g1.00_seed2.csv.gz
imdbwiki,feasible,fedavot_cvar,0.40,1.00,3,4000,500,0,,84.5148,tier5,117.54,74.7981,97.0665,90.9868,89.9497,117.54,imdbwiki_feasible_fedavot_cvar_a0.40_g1.00_seed3.csv.gz
imdbwiki,feasible,fedavot_cvar,0.40,1.00,4,4000,500,0,,84.1701,tier5,116.836,73.4469,98.8833,90.5061,92.0802,116.836,imdbwiki_feasible_fedavot_cvar_a0.40_g1.00_seed4.csv.gz
imdbwiki,feasible,fedavot_cvar,0.50,0.10,0,4000,500,0,,89.8344,tier5,121.751,81.0693,103.156,96.4148,108.018,121.751,imdbwiki_feasible_fedavot_cvar_a0.50_g0.10_seed0.csv.gz
imdbwiki,feasible,fedavot_cvar,0.50,0.10,1,4000,500,0,,90.2015,tier5,121.049,81.3128,103.477,98.7873,107.545,121.049,imdbwiki_feasible_fedavot_cvar_a0.50_g0.10_seed1.csv.gz
imdbwiki,feasible,fedavot_cvar,0.50,0.10,2,4000,500,0,,89.2634,tier5,120.274,80.1102,101.417,98.088,105.361,120.274,imdbwiki_feasible_fedavot_cvar_a0.50_g0.10_seed2.csv.gz
imdbwiki,feasible,fedavot_cvar,0.50,0.10,3,4000,500,0,,89.244,tier5,119.11,81.4228,100.216,93.9413,103.107,119.11,imdbwiki_feasible_fedavot_cvar_a0.50_g0.10_seed3.csv.gz
imdbwiki,feasible,fedavot_cvar,0.50,0.10,4,4000,500,0,,90.1929,tier5,120.625,81.707,103.44,94.889,108.332,120.625,imdbwiki_feasible_fedavot_cvar_a0.50_g0.10_seed4.csv.gz
imdbwiki,feasible,fedavot_cvar,0.50,0.20,0,4000,500,0,,88.9726,tier5,121.086,80.0187,102.439,95.8308,106.533,121.086,imdbwiki_feasible_fedavot_cvar_a0.50_g0.20_seed0.csv.gz
imdbwiki,feasible,fedavot_cvar,0.50,0.20,1,4000,500,0,,89.3182,tier5,120.361,80.3318,102.583,98.0155,106.087,120.361,imdbwiki_feasible_fedavot_cvar_a0.50_g0.20_seed1.csv.gz
imdbwiki,feasible,fedavot_cvar,0.50,0.20,2,4000,500,0,,88.5213,tier5,119.766,79.1954,100.807,97.4637,104.053,119.766,imdbwiki_feasible_fedavot_cvar_a0.50_g0.20_seed2.csv.gz
imdbwiki,feasible,fedavot_cvar,0.50,0.20,3,4000,500,0,,88.4547,tier5,118.625,80.4207,99.6706,93.3743,101.701,118.625,imdbwiki_feasible_fedavot_cvar_a0.50_g0.20_seed3.csv.gz
imdbwiki,feasible,fedavot_cvar,0.50,0.20,4,4000,500,0,,89.2154,tier5,119.856,80.5484,102.584,94.0706,106.569,119.856,imdbwiki_feasible_fedavot_cvar_a0.50_g0.20_seed4.csv.gz
imdbwiki,feasible,fedavot_cvar,0.50,0.30,0,4000,500,0,,88.1018,tier5,120.454,78.9171,101.771,95.2185,104.957,120.454,imdbwiki_feasible_fedavot_cvar_a0.50_g0.30_seed0.csv.gz
imdbwiki,feasible,fedavot_cvar,0.50,0.30,1,4000,500,0,,88.4705,tier5,119.801,79.3579,101.794,97.2561,104.605,119.801,imdbwiki_feasible_fedavot_cvar_a0.50_g0.30_seed1.csv.gz
imdbwiki,feasible,fedavot_cvar,0.50,0.30,2,4000,500,0,,87.7411,tier5,119.283,78.192,100.241,96.8062,102.517,119.283,imdbwiki_feasible_fedavot_cvar_a0.50_g0.30_seed2.csv.gz
imdbwiki,feasible,fedavot_cvar,0.50,0.30,3,4000,500,0,,87.7336,tier5,118.153,79.5095,99.1062,92.8986,100.258,118.153,imdbwiki_feasible_fedavot_cvar_a0.50_g0.30_seed3.csv.gz
imdbwiki,feasible,fedavot_cvar,0.50,0.30,4,4000,500,0,,88.3213,tier5,119.146,79.4871,101.73,93.3502,104.861,119.146,imdbwiki_feasible_fedavot_cvar_a0.50_g0.30_seed4.csv.gz
imdbwiki,feasible,fedavot_cvar,0.50,0.40,0,4000,500,0,,87.2863,tier5,119.925,77.9094,101.081,94.6334,103.342,119.925,imdbwiki_feasible_fedavot_cvar_a0.50_g0.40_seed0.csv.gz
imdbwiki,feasible,fedavot_cvar,0.50,0.40,1,4000,500,0,,87.6389,tier5,119.276,78.4049,100.932,96.6114,103.032,119.276,imdbwiki_feasible_fedavot_cvar_a0.50_g0.40_seed1.csv.gz
imdbwiki,feasible,fedavot_cvar,0.50,0.40,2,4000,500,0,,87.028,tier5,118.785,77.2986,99.6457,96.2789,101.085,118.785,imdbwiki_feasible_fedavot_cvar_a0.50_g0.40_seed2.csv.gz
imdbwiki,feasible,fedavot_cvar,0.50,0.40,3,4000,500,0,,87.0245,tier5,117.768,78.5873,98.6102,92.4191,98.7867,117.768,imdbwiki_feasible_fedavot_cvar_a0.50_g0.40_seed3.csv.gz
imdbwiki,feasible,fedavot_cvar,0.50,0.40,4,4000,500,0,,87.4138,tier5,118.47,78.3362,100.987,92.6369,102.994,118.47,imdbwiki_feasible_fedavot_cvar_a0.50_g0.40_seed4.csv.gz
imdbwiki,feasible,fedavot_cvar,0.50,0.50,0,4000,500,0,,86.4915,tier5,119.421,76.8796,100.473,94.0806,101.631,119.421,imdbwiki_feasible_fedavot_cvar_a0.50_g0.50_seed0.csv.gz
imdbwiki,feasible,fedavot_cvar,0.50,0.50,1,4000,500,0,,86.8615,tier5,118.789,77.4457,100.242,95.9659,101.402,118.789,imdbwiki_feasible_fedavot_cvar_a0.50_g0.50_seed1.csv.gz
imdbwiki,feasible,fedavot_cvar,0.50,0.50,2,4000,500,0,,86.3211,tier5,118.345,76.2692,99.2991,95.744,99.4402,118.345,imdbwiki_feasible_fedavot_cvar_a0.50_g0.50_seed2.csv.gz
imdbwiki,feasible,fedavot_cvar,0.50,0.50,3,4000,500,0,,86.3879,tier5,117.453,77.7271,98.1714,92.053,97.3544,117.453,imdbwiki_feasible_fedavot_cvar_a0.50_g0.50_seed3.csv.gz
imdbwiki,feasible,fedavot_cvar,0.50,0.50,4,4000,500,0,,86.5597,tier5,117.798,77.2292,100.292,92.0113,101.059,117.798,imdbwiki_feasible_fedavot_cvar_a0.50_g0.50_seed4.csv.gz
imdbwiki,feasible,fedavot_cvar,0.50,0.60,0,4000,500,0,,85.7887,tier5,119.12,75.925,99.9983,93.6271,99.9687,119.12,imdbwiki_feasible_fedavot_cvar_a0.50_g0.60_seed0.csv.gz
imdbwiki,feasible,fedavot_cvar,0.50,0.60,1,4000,500,0,,86.1367,tier5,118.39,76.5307,99.602,95.379,99.7576,118.39,imdbwiki_feasible_fedavot_cvar_a0.50_g0.60_seed1.csv.gz
imdbwiki,feasible,fedavot_cvar,0.50,0.60,2,4000,500,0,,85.6832,tier5,117.865,75.3542,98.9525,95.2068,97.7722,117.865,imdbwiki_feasible_fedavot_cvar_a0.50_g0.60_seed2.csv.gz
imdbwiki,feasible,fedavot_cvar,0.50,0.60,3,4000,500,0,,85.8005,tier5,117.146,76.9256,97.7732,91.6926,95.8639,117.146,imdbwiki_feasible_fedavot_cvar_a0.50_g0.60_seed3.csv.gz
imdbwiki,feasible,fedavot_cvar,0.50,0.60,4,4000,500,0,,85.7918,tier5,117.235,76.1701,99.7279,91.4897,99.1257,117.235,imdbwiki_feasible_fedavot_cvar_a0.50_g0.60_seed4.csv.gz
imdbwiki,feasible,fedavot_cvar,0.50,0.70,0,4000,500,0,,85.163,tier5,118.932,75.032,99.6098,93.2439,98.2491,118.932,imdbwiki_feasible_fedavot_cvar_a0.50_g0.70_seed0.csv.gz
imdbwiki,feasible,fedavot_cvar,0.50,0.70,1,4000,500,0,,85.4798,tier5,117.995,75.6598,99.075,94.8355,98.0186,117.995,imdbwiki_feasible_fedavot_cvar_a0.50_g0.70_seed1.csv.gz
imdbwiki,feasible,fedavot_cvar,0.50,0.70,2,4000,500,0,,85.1202,tier5,117.493,74.4629,98.7925,94.738,96.0071,117.493,imdbwiki_feasible_fedavot_cvar_a0.50_g0.70_seed2.csv.gz
imdbwiki,feasible,fedavot_cvar,0.50,0.70,3,4000,500,0,,85.2753,tier5,116.979,76.1748,97.4469,91.3442,94.2701,116.979,imdbwiki_feasible_fedavot_cvar_a0.50_g0.70_seed3.csv.gz
imdbwiki,feasible,fedavot_cvar,0.50,0.70,4,4000,500,0,,85.1301,tier5,116.854,75.2153,99.29,91.0458,97.1866,116.854,imdbwiki_feasible_fedavot_cvar_a0.50_g0.70_seed4.csv.gz
imdbwiki,feasible,fedavot_cvar,0.50,0.80,0,4000,500,0,,84.6429,tier5,118.893,74.2574,99.2986,92.9039,96.4987,118.893,imdbwiki_feasible_fedavot_cvar_a0.50_g0.80_seed0.csv.gz
imdbwiki,feasible,fedavot_cvar,0.50,0.80,1,4000,500,0,,84.9359,tier5,117.73,74.9046,98.6627,94.364,96.3088,117.73,imdbwiki_feasible_fedavot_cvar_a0.50_g0.80_seed1.csv.gz
imdbwiki,feasible,fedavot_cvar,0.50,0.80,2,4000,500,0,,84.688,tier5,117.316,73.713,98.7507,94.3505,94.3157,117.316,imdbwiki_feasible_fedavot_cvar_a0.50_g0.80_seed2.csv.gz
imdbwiki,feasible,fedavot_cvar,0.50,0.80,3,4000,500,0,,84.8646,tier5,116.949,75.5534,97.1906,91.0997,92.712,116.949,imdbwiki_feasible_fedavot_cvar_a0.50_g0.80_seed3.csv.gz
imdbwiki,feasible,fedavot_cvar,0.50,0.80,4,4000,500,0,,84.6299,tier5,116.633,74.4342,98.9923,90.7417,95.3307,116.633,imdbwiki_feasible_fedavot_cvar_a0.50_g0.80_seed4.csv.gz
imdbwiki,feasible,fedavot_cvar,0.50,0.90,0,4000,500,0,,84.2598,tier5,119.004,73.6494,99.0309,92.7118,94.7193,119.004,imdbwiki_feasible_fedavot_cvar_a0.50_g0.90_seed0.csv.gz
imdbwiki,feasible,fedavot_cvar,0.50,0.90,1,4000,500,0,,84.5226,tier5,117.666,74.2834,98.34,94.0334,94.6424,117.666,imdbwiki_feasible_fedavot_cvar_a0.50_g0.90_seed1.csv.gz
imdbwiki,feasible,fedavot_cvar,0.50,0.90,2,4000,500,0,,84.4249,tier5,117.458,73.1721,98.7694,94.152,92.6818,117.458,imdbwiki_feasible_fedavot_cvar_a0.50_g0.90_seed2.csv.gz
imdbwiki,feasible,fedavot_cvar,0.50,0.90,3,4000,500,0,,84.6137,tier5,117.234,75.1134,97.0159,91.045,91.2033,117.234,imdbwiki_feasible_fedavot_cvar_a0.50_g0.90_seed3.csv.gz
imdbwiki,feasible,fedavot_cvar,0.50,0.90,4,4000,500,0,,84.3014,tier5,116.644,73.848,98.7947,90.6252,93.4878,116.644,imdbwiki_feasible_fedavot_cvar_a0.50_g0.90_seed4.csv.gz
imdbwiki,feasible,fedavot_cvar,0.50,1.00,0,4000,500,0,,84.0814,tier5,119.27,73.2652,98.9961,92.5357,93.2116,119.27,imdbwiki_feasible_fedavot_cvar_a0.50_g1.00_seed0.csv.gz
imdbwiki,feasible,fedavot_cvar,0.50,1.00,1,4000,500,0,,84.302,tier5,117.643,73.84,98.2856,93.7356,93.2413,117.643,imdbwiki_feasible_fedavot_cvar_a0.50_g1.00_seed1.csv.gz
imdbwiki,feasible,fedavot_cvar,0.50,1.00,2,4000,500,0,,84.324,tier5,117.637,72.8038,99.0182,93.9169,91.4057,117.637,imdbwiki_feasible_fedavot_cvar_a0.50_g1.00_seed2.csv.gz
imdbwiki,feasible,fedavot_cvar,0.50,1.00,3,4000,500,0,,84.5148,tier5,117.54,74.7981,97.0665,90.9868,89.9497,117.54,imdbwiki_feasible_fedavot_cvar_a0.50_g1.00_seed3.csv.gz
imdbwiki,feasible,fedavot_cvar,0.50,1.00,4,4000,500,0,,84.1701,tier5,116.836,73.4469,98.8833,90.5061,92.0802,116.836,imdbwiki_feasible_fedavot_cvar_a0.50_g1.00_seed4.csv.gz
imdbwiki,feasible,fedavot_cvar,0.60,0.10,0,4000,500,0,,87.4692,tier5,119.616,78.1917,101.006,95.0428,103.774,119.616,imdbwiki_feasible_fedavot_cvar_a0.60_g0.10_seed0.csv.gz
imdbwiki,feasible,fedavot_cvar,0.60,0.10,1,4000,500,0,,87.7726,tier5,119.214,78.6163,100.817,97.0756,103.38,119.214,imdbwiki_feasible_fedavot_cvar_a0.60_g0.10_seed1.csv.gz
imdbwiki,feasible,fedavot_cvar,0.60,0.10,2,4000,500,0,,87.2536,tier5,118.797,77.6752,99.515,96.8721,101.517,118.797,imdbwiki_feasible_fedavot_cvar_a0.60_g0.10_seed2.csv.gz
imdbwiki,feasible,fedavot_cvar,0.60,0.10,3,4000,500,0,,87.2001,tier5,117.666,78.8646,98.529,92.9387,99.2932,117.666,imdbwiki_feasible_fedavot_cvar_a0.60_g0.10_seed3.csv.gz
imdbwiki,feasible,fedavot_cvar,0.60,0.10,4,4000,500,0,,87.7,tier5,118.377,78.696,101.032,93.3351,103.736,118.377,imdbwiki_feasible_fedavot_cvar_a0.60_g0.10_seed4.csv.gz
imdbwiki,feasible,fedavot_cvar,0.60,0.20,0,4000,500,0,,86.9014,tier5,119.347,77.461,100.593,94.6321,102.577,119.347,imdbwiki_feasible_fedavot_cvar_a0.60_g0.20_seed0.csv.gz
imdbwiki,feasible,fedavot_cvar,0.60,0.20,1,4000,500,0,,87.2172,tier5,118.945,77.9372,100.346,96.6045,102.232,118.945,imdbwiki_feasible_fedavot_cvar_a0.60_g0.20_seed1.csv.gz
imdbwiki,feasible,fedavot_cvar,0.60,0.20,2,4000,500,0,,86.7612,tier5,118.512,77.0391,99.1487,96.4543,100.459,118.512,imdbwiki_feasible_fedavot_cvar_a0.60_g0.20_seed2.csv.gz
imdbwiki,feasible,fedavot_cvar,0.60,0.20,3,4000,500,0,,86.7532,tier5,117.475,78.292,98.2032,92.5931,98.2519,117.475,imdbwiki_feasible_fedavot_cvar_a0.60_g0.20_seed3.csv.gz
imdbwiki,feasible,fedavot_cvar,0.60,0.20,4,4000,500,0,,87.1051,tier5,118.015,77.9083,100.616,92.8854,102.411,118.015,imdbwiki_feasible_fedavot_cvar_a0.60_g0.20_seed4.csv.gz
imdbwiki,feasible,fedavot_cvar,0.60,0.30,0,4000,500,0,,86.3896,tier5,119.121,76.7917,100.237,94.2456,101.433,119.121,imdbwiki_feasible_fedavot_cvar_a0.60_g0.30_seed0.csv.gz
imdbwiki,feasible,fedavot_cvar,0.60,0.30,1,4000,500,0,,86.7047,tier5,118.718,77.309,99.9,96.166,101.187,118.718,imdbwiki_feasible_fedavot_cvar_a0.60_g0.30_seed1.csv.gz
imdbwiki,feasible,fedavot_cvar,0.60,0.30,2,4000,500,0,,86.29,tier5,118.267,76.3795,98.8704,96.0858,99.3746,118.267,imdbwiki_feasible_fedavot_cvar_a0.60_g0.30_seed2.csv.gz
imdbwiki,feasible,fedavot_cvar,0.60,0.30,3,4000,500,0,,86.3334,tier5,117.379,77.6971,97.9883,92.3408,97.2625,117.379,imdbwiki_feasible_fedavot_cvar_a0.60_g0.30_seed3.csv.gz
imdbwiki,feasible,fedavot_cvar,0.60,0.30,4,4000,500,0,,86.5365,tier5,117.656,77.1575,100.22,92.4289,101.053,117.656,imdbwiki_feasible_fedavot_cvar_a0.60_g0.30_seed4.csv.gz
imdbwiki,feasible,fedavot_cvar,0.60,0.40,0,4000,500,0,,85.906,tier5,118.928,76.1246,99.934,93.904,100.252,118.928,imdbwiki_feasible_fedavot_cvar_a0.60_g0.40_seed0.csv.gz
imdbwiki,feasible,fedavot_cvar,0.60,0.40,1,4000,500,0,,86.2247,tier5,118.487,76.6804,99.5305,95.7744,100.119,118.487,imdbwiki_feasible_fedavot_cvar_a0.60_g0.40_seed1.csv.gz
imdbwiki,feasible,fedavot_cvar,0.60,0.40,2,4000,500,0,,85.8502,tier5,118.066,75.7194,98.7006,95.7276,98.2973,118.066,imdbwiki_feasible_fedavot_cvar_a0.60_g0.40_seed2.csv.gz
imdbwiki,feasible,fedavot_cvar,0.60,0.40,3,4000,500,0,,85.9367,tier5,117.207,77.1619,97.6977,92.0558,96.2085,117.207,imdbwiki_feasible_fedavot_cvar_a0.60_g0.40_seed3.csv.gz
imdbwiki,feasible,fedavot_cvar,0.60,0.40,4,4000,500,0,,86.0258,tier5,117.341,76.5004,99.8012,92.006,99.7504,117.341,imdbwiki_feasible_fedavot_cvar_a0.60_g0.40_seed4.csv.gz
imdbwiki,feasible,fedavot_cvar,0.60,0.50,0,4000,500,0,,85.4622,tier5,118.842,75.5137,99.6362,93.6229,99.1362,118.842,imdbwiki_feasible_fedavot_cvar_a0.60_g0.50_seed0.csv.gz
imdbwiki,feasible,fedavot_cvar,0.60,0.50,1,4000,500,0,,85.774,tier5,118.267,76.1117,99.1496,95.3708,99.005,118.267,imdbwiki_feasible_fedavot_cvar_a0.60_g0.50_seed1.csv.gz
imdbwiki,feasible,fedavot_cvar,0.60,0.50,2,4000,500,0,,85.4356,tier5,117.868,75.0823,98.5734,95.3311,97.1256,117.868,imdbwiki_feasible_fedavot_cvar_a0.60_g0.50_seed2.csv.gz
imdbwiki,feasible,fedavot_cvar,0.60,0.50,3,4000,500,0,,85.5844,tier5,117.127,76.6854,97.4358,91.8455,95.2614,117.127,imdbwiki_feasible_fedavot_cvar_a0.60_g0.50_seed3.csv.gz
imdbwiki,feasible,fedavot_cvar,0.60,0.50,4,4000,500,0,,85.5404,tier5,117.045,75.8157,99.4752,91.6534,98.419,117.045,imdbwiki_feasible_fedavot_cvar_a0.60_g0.50_seed4.csv.gz
imdbwiki,feasible,fedavot_cvar,0.60,0.60,0,4000,500,0,,85.0599,tier5,118.762,74.9406,99.3885,93.3278,97.9817,118.762,imdbwiki_feasible_fedavot_cvar_a0.60_g0.60_seed0.csv.gz
imdbwiki,feasible,fedavot_cvar,0.60,0.60,1,4000,500,0,,85.37,tier5,118.067,75.5815,98.8092,95.0033,97.9118,118.067,imdbwiki_feasible_fedavot_cvar_a0.60_g0.60_seed1.csv.gz
imdbwiki,feasible,fedavot_cvar,0.60,0.60,2,4000,500,0,,85.083,tier5,117.682,74.5048,98.5003,94.9898,95.9553,117.682,imdbwiki_feasible_fedavot_cvar_a0.60_g0.60_seed2.csv.gz
imdbwiki,feasible,fedavot_cvar,0.60,0.60,3,4000,500,0,,85.2457,tier5,117.121,76.1956,97.2349,91.6308,94.2218,117.121,imdbwiki_feasible_fedavot_cvar_a0.60_g0.60_seed3.csv.gz
imdbwiki,feasible,fedavot_cvar,0.60,0.60,4,4000,500,0,,85.0972,tier5,116.834,75.1913,99.1642,91.3081,97.0786,116.834,imdbwiki_feasible_fedavot_cvar_a0.60_g0.60_seed4.csv.gz
imdbwiki,feasible,fedavot_cvar,0.60,0.70,0,4000,500,0,,84.7112,tier5,118.78,74.4233,99.1832,93.0907,96.8123,118.78,imdbwiki_feasible_fedavot_cvar_a0.60_g0.70_seed0.csv.gz
imdbwiki,feasible,fedavot_cvar,0.60,0.70,1,4000,500,0,,84.9949,tier5,117.881,75.0614,98.5456,94.6165,96.7194,117.881,imdbwiki_feasible_fedavot_cvar_a0.60_g0.70_seed1.csv.gz
imdbwiki,feasible,fedavot_cvar,0.60,0.70,2,4000,500,0,,84.7796,tier5,117.543,73.9651,98.509,94.6736,94.7572,117.543,imdbwiki_feasible_fedavot_cvar_a0.60_g0.70_seed2.csv.gz
imdbwiki,feasible,fedavot_cvar,0.60,0.70,3,4000,500,0,,84.9526,tier5,117.119,75.7453,97.0828,91.4168,93.1354,117.119,imdbwiki_feasible_fedavot_cvar_a0.60_g0.70_seed3.csv.gz
imdbwiki,feasible,fedavot_cvar,0.60,0.70,4,4000,500,0,,84.7296,tier5,116.672,74.6451,98.9052,91.0383,95.7666,116.672,imdbwiki_feasible_fedavot_cvar_a0.60_g0.70_seed4.csv.gz
imdbwiki,feasible,fedavot_cvar,0.60,0.80,0,4000,500,0,,84.4101,tier5,118.864,73.9493,99.0219,92.8885,95.5903,118.864,imdbwiki_feasible_fedavot_cvar_a0.60_g0.80_seed0.csv.gz
imdbwiki,feasible,fedavot_cvar,0.60,0.80,1,4000,500,0,,84.6803,tier5,117.736,74.5656,98.3779,94.3044,95.5076,117.736,imdbwiki_feasible_fedavot_cvar_a0.60_g0.80_seed1.csv.gz
imdbwiki,feasible,fedavot_cvar,0.60,0.80,2,4000,500,0,,84.5338,tier5,117.488,73.4815,98.5815,94.3665,93.5456,117.488,imdbwiki_feasible_fedavot_cvar_a0.60_g0.80_seed2.csv.gz
imdbwiki,feasible,fedavot_cvar,0.60,0.80,3,4000,500,0,,84.7186,tier5,117.197,75.3451,96.9889,91.2308,92.0087,117.197,imdbwiki_feasible_fedavot_cvar_a0.60_g0.80_seed3.csv.gz
imdbwiki,feasible,fedavot_cvar,0.60,0.80,4,4000,500,0,,84.4359,tier5,116.626,74.142,98.7721,90.8198,94.4053,116.626,imdbwiki_feasible_fedavot_cvar_a0.60_g0.80_seed4.csv.gz
imdbwiki,feasible,fedavot_cvar,0.60,0.90,0,4000,500,0,,84.1794,tier5,119.11,73.5045,98.9461,92.8049,94.1727,119.11,imdbwiki_feasible_fedavot_cvar_a0.60_g0.90_seed0.csv.gz
imdbwiki,feasible,fedavot_cvar,0.60,0.90,1,4000,500,0,,84.4396,tier5,117.692,74.1075,98.304,94.0615,94.2555,117.692,imdbwiki_feasible_fedavot_cvar_a0.60_g0.90_seed1.csv.gz
imdbwiki,feasible,fedavot_cvar,0.60,0.90,2,4000,500,0,,84.3849,tier5,117.625,73.0543,98.7798,94.1882,92.3107,117.625,imdbwiki_feasible_fedavot_cvar_a0.60_g0.90_seed2.csv.gz
imdbwiki,feasible,fedavot_cvar,0.60,0.90,3,4000,500,0,,84.5927,tier5,117.428,75.0303,96.9754,91.1694,90.8332,117.428,imdbwiki_feasible_fedavot_cvar_a0.60_g0.90_seed3.csv.gz
imdbwiki,feasible,fedavot_cvar,0.60,0.90,4,4000,500,0,,84.2413,tier5,116.758,73.6761,98.7987,90.6955,93.0348,116.758,imdbwiki_feasible_fedavot_cvar_a0.60_g0.90_seed4.csv.gz
imdbwiki,feasible,fedavot_cvar,0.60,1.00,0,4000,500,0,,84.0814,tier5,119.27,73.2652,98.9961,92.5357,93.2116,119.27,imdbwiki_feasible_fedavot_cvar_a0.60_g1.00_seed0.csv.gz
imdbwiki,feasible,fedavot_cvar,0.60,1.00,1,4000,500,0,,84.302,tier5,117.643,73.84,98.2856,93.7356,93.2413,117.643,imdbwiki_feasible_fedavot_cvar_a0.60_g1.00_seed1.csv.gz
imdbwiki,feasible,fedavot_cvar,0.60,1.00,2,4000,500,0,,84.324,tier5,117.637,72.8038,99.0182,93.9169,91.4057,117.637,imdbwiki_feasible_fedavot_cvar_a0.60_g1.00_seed2.csv.gz
imdbwiki,feasible,fedavot_cvar,0.60,1.00,3,4000,500,0,,84.5148,tier5,117.54,74.7981,97.0665,90.9868,89.9497,117.54,imdbwiki_feasible_fedavot_cvar_a0.60_g1.00_seed3.csv.gz
imdbwiki,feasible,fedavot_cvar,0.60,1.00,4,4000,500,0,,84.1701,tier5,116.836,73.4469,98.8833,90.5061,92.0802,116.836,imdbwiki_feasible_fedavot_cvar_a0.60_g1.00_seed4.csv.gz
imdbwiki,feasible,fedavot_cvar,0.70,0.10,0,4000,500,0,,85.9698,tier5,118.803,76.2002,99.8975,94.4178,100.667,118.803,imdbwiki_feasible_fedavot_cvar_a0.70_g0.10_seed0.csv.gz
imdbwiki,feasible,fedavot_cvar,0.70,0.10,1,4000,500,0,,86.25,tier5,118.311,76.7984,99.3653,96.2579,100.429,118.311,imdbwiki_feasible_fedavot_cvar_a0.70_g0.10_seed1.csv.gz
imdbwiki,feasible,fedavot_cvar,0.70,0.10,2,4000,500,0,,85.9137,tier5,118.041,75.7937,98.6394,96.3255,98.6869,118.041,imdbwiki_feasible_fedavot_cvar_a0.70_g0.10_seed2.csv.gz
imdbwiki,feasible,fedavot_cvar,0.70,0.10,3,4000,500,0,,86.0113,tier5,117.296,77.286,97.6462,92.6448,96.6797,117.296,imdbwiki_feasible_fedavot_cvar_a0.70_g0.10_seed3.csv.gz
imdbwiki,feasible,fedavot_cvar,0.70,0.10,4,4000,500,0,,86.1028,tier5,117.26,76.6019,99.679,92.7963,100.426,117.26,imdbwiki_feasible_fedavot_cvar_a0.70_g0.10_seed4.csv.gz
imdbwiki,feasible,fedavot_cvar,0.70,0.20,0,4000,500,0,,85.6725,tier5,118.697,75.823,99.6632,94.1458,99.8408,118.697,imdbwiki_feasible_fedavot_cvar_a0.70_g0.20_seed0.csv.gz
imdbwiki,feasible,fedavot_cvar,0.70,0.20,1,4000,500,0,,85.9413,tier5,118.161,76.3854,99.1361,95.9287,99.6273,118.161,imdbwiki_feasible_fedavot_cvar_a0.70_g0.20_seed1.csv.gz
imdbwiki,feasible,fedavot_cvar,0.70,0.20,2,4000,500,0,,85.6579,tier5,117.936,75.42,98.5436,96.0416,97.943,117.936,imdbwiki_feasible_fedavot_cvar_a0.70_g0.20_seed2.csv.gz
imdbwiki,feasible,fedavot_cvar,0.70,0.20,3,4000,500,0,,85.7638,tier5,117.231,76.9272,97.5154,92.4313,95.9201,117.231,imdbwiki_feasible_fedavot_cvar_a0.70_g0.20_seed3.csv.gz
imdbwiki,feasible,fedavot_cvar,0.70,0.20,4,4000,500,0,,85.7854,tier5,117.135,76.1665,99.4693,92.4959,99.5208,117.135,imdbwiki_feasible_fedavot_cvar_a0.70_g0.20_seed4.csv.gz
imdbwiki,feasible,fedavot_cvar,0.70,0.30,0,4000,500,0,,85.3769,tier5,118.65,75.4014,99.5075,93.8879,99.0187,118.65,imdbwiki_feasible_fedavot_cvar_a0.70_g0.30_seed0.csv.gz
imdbwiki,feasible,fedavot_cvar,0.70,0.30,1,4000,500,0,,85.661,tier5,118.064,76.0009,98.9409,95.6343,98.8634,118.064,imdbwiki_feasible_fedavot_cvar_a0.70_g0.30_seed1.csv.gz
imdbwiki,feasible,fedavot_cvar,0.70,0.30,2,4000,500,0,,85.4051,tier5,117.873,75.0507,98.4228,95.7462,97.162,117.873,imdbwiki_feasible_fedavot_cvar_a0.70_g0.30_seed2.csv.gz
imdbwiki,feasible,fedavot_cvar,0.70,0.30,3,4000,500,0,,85.5227,tier5,117.218,76.587,97.3607,92.225,95.1731,117.218,imdbwiki_feasible_fedavot_cvar_a0.70_g0.30_seed3.csv.gz
imdbwiki,feasible,fedavot_cvar,0.70,0.30,4,4000,500,0,,85.4875,tier5,117.01,75.7339,99.3054,92.1994,98.5696,117.01,imdbwiki_feasible_fedavot_cvar_a0.70_g0.30_seed4.csv.gz
imdbwiki,feasible,fedavot_cvar,0.70,0.40,0,4000,500,0,,85.1039,tier5,118.607,75.0218,99.3137,93.6655,98.1799,118.607,imdbwiki_feasible_fedavot_cvar_a0.70_g0.40_seed0.csv.gz
imdbwiki,feasible,fedavot_cvar,0.70,0.40,1,4000,500,0,,85.3981,tier5,117.952,75.632,98.7727,95.3268,98.0925,117.952,imdbwiki_feasible_fedavot_cvar_a0.70_g0.40_seed1.csv.gz
imdbwiki,feasible,fedavot_cvar,0.70,0.40,2,4000,500,0,,85.1713,tier5,117.777,74.6703,98.3895,95.4519,96.3528,117.777,imdbwiki_feasible_fedavot_cvar_a0.70_g0.40_seed2.csv.gz
imdbwiki,feasible,fedavot_cvar,0.70,0.40,3,4000,500,0,,85.3041,tier5,117.191,76.2685,97.2421,92.0134,94.4497,117.191,imdbwiki_feasible_fedavot_cvar_a0.70_g0.40_seed3.csv.gz
imdbwiki,feasible,fedavot_cvar,0.70,0.40,4,4000,500,0,,85.2004,tier5,116.879,75.3357,99.1122,91.88,97.6194,116.879,imdbwiki_feasible_fedavot_cvar_a0.70_g0.40_seed4.csv.gz
imdbwiki,feasible,fedavot_cvar,0.70,0.50,0,4000,500,0,,84.8496,tier5,118.627,74.6575,99.1577,93.4602,97.3689,118.627,imdbwiki_feasible_fedavot_cvar_a0.70_g0.50_seed0.csv.gz
imdbwiki,feasible,fedavot_cvar,0.70,0.50,1,4000,500,0,,85.1479,tier5,117.874,75.2775,98.6068,95.0423,97.3434,117.874,imdbwiki_feasible_fedavot_cvar_a0.70_g0.50_seed1.csv.gz
imdbwiki,feasible,fedavot_cvar,0.70,0.50,2,4000,500,0,,84.9425,tier5,117.705,74.3014,98.3471,95.153,95.5154,117.705,imdbwiki_feasible_fedavot_cvar_a0.70_g0.50_seed2.csv.gz
imdbwiki,feasible,fedavot_cvar,0.70,0.50,3,4000,500,0,,85.0969,tier5,117.222,75.958,97.1091,91.8572,93.7427,117.222,imdbwiki_feasible_fedavot_cvar_a0.70_g0.50_seed3.csv.gz
imdbwiki,feasible,fedavot_cvar,0.70,0.50,4,4000,500,0,,84.9419,tier5,116.792,74.9472,98.9684,91.5958,96.6784,116.792,imdbwiki_feasible_fedavot_cvar_a0.70_g0.50_seed4.csv.gz
imdbwiki,feasible,fedavot_cvar,0.70,0.60,0,4000,500,0,,84.6175,tier5,118.686,74.3163,99.0138,93.28,96.5514,118.686,imdbwiki_feasible_fedavot_cvar_a0.70_g0.60_seed0.csv.gz
imdbwiki,feasible,fedavot_cvar,0.70,0.60,1,4000,500,0,,84.9174,tier5,117.817,74.9289,98.4799,94.7769,96.5692,117.817,imdbwiki_feasible_fedavot_cvar_a0.70_g0.60_seed1.csv.gz
imdbwiki,feasible,fedavot_cvar,0.70,0.60,2,4000,500,0,,84.7344,tier5,117.66,73.9362,98.3583,94.8517,94.6785,117.66,imdbwiki_feasible_fedavot_cvar_a0.70_g0.60_seed2.csv.gz
imdbwiki,feasible,fedavot_cvar,0.70,0.60,3,4000,500,0,,84.9199,tier5,117.25,75.6814,97.0143,91.6852,93.0296,117.25,imdbwiki_feasible_fedavot_cvar_a0.70_g0.60_seed3.csv.gz
imdbwiki,feasible,fedavot_cvar,0.70,0.60,4,4000,500,0,,84.6964,tier5,116.733,74.5737,98.835,91.3058,95.7122,116.733,imdbwiki_feasible_fedavot_cvar_a0.70_g0.60_seed4.csv.gz
imdbwiki,feasible,fedavot_cvar,0.70,0.70,0,4000,500,0,,84.4168,tier5,118.809,73.9838,98.941,93.1133,95.7018,118.809,imdbwiki_feasible_fedavot_cvar_a0.70_g0.70_seed0.csv.gz
imdbwiki,feasible,fedavot_cvar,0.70,0.70,1,4000,500,0,,84.7113,tier5,117.751,74.5903,98.3881,94.5371,95.7675,117.751,imdbwiki_feasible_fedavot_cvar_a0.70_g0.70_seed1.csv.gz
imdbwiki,feasible,fedavot_cvar,0.70,0.70,2,4000,500,0,,84.5611,tier5,117.613,73.5824,98.4498,94.5818,93.84,117.613,imdbwiki_feasible_fedavot_cvar_a0.70_g0.70_seed2.csv.gz
imdbwiki,feasible,fedavot_cvar,0.70,0.70,3,4000,500,0,,84.7624,tier5,117.3,75.4109,96.9488,91.501,92.2571,117.3,imdbwiki_feasible_fedavot_cvar_a0.70_g0.70_seed3.csv.gz
imdbwiki,feasible,fedavot_cvar,0.70,0.70,4,4000,500,0,,84.4836,tier5,116.674,74.2073,98.7648,91.0568,94.7414,116.674,imdbwiki_feasible_fedavot_cvar_a0.70_g0.70_seed4.csv.gz
imdbwiki,feasible,fedavot_cvar,0.70,0.80,0,4000,500,0,,84.2492,tier5,118.983,73.6654,98.9219,92.9582,94.7715,118.983,imdbwiki_feasible_fedavot_cvar_a0.70_g0.80_seed0.csv.gz
imdbwiki,feasible,fedavot_cvar,0.70,0.80,1,4000,500,0,,84.5302,tier5,117.703,74.2818,98.3207,94.2612,94.8881,117.703,imdbwiki_feasible_fedavot_cvar_a0.70_g0.80_seed1.csv.gz
imdbwiki,feasible,fedavot_cvar,0.70,0.80,2,4000,500,0,,84.4281,tier5,117.597,73.2382,98.6157,94.3467,92.9319,117.597,imdbwiki_feasible_fedavot_cvar_a0.70_g0.80_seed2.csv.gz
imdbwiki,feasible,fedavot_cvar,0.70,0.80,3,4000,500,0,,84.6429,tier5,117.379,75.1579,96.9438,91.3376,91.4086,117.379,imdbwiki_feasible_fedavot_cvar_a0.70_g0.80_seed3.csv.gz
imdbwiki,feasible,fedavot_cvar,0.70,0.80,4,4000,500,0,,84.3094,tier5,116.697,73.8581,98.7432,90.8542,93.7405,116.697,imdbwiki_feasible_fedavot_cvar_a0.70_g0.80_seed4.csv.gz
imdbwiki,feasible,fedavot_cvar,0.70,0.90,0,4000,500,0,,84.1329,tier5,119.232,73.3519,99.0081,92.7141,93.6094,119.232,imdbwiki_feasible_fedavot_cvar_a0.70_g0.90_seed0.csv.gz
imdbwiki,feasible,fedavot_cvar,0.70,0.90,1,4000,500,0,,84.3687,tier5,117.603,73.9837,98.2718,93.878,93.6591,117.603,imdbwiki_feasible_fedavot_cvar_a0.70_g0.90_seed1.csv.gz
imdbwiki,feasible,fedavot_cvar,0.70,0.90,2,4000,500,0,,84.3604,tier5,117.63,72.9307,98.8834,94.1032,91.8071,117.63,imdbwiki_feasible_fedavot_cvar_a0.70_g0.90_seed2.csv.gz
imdbwiki,feasible,fedavot_cvar,0.70,0.90,3,4000,500,0,,84.5729,tier5,117.487,74.9291,97.0343,91.1102,90.3311,117.487,imdbwiki_feasible_fedavot_cvar_a0.70_g0.90_seed3.csv.gz
imdbwiki,feasible,fedavot_cvar,0.70,0.90,4,4000,500,0,,84.2097,tier5,116.809,73.5452,98.8388,90.6721,92.546,116.809,imdbwiki_feasible_fedavot_cvar_a0.70_g0.90_seed4.csv.gz
imdbwiki,feasible,fedavot_cvar,0.70,1.00,0,4000,500,0,,84.0814,tier5,119.27,73.2652,98.9961,92.5357,93.2116,119.27,imdbwiki_feasible_fedavot_cvar_a0.70_g1.00_seed0.csv.gz
imdbwiki,feasible,fedavot_cvar,0.70,1.00,1,4000,500,0,,84.302,tier5,117.643,73.84,98.2856,93.7356,93.2413,117.643,imdbwiki_feasible_fedavot_cvar_a0.70_g1.00_seed1.csv.gz
imdbwiki,feasible,fedavot_cvar,0.70,1.00,2,4000,500,0,,84.324,tier5,117.637,72.8038,99.0182,93.9169,91.4057,117.637,imdbwiki_feasible_fedavot_cvar_a0.70_g1.00_seed2.csv.gz
imdbwiki,feasible,fedavot_cvar,0.70,1.00,3,4000,500,0,,84.5148,tier5,117.54,74.7981,97.0665,90.9868,89.9497,117.54,imdbwiki_feasible_fedavot_cvar_a0.70_g1.00_seed3.csv.gz
imdbwiki,feasible,fedavot_cvar,0.70,1.00,4,4000,500,0,,84.1701,tier5,116.836,73.4469,98.8833,90.5061,92.0802,116.836,imdbwiki_feasible_fedavot_cvar_a0.70_g1.00_seed4.csv.gz
imdbwiki,feasible,fedavot_cvar,0.80,0.10,0,4000,500,0,,85.0296,tier5,118.652,74.9131,99.2038,94.1134,98.2149,118.652,imdbwiki_feasible_fedavot_cvar_a0.80_g0.10_seed0.csv.gz
imdbwiki,feasible,fedavot_cvar,0.80,0.10,1,4000,500,0,,85.3335,tier5,117.717,75.5758,98.6527,95.5567,98.0741,117.717,imdbwiki_feasible_fedavot_cvar_a0.80_g0.10_seed1.csv.gz
imdbwiki,feasible,fedavot_cvar,0.80,0.10,2,4000,500,0,,85.1107,tier5,117.648,74.5798,98.291,95.7858,96.3238,117.648,imdbwiki_feasible_fedavot_cvar_a0.80_g0.10_seed2.csv.gz
imdbwiki,feasible,fedavot_cvar,0.80,0.10,3,4000,500,0,,85.268,tier5,117.235,76.2505,97.0859,92.4549,94.4679,117.235,imdbwiki_feasible_fedavot_cvar_a0.80_g0.10_seed3.csv.gz
imdbwiki,feasible,fedavot_cvar,0.80,0.10,4,4000,500,0,,85.1112,tier5,116.801,75.238,98.823,92.4336,97.8404,116.801,imdbwiki_feasible_fedavot_cvar_a0.80_g0.10_seed4.csv.gz
imdbwiki,feasible,fedavot_cvar,0.80,0.20,0,4000,500,0,,84.8746,tier5,118.665,74.6897,99.1131,93.9565,97.6563,118.665,imdbwiki_feasible_fedavot_cvar_a0.80_g0.20_seed0.csv.gz
imdbwiki,feasible,fedavot_cvar,0.80,0.20,1,4000,500,0,,85.1746,tier5,117.671,75.3349,98.5785,95.3248,97.5423,117.671,imdbwiki_feasible_fedavot_cvar_a0.80_g0.20_seed1.csv.gz
imdbwiki,feasible,fedavot_cvar,0.80,0.20,2,4000,500,0,,84.9543,tier5,117.629,74.3218,98.2838,95.5421,95.7882,117.629,imdbwiki_feasible_fedavot_cvar_a0.80_g0.20_seed2.csv.gz
imdbwiki,feasible,fedavot_cvar,0.80,0.20,3,4000,500,0,,85.1323,tier5,117.276,76.0427,97.0026,92.2747,93.9527,117.276,imdbwiki_feasible_fedavot_cvar_a0.80_g0.20_seed3.csv.gz
imdbwiki,feasible,fedavot_cvar,0.80,0.20,4,4000,500,0,,84.9446,tier5,116.747,74.985,98.7422,92.1891,97.1945,116.747,imdbwiki_feasible_fedavot_cvar_a0.80_g0.20_seed4.csv.gz
imdbwiki,feasible,fedavot_cvar,0.80,0.30,0,4000,500,0,,84.7168,tier5,118.688,74.4497,99.0459,93.7805,97.0609,118.688,imdbwiki_feasible_fedavot_cvar_a0.80_g0.30_seed0.csv.gz
imdbwiki,feasible,fedavot_cvar,0.80,0.30,1,4000,500,0,,85.0063,tier5,117.634,75.091,98.4796,95.0729,96.9713,117.634,imdbwiki_feasible_fedavot_cvar_a0.80_g0.30_seed1.csv.gz
imdbwiki,feasible,fedavot_cvar,0.80,0.30,2,4000,500,0,,84.8161,tier5,117.615,74.0779,98.2968,95.3038,95.207,117.615,imdbwiki_feasible_fedavot_cvar_a0.80_g0.30_seed2.csv.gz
imdbwiki,feasible,fedavot_cvar,0.80,0.30,3,4000,500,0,,85.0081,tier5,117.295,75.8205,96.9844,92.0983,93.4206,117.295,imdbwiki_feasible_fedavot_cvar_a0.80_g0.30_seed3.csv.gz
imdbwiki,feasible,fedavot_cvar,0.80,0.30,4,4000,500,0,,84.7843,tier5,116.706,74.7268,98.689,91.939,96.5183,116.706,imdbwiki_feasible_fedavot_cvar_a0.80_g0.30_seed4.csv.gz
imdbwiki,feasible,fedavot_cvar,0.80,0.40,0,4000,500,0,,84.5759,tier5,118.771,74.2193,99.0016,93.6152,96.486,118.771,imdbwiki_feasible_fedavot_cvar_a0.80_g0.40_seed0.csv.gz
imdbwiki,feasible,fedavot_cvar,0.80,0.40,1,4000,500,0,,84.8676,tier5,117.619,74.8718,98.4136,94.8708,96.459,117.619,imdbwiki_feasible_fedavot_cvar_a0.80_g0.40_seed1.csv.gz
imdbwiki,feasible,fedavot_cvar,0.80,0.40,2,4000,500,0,,84.6907,tier5,117.6,73.8385,98.3256,95.0857,94.6458,117.6,imdbwiki_feasible_fedavot_cvar_a0.80_g0.40_seed2.csv.gz
imdbwiki,feasible,fedavot_cvar,0.80,0.40,3,4000,500,0,,84.8969,tier5,117.319,75.6348,96.9451,91.9277,92.9246,117.319,imdbwiki_feasible_fedavot_cvar_a0.80_g0.40_seed3.csv.gz
imdbwiki,feasible,fedavot_cvar,0.80,0.40,4,4000,500,0,,84.6317,tier5,116.671,74.4766,98.6427,91.6872,95.8287,116.671,imdbwiki_feasible_fedavot_cvar_a0.80_g0.40_seed4.csv.gz
imdbwiki,feasible,fedavot_cvar,0.80,0.50,0,4000,500,0,,84.4353,tier5,118.827,73.9842,98.959,93.4306,95.8755,118.827,imdbwiki_feasible_fedavot_cvar_a0.80_g0.50_seed0.csv.gz
imdbwiki,feasible,fedavot_cvar,0.80,0.50,1,4000,500,0,,84.7334,tier5,117.589,74.6601,98.3549,94.6561,95.9203,117.589,imdbwiki_feasible_fedavot_cvar_a0.80_g0.50_seed1.csv.gz
imdbwiki,feasible,fedavot_cvar,0.80,0.50,2,4000,500,0,,84.579,tier5,117.585,73.6072,98.3916,94.8727,94.0833,117.585,imdbwiki_feasible_fedavot_cvar_a0.80_g0.50_seed2.csv.gz
imdbwiki,feasible,fedavot_cvar,0.80,0.50,3,4000,500,0,,84.7958,tier5,117.333,75.4429,96.9399,91.7678,92.3866,117.333,imdbwiki_feasible_fedavot_cvar_a0.80_g0.50_seed3.csv.gz
imdbwiki,feasible,fedavot_cvar,0.80,0.50,4,4000,500,0,,84.4984,tier5,116.667,74.2364,98.6364,91.4653,95.1596,116.667,imdbwiki_feasible_fedavot_cvar_a0.80_g0.50_seed4.csv.gz
imdbwiki,feasible,fedavot_cvar,0.80,0.60,0,4000,500,0,,84.314,tier5,118.94,73.761,98.9506,93.2333,95.2462,118.94,imdbwiki_feasible_fedavot_cvar_a0.80_g0.60_seed0.csv.gz
imdbwiki,feasible,fedavot_cvar,0.80,0.60,1,4000,500,0,,84.6147,tier5,117.58,74.4664,98.3073,94.4491,95.3762,117.58,imdbwiki_feasible_fedavot_cvar_a0.80_g0.60_seed1.csv.gz
imdbwiki,feasible,fedavot_cvar,0.80,0.60,2,4000,500,0,,84.4847,tier5,117.579,73.3966,98.474,94.66,93.4984,117.579,imdbwiki_feasible_fedavot_cvar_a0.80_g0.60_seed2.csv.gz
imdbwiki,feasible,fedavot_cvar,0.80,0.60,3,4000,500,0,,84.7094,tier5,117.363,75.2845,96.922,91.6118,91.862,117.363,imdbwiki_feasible_fedavot_cvar_a0.80_g0.60_seed3.csv.gz
imdbwiki,feasible,fedavot_cvar,0.80,0.60,4,4000,500,0,,84.3816,tier5,116.665,74.0073,98.6498,91.2383,94.4509,116.665,imdbwiki_feasible_fedavot_cvar_a0.80_g0.60_seed4.csv.gz
imdbwiki,feasible,fedavot_cvar,0.80,0.70,0,4000,500,0,,84.217,tier5,119.063,73.5559,98.9727,93.0488,94.6336,119.063,imdbwiki_feasible_fedavot_cvar_a0.80_g0.70_seed0.csv.gz
imdbwiki,feasible,fedavot_cvar,0.80,0.70,1,4000,500,0,,84.4988,tier5,117.595,74.2593,98.2778,94.2422,94.7599,117.595,imdbwiki_feasible_fedavot_cvar_a0.80_g0.70_seed1.csv.gz
imdbwiki,feasible,fedavot_cvar,0.80,0.70,2,4000,500,0,,84.407,tier5,117.584,73.1869,98.5903,94.459,92.8779,117.584,imdbwiki_feasible_fedavot_cvar_a0.80_g0.70_seed2.csv.gz
imdbwiki,feasible,fedavot_cvar,0.80,0.70,3,4000,500,0,,84.635,tier5,117.401,75.1255,96.9379,91.4378,91.3034,117.401,imdbwiki_feasible_fedavot_cvar_a0.80_g0.70_seed3.csv.gz
imdbwiki,feasible,fedavot_cvar,0.80,0.70,4,4000,500,0,,84.2849,tier5,116.707,73.7896,98.6913,91.037,93.7491,116.707,imdbwiki_feasible_fedavot_cvar_a0.80_g0.70_seed4.csv.gz
imdbwiki,feasible,fedavot_cvar,0.80,0.80,0,4000,500,0,,84.151,tier5,119.18,73.3974,98.9975,92.8362,93.9241,119.18,imdbwiki_feasible_fedavot_cvar_a0.80_g0.80_seed0.csv.gz
imdbwiki,feasible,fedavot_cvar,0.80,0.80,1,4000,500,0,,84.3951,tier5,117.549,74.0628,98.2527,93.977,93.983,117.549,imdbwiki_feasible_fedavot_cvar_a0.80_g0.80_seed1.csv.gz
imdbwiki,feasible,fedavot_cvar,0.80,0.80,2,4000,500,0,,84.3576,tier5,117.583,73.0009,98.7647,94.2067,92.1485,117.583,imdbwiki_feasible_fedavot_cvar_a0.80_g0.80_seed2.csv.gz
imdbwiki,feasible,fedavot_cvar,0.80,0.80,3,4000,500,0,,84.5834,tier5,117.435,74.9888,96.9877,91.2084,90.6181,117.435,imdbwiki_feasible_fedavot_cvar_a0.80_g0.80_seed3.csv.gz
imdbwiki,feasible,fedavot_cvar,0.80,0.80,4,4000,500,0,,84.22,tier5,116.763,73.603,98.7797,90.803,92.9355,116.763,imdbwiki_feasible_fedavot_cvar_a0.80_g0.80_seed4.csv.gz
imdbwiki,feasible,fedavot_cvar,0.80,0.90,0,4000,500,0,,84.1117,tier5,119.31,73.2951,99.018,92.5792,93.2873,119.31,imdbwiki_feasible_fedavot_cvar_a0.80_g0.90_seed0.csv.gz
imdbwiki,feasible,fedavot_cvar,0.80,0.90,1,4000,500,0,,84.3367,tier5,117.683,73.8834,98.2958,93.7718,93.3272,117.683,imdbwiki_feasible_fedavot_cvar_a0.80_g0.90_seed1.csv.gz
imdbwiki,feasible,fedavot_cvar,0.80,0.90,2,4000,500,0,,84.363,tier5,117.68,72.8456,99.0266,93.9908,91.4841,117.68,imdbwiki_feasible_fedavot_cvar_a0.80_g0.90_seed2.csv.gz
imdbwiki,feasible,fedavot_cvar,0.80,0.90,3,4000,500,0,,84.552,tier5,117.534,74.8588,97.0739,91.0037,90.0353,117.534,imdbwiki_feasible_fedavot_cvar_a0.80_g0.90_seed3.csv.gz
imdbwiki,feasible,fedavot_cvar,0.80,0.90,4,4000,500,0,,84.1948,tier5,116.819,73.489,98.8757,90.5614,92.1814,116.819,imdbwiki_feasible_fedavot_cvar_a0.80_g0.90_seed4.csv.gz
imdbwiki,feasible,fedavot_cvar,0.80,1.00,0,4000,500,0,,84.0814,tier5,119.27,73.2652,98.9961,92.5357,93.2116,119.27,imdbwiki_feasible_fedavot_cvar_a0.80_g1.00_seed0.csv.gz
imdbwiki,feasible,fedavot_cvar,0.80,1.00,1,4000,500,0,,84.302,tier5,117.643,73.84,98.2856,93.7356,93.2413,117.643,imdbwiki_feasible_fedavot_cvar_a0.80_g1.00_seed1.csv.gz
imdbwiki,feasible,fedavot_cvar,0.80,1.00,2,4000,500,0,,84.324,tier5,117.637,72.8038,99.0182,93.9169,91.4057,117.637,imdbwiki_feasible_fedavot_cvar_a0.80_g1.00_seed2.csv.gz
imdbwiki,feasible,fedavot_cvar,0.80,1.00,3,4000,500,0,,84.5148,tier5,117.54,74.7981,97.0665,90.9868,89.9497,117.54,imdbwiki_feasible_fedavot_cvar_a0.80_g1.00_seed3.csv.gz
imdbwiki,feasible,fedavot_cvar,0.80,1.00,4,4000,500,0,,84.1701,tier5,116.836,73.4469,98.8833,90.5061,92.0802,116.836,imdbwiki_feasible_fedavot_cvar_a0.80_g1.00_seed4.csv.gz
imdbwiki,feasible,fedavot_cvar,0.90,0.10,0,4000,500,0,,84.4143,tier5,118.99,73.9003,98.973,93.5782,95.7202,118.99,imdbwiki_feasible_fedavot_cvar_a0.90_g0.10_seed0.csv.gz
imdbwiki,feasible,fedavot_cvar,0.90,0.10,1,4000,500,0,,84.6736,tier5,117.406,74.6032,98.2799,94.6076,95.6423,117.406,imdbwiki_feasible_fedavot_cvar_a0.90_g0.10_seed1.csv.gz
imdbwiki,feasible,fedavot_cvar,0.90,0.10,2,4000,500,0,,84.5457,tier5,117.353,73.5204,98.4479,94.9183,93.8208,117.353,imdbwiki_feasible_fedavot_cvar_a0.90_g0.10_seed2.csv.gz
imdbwiki,feasible,fedavot_cvar,0.90,0.10,3,4000,500,0,,84.791,tier5,117.217,75.4957,96.8747,91.7557,91.9534,117.217,imdbwiki_feasible_fedavot_cvar_a0.90_g0.10_seed3.csv.gz
imdbwiki,feasible,fedavot_cvar,0.90,0.10,4,4000,500,0,,84.4641,tier5,116.522,74.2043,98.4948,91.6719,95.0826,116.522,imdbwiki_feasible_fedavot_cvar_a0.90_g0.10_seed4.csv.gz
imdbwiki,feasible,fedavot_cvar,0.90,0.20,0,4000,500,0,,84.3577,tier5,119.008,73.8032,98.9647,93.4448,95.3887,119.008,imdbwiki_feasible_fedavot_cvar_a0.90_g0.20_seed0.csv.gz
imdbwiki,feasible,fedavot_cvar,0.90,0.20,1,4000,500,0,,84.6082,tier5,117.394,74.491,98.2602,94.4817,95.3192,117.394,imdbwiki_feasible_fedavot_cvar_a0.90_g0.20_seed1.csv.gz
imdbwiki,feasible,fedavot_cvar,0.90,0.20,2,4000,500,0,,84.4992,tier5,117.368,73.4207,98.4831,94.7775,93.4996,117.368,imdbwiki_feasible_fedavot_cvar_a0.90_g0.20_seed2.csv.gz
imdbwiki,feasible,fedavot_cvar,0.90,0.20,3,4000,500,0,,84.7449,tier5,117.228,75.4022,96.8729,91.6631,91.6876,117.228,imdbwiki_feasible_fedavot_cvar_a0.90_g0.20_seed3.csv.gz
imdbwiki,feasible,fedavot_cvar,0.90,0.20,4,4000,500,0,,84.3983,tier5,116.54,74.0762,98.5263,91.4881,94.682,116.54,imdbwiki_feasible_fedavot_cvar_a0.90_g0.20_seed4.csv.gz
imdbwiki,feasible,fedavot_cvar,0.90,0.30,0,4000,500,0,,84.3012,tier5,118.995,73.7138,98.9508,93.2866,95.0481,118.995,imdbwiki_feasible_fedavot_cvar_a0.90_g0.30_seed0.csv.gz
imdbwiki,feasible,fedavot_cvar,0.90,0.30,1,4000,500,0,,84.5522,tier5,117.396,74.3913,98.2409,94.3763,95.0365,117.396,imdbwiki_feasible_fedavot_cvar_a0.90_g0.30_seed1.csv.gz
imdbwiki,feasible,fedavot_cvar,0.90,0.30,2,4000,500,0,,84.4573,tier5,117.387,73.3217,98.5382,94.6279,93.1794,117.387,imdbwiki_feasible_fedavot_cvar_a0.90_g0.30_seed2.csv.gz
imdbwiki,feasible,fedavot_cvar,0.90,0.30,3,4000,500,0,,84.7033,tier5,117.248,75.3052,96.8927,91.5675,91.4354,117.248,imdbwiki_feasible_fedavot_cvar_a0.90_g0.30_seed3.csv.gz
imdbwiki,feasible,fedavot_cvar,0.90,0.30,4,4000,500,0,,84.3417,tier5,116.555,73.9578,98.5674,91.3184,94.288,116.555,imdbwiki_feasible_fedavot_cvar_a0.90_g0.30_seed4.csv.gz
imdbwiki,feasible,fedavot_cvar,0.90,0.40,0,4000,500,0,,84.2514,tier5,119.01,73.6312,98.9414,93.134,94.7043,119.01,imdbwiki_feasible_fedavot_cvar_a0.90_g0.40_seed0.csv.gz
imdbwiki,feasible,fedavot_cvar,0.90,0.40,1,4000,500,0,,84.4979,tier5,117.396,74.2948,98.2239,94.2584,94.7292,117.396,imdbwiki_feasible_fedavot_cvar_a0.90_g0.40_seed1.csv.gz
imdbwiki,feasible,fedavot_cvar,0.90,0.40,2,4000,500,0,,84.4198,tier5,117.399,73.2312,98.5841,94.4892,92.8718,117.399,imdbwiki_feasible_fedavot_cvar_a0.90_g0.40_seed2.csv.gz
imdbwiki,feasible,fedavot_cvar,0.90,0.40,3,4000,500,0,,84.6642,tier5,117.263,75.22,96.9034,91.4593,91.1668,117.263,imdbwiki_feasible_fedavot_cvar_a0.90_g0.40_seed3.csv.gz
imdbwiki,feasible,fedavot_cvar,0.90,0.40,4,4000,500,0,,84.2944,tier5,116.572,73.8566,98.6067,91.1479,93.888,116.572,imdbwiki_feasible_fedavot_cvar_a0.90_g0.40_seed4.csv.gz
imdbwiki,feasible,fedavot_cvar,0.90,0.50,0,4000,500,0,,84.2096,tier5,119.039,73.558,98.9393,92.9856,94.3689,119.039,imdbwiki_feasible_fedavot_cvar_a0.90_g0.50_seed0.csv.gz
imdbwiki,feasible,fedavot_cvar,0.90,0.50,1,4000,500,0,,84.4501,tier5,117.429,74.1943,98.2254,94.1476,94.4125,117.429,imdbwiki_feasible_fedavot_cvar_a0.90_g0.50_seed1.csv.gz
imdbwiki,feasible,fedavot_cvar,0.90,0.50,2,4000,500,0,,84.3926,tier5,117.433,73.1371,98.6635,94.3677,92.5537,117.433,imdbwiki_feasible_fedavot_cvar_a0.90_g0.50_seed2.csv.gz
imdbwiki,feasible,fedavot_cvar,0.90,0.50,3,4000,500,0,,84.6313,tier5,117.293,75.1349,96.9317,91.3593,90.907,117.293,imdbwiki_feasible_fedavot_cvar_a0.90_g0.50_seed3.csv.gz
imdbwiki,feasible,fedavot_cvar,0.90,0.50,4,4000,500,0,,84.2554,tier5,116.595,73.7625,98.6478,90.985,93.4563,116.595,imdbwiki_feasible_fedavot_cvar_a0.90_g0.50_seed4.csv.gz
imdbwiki,feasible,fedavot_cvar,0.90,0.60,0,4000,500,0,,84.1744,tier5,119.109,73.4807,98.9523,92.8429,94.0092,119.109,imdbwiki_feasible_fedavot_cvar_a0.90_g0.60_seed0.csv.gz
imdbwiki,feasible,fedavot_cvar,0.90,0.60,1,4000,500,0,,84.408,tier5,117.482,74.093,98.2347,94.0404,94.0701,117.482,imdbwiki_feasible_fedavot_cvar_a0.90_g0.60_seed1.csv.gz
imdbwiki,feasible,fedavot_cvar,0.90,0.60,2,4000,500,0,,84.3785,tier5,117.476,73.0432,98.7759,94.255,92.213,117.476,imdbwiki_feasible_fedavot_cvar_a0.90_g0.60_seed2.csv.gz
imdbwiki,feasible,fedavot_cvar,0.90,0.60,3,4000,500,0,,84.6011,tier5,117.339,75.0493,96.9651,91.2491,90.6301,117.339,imdbwiki_feasible_fedavot_cvar_a0.90_g0.60_seed3.csv.gz
imdbwiki,feasible,fedavot_cvar,0.90,0.60,4,4000,500,0,,84.2262,tier5,116.622,73.6756,98.7029,90.8205,92.9889,116.622,imdbwiki_feasible_fedavot_cvar_a0.90_g0.60_seed4.csv.gz
imdbwiki,feasible,fedavot_cvar,0.90,0.70,0,4000,500,0,,84.1365,tier5,119.23,73.3661,98.9914,92.6954,93.5971,119.23,imdbwiki_feasible_fedavot_cvar_a0.90_g0.70_seed0.csv.gz
imdbwiki,feasible,fedavot_cvar,0.90,0.70,1,4000,500,0,,84.369,tier5,117.602,73.9714,98.2788,93.893,93.6428,117.602,imdbwiki_feasible_fedavot_cvar_a0.90_g0.70_seed1.csv.gz
imdbwiki,feasible,fedavot_cvar,0.90,0.70,2,4000,500,0,,84.3778,tier5,117.544,72.9355,98.9391,94.137,91.8137,117.544,imdbwiki_feasible_fedavot_cvar_a0.90_g0.70_seed2.csv.gz
imdbwiki,feasible,fedavot_cvar,0.90,0.70,3,4000,500,0,,84.5704,tier5,117.422,74.9429,97.0232,91.1093,90.3088,117.422,imdbwiki_feasible_fedavot_cvar_a0.90_g0.70_seed3.csv.gz
imdbwiki,feasible,fedavot_cvar,0.90,0.70,4,4000,500,0,,84.2054,tier5,116.683,73.5847,98.7727,90.6886,92.5702,116.683,imdbwiki_feasible_fedavot_cvar_a0.90_g0.70_seed4.csv.gz
imdbwiki,feasible,fedavot_cvar,0.90,0.80,0,4000,500,0,,84.1082,tier5,119.308,73.2909,99.0151,92.5717,93.2823,119.308,imdbwiki_feasible_fedavot_cvar_a0.90_g0.80_seed0.csv.gz
imdbwiki,feasible,fedavot_cvar,0.90,0.80,1,4000,500,0,,84.3334,tier5,117.681,73.8799,98.2895,93.7701,93.3404,117.681,imdbwiki_feasible_fedavot_cvar_a0.90_g0.80_seed1.csv.gz
imdbwiki,feasible,fedavot_cvar,0.90,0.80,2,4000,500,0,,84.3586,tier5,117.685,72.8378,99.0237,93.9793,91.4818,117.685,imdbwiki_feasible_fedavot_cvar_a0.90_g0.80_seed2.csv.gz
imdbwiki,feasible,fedavot_cvar,0.90,0.80,3,4000,500,0,,84.5475,tier5,117.547,74.8446,97.0709,90.9972,90.0218,117.547,imdbwiki_feasible_fedavot_cvar_a0.90_g0.80_seed3.csv.gz
imdbwiki,feasible,fedavot_cvar,0.90,0.80,4,4000,500,0,,84.1926,tier5,116.836,73.4781,98.8807,90.548,92.1504,116.836,imdbwiki_feasible_fedavot_cvar_a0.90_g0.80_seed4.csv.gz
imdbwiki,feasible,fedavot_cvar,0.90,0.90,0,4000,500,0,,84.0945,tier5,119.29,73.2777,99.0088,92.5536,93.2277,119.29,imdbwiki_feasible_fedavot_cvar_a0.90_g0.90_seed0.csv.gz
imdbwiki,feasible,fedavot_cvar,0.90,0.90,1,4000,500,0,,84.3171,tier5,117.661,73.8582,98.2942,93.7491,93.2594,117.661,imdbwiki_feasible_fedavot_cvar_a0.90_g0.90_seed1.csv.gz
imdbwiki,feasible,fedavot_cvar,0.90,0.90,2,4000,500,0,,84.3413,tier5,117.661,72.8201,99.0283,93.9455,91.4157,117.661,imdbwiki_feasible_fedavot_cvar_a0.90_g0.90_seed2.csv.gz
imdbwiki,feasible,fedavot_cvar,0.90,0.90,3,4000,500,0,,84.5322,tier5,117.548,74.8204,97.0753,90.9897,89.9615,117.548,imdbwiki_feasible_fedavot_cvar_a0.90_g0.90_seed3.csv.gz
imdbwiki,feasible,fedavot_cvar,0.90,0.90,4,4000,500,0,,84.1828,tier5,116.853,73.4589,98.896,90.5173,92.0858,116.853,imdbwiki_feasible_fedavot_cvar_a0.90_g0.90_seed4.csv.gz
imdbwiki,feasible,fedavot_cvar,0.90,1.00,0,4000,500,0,,84.0814,tier5,119.27,73.2652,98.9961,92.5357,93.2116,119.27,imdbwiki_feasible_fedavot_cvar_a0.90_g1.00_seed0.csv.gz
imdbwiki,feasible,fedavot_cvar,0.90,1.00,1,4000,500,0,,84.302,tier5,117.643,73.84,98.2856,93.7356,93.2413,117.643,imdbwiki_feasible_fedavot_cvar_a0.90_g1.00_seed1.csv.gz
imdbwiki,feasible,fedavot_cvar,0.90,1.00,2,4000,500,0,,84.324,tier5,117.637,72.8038,99.0182,93.9169,91.4057,117.637,imdbwiki_feasible_fedavot_cvar_a0.90_g1.00_seed2.csv.gz
imdbwiki,feasible,fedavot_cvar,0.90,1.00,3,4000,500,0,,84.5148,tier5,117.54,74.7981,97.0665,90.9868,89.9497,117.54,imdbwiki_feasible_fedavot_cvar_a0.90_g1.00_seed3.csv.gz
imdbwiki,feasible,fedavot_cvar,0.90,1.00,4,4000,500,0,,84.1701,tier5,116.836,73.4469,98.8833,90.5061,92.0802,116.836,imdbwiki_feasible_fedavot_cvar_a0.90_g1.00_seed4.csv.gz
imdbwiki,feasible,fedavot_cvar,1.00,0.10,0,4000,500,0,,84.0814,tier5,119.27,73.2652,98.9961,92.5357,93.2116,119.27,imdbwiki_feasible_fedavot_cvar_a1.00_g0.10_seed0.csv.gz
imdbwiki,feasible,fedavot_cvar,1.00,0.10,1,4000,500,0,,84.302,tier5,117.643,73.84,98.2856,93.7356,93.2413,117.643,imdbwiki_feasible_fedavot_cvar_a1.00_g0.10_seed1.csv.gz
imdbwiki,feasible,fedavot_cvar,1.00,0.10,2,4000,500,0,,84.324,tier5,117.637,72.8038,99.0182,93.9169,91.4057,117.637,imdbwiki_feasible_fedavot_cvar_a1.00_g0.10_seed2.csv.gz
imdbwiki,feasible,fedavot_cvar,1.00,0.10,3,4000,500,0,,84.5148,tier5,117.54,74.7981,97.0665,90.9868,89.9497,117.54,imdbwiki_feasible_fedavot_cvar_a1.00_g0.10_seed3.csv.gz
imdbwiki,feasible,fedavot_cvar,1.00,0.10,4,4000,500,0,,84.1701,tier5,116.836,73.4469,98.8833,90.5061,92.0802,116.836,imdbwiki_feasible_fedavot_cvar_a1.00_g0.10_seed4.csv.gz
imdbwiki,feasible,fedavot_cvar,1.00,0.20,0,4000,500,0,,84.0814,tier5,119.27,73.2652,98.9961,92.5357,93.2116,119.27,imdbwiki_feasible_fedavot_cvar_a1.00_g0.20_seed0.csv.gz
imdbwiki,feasible,fedavot_cvar,1.00,0.20,1,4000,500,0,,84.302,tier5,117.643,73.84,98.2856,93.7356,93.2413,117.643,imdbwiki_feasible_fedavot_cvar_a1.00_g0.20_seed1.csv.gz
imdbwiki,feasible,fedavot_cvar,1.00,0.20,2,4000,500,0,,84.324,tier5,117.637,72.8038,99.0182,93.9169,91.4057,117.637,imdbwiki_feasible_fedavot_cvar_a1.00_g0.20_seed2.csv.gz
imdbwiki,feasible,fedavot_cvar,1.00,0.20,3,4000,500,0,,84.5148,tier5,117.54,74.7981,97.0665,90.9868,89.9497,117.54,imdbwiki_feasible_fedavot_cvar_a1.00_g0.20_seed3.csv.gz
imdbwiki,feasible,fedavot_cvar,1.00,0.20,4,4000,500,0,,84.1701,tier5,116.836,73.4469,98.8833,90.5061,92.0802,116.836,imdbwiki_feasible_fedavot_cvar_a1.00_g0.20_seed4.csv.gz
imdbwiki,feasible,fedavot_cvar,1.00,0.30,0,4000,500,0,,84.0814,tier5,119.27,73.2652,98.9961,92.5357,93.2116,119.27,imdbwiki_feasible_fedavot_cvar_a1.00_g0.30_seed0.csv.gz
imdbwiki,feasible,fedavot_cvar,1.00,0.30,1,4000,500,0,,84.302,tier5,117.643,73.84,98.2856,93.7356,93.2413,117.643,imdbwiki_feasible_fedavot_cvar_a1.00_g0.30_seed1.csv.gz
imdbwiki,feasible,fedavot_cvar,1.00,0.30,2,4000,500,0,,84.324,tier5,117.637,72.8038,99.0182,93.9169,91.4057,117.637,imdbwiki_feasible_fedavot_cvar_a1.00_g0.30_seed2.csv.gz
imdbwiki,feasible,fedavot_cvar,1.00,0.30,3,4000,500,0,,84.5148,tier5,117.54,74.7981,97.0665,90.9868,89.9497,117.54,imdbwiki_feasible_fedavot_cvar_a1.00_g0.30_seed3.csv.gz
imdbwiki,feasible,fedavot_cvar,1.00,0.30,4,4000,500,0,,84.1701,tier5,116.836,73.4469,98.8833,90.5061,92.0802,116.836,imdbwiki_feasible_fedavot_cvar_a1.00_g0.30_seed4.csv.gz
imdbwiki,feasible,fedavot_cvar,1.00,0.40,0,4000,500,0,,84.0814,tier5,119.27,73.2652,98.9961,92.5357,93.2116,119.27,imdbwiki_feasible_fedavot_cvar_a1.00_g0.40_seed0.csv.gz
imdbwiki,feasible,fedavot_cvar,1.00,0.40,1,4000,500,0,,84.302,tier5,117.643,73.84,98.2856,93.7356,93.2413,117.643,imdbwiki_feasible_fedavot_cvar_a1.00_g0.40_seed1.csv.gz
imdbwiki,feasible,fedavot_cvar,1.00,0.40,2,4000,500,0,,84.324,tier5,117.637,72.8038,99.0182,93.9169,91.4057,117.637,imdbwiki_feasible_fedavot_cvar_a1.00_g0.40_seed2.csv.gz
imdbwiki,feasible,fedavot_cvar,1.00,0.40,3,4000,500,0,,84.5148,tier5,117.54,74.7981,97.0665,90.9868,89.9497,117.54,imdbwiki_feasible_fedavot_cvar_a1.00_g0.40_seed3.csv.gz
imdbwiki,feasible,fedavot_cvar,1.00,0.40,4,4000,500,0,,84.1701,tier5,116.836,73.4469,98.8833,90.5061,92.0802,116.836,imdbwiki_feasible_fedavot_cvar_a1.00_g0.40_seed4.csv.gz
imdbwiki,feasible,fedavot_cvar,1.00,0.50,0,4000,500,0,,84.0814,tier5,119.27,73.2652,98.9961,92.5357,93.2116,119.27,imdbwiki_feasible_fedavot_cvar_a1.00_g0.50_seed0.csv.gz
imdbwiki,feasible,fedavot_cvar,1.00,0.50,1,4000,500,0,,84.302,tier5,117.643,73.84,98.2856,93.7356,93.2413,117.643,imdbwiki_feasible_fedavot_cvar_a1.00_g0.50_seed1.csv.gz
imdbwiki,feasible,fedavot_cvar,1.00,0.50,2,4000,500,0,,84.324,tier5,117.637,72.8038,99.0182,93.9169,91.4057,117.637,imdbwiki_feasible_fedavot_cvar_a1.00_g0.50_seed2.csv.gz
imdbwiki,feasible,fedavot_cvar,1.00,0.50,3,4000,500,0,,84.5148,tier5,117.54,74.7981,97.0665,90.9868,89.9497,117.54,imdbwiki_feasible_fedavot_cvar_a1.00_g0.50_seed3.csv.gz
imdbwiki,feasible,fedavot_cvar,1.00,0.50,4,4000,500,0,,84.1701,tier5,116.836,73.4469,98.8833,90.5061,92.0802,116.836,imdbwiki_feasible_fedavot_cvar_a1.00_g0.50_seed4.csv.gz
imdbwiki,feasible,fedavot_cvar,1.00,0.60,0,4000,500,0,,84.0814,tier5,119.27,73.2652,98.9961,92.5357,93.2116,119.27,imdbwiki_feasible_fedavot_cvar_a1.00_g0.60_seed0.csv.gz
imdbwiki,feasible,fedavot_cvar,1.00,0.60,1,4000,500,0,,84.302,tier5,117.643,73.84,98.2856,93.7356,93.2413,117.643,imdbwiki_feasible_fedavot_cvar_a1.00_g0.60_seed1.csv.gz
imdbwiki,feasible,fedavot_cvar,1.00,0.60,2,4000,500,0,,84.324,tier5,117.637,72.8038,99.0182,93.9169,91.4057,117.637,imdbwiki_feasible_fedavot_cvar_a1.00_g0.60_seed2.csv.gz
imdbwiki,feasible,fedavot_cvar,1.00,0.60,3,4000,500,0,,84.5148,tier5,117.54,74.7981,97.0665,90.9868,89.9497,117.54,imdbwiki_feasible_fedavot_cvar_a1.00_g0.60_seed3.csv.gz
imdbwiki,feasible,fedavot_cvar,1.00,0.60,4,4000,500,0,,84.1701,tier5,116.836,73.4469,98.8833,90.5061,92.0802,116.836,imdbwiki_feasible_fedavot_cvar_a1.00_g0.60_seed4.csv.gz
imdbwiki,feasible,fedavot_cvar,1.00,0.70,0,4000,500,0,,84.0814,tier5,119.27,73.2652,98.9961,92.5357,93.2116,119.27,imdbwiki_feasible_fedavot_cvar_a1.00_g0.70_seed0.csv.gz
imdbwiki,feasible,fedavot_cvar,1.00,0.70,1,4000,500,0,,84.302,tier5,117.643,73.84,98.2856,93.7356,93.2413,117.643,imdbwiki_feasible_fedavot_cvar_a1.00_g0.70_seed1.csv.gz
imdbwiki,feasible,fedavot_cvar,1.00,0.70,2,4000,500,0,,84.324,tier5,117.637,72.8038,99.0182,93.9169,91.4057,117.637,imdbwiki_feasible_fedavot_cvar_a1.00_g0.70_seed2.csv.gz
imdbwiki,feasible,fedavot_cvar,1.00,0.70,3,4000,500,0,,84.5148,tier5,117.54,74.7981,97.0665,90.9868,89.9497,117.54,imdbwiki_feasible_fedavot_cvar_a1.00_g0.70_seed3.csv.gz
imdbwiki,feasible,fedavot_cvar,1.00,0.70,4,4000,500,0,,84.1701,tier5,116.836,73.4469,98.8833,90.5061,92.0802,116.836,imdbwiki_feasible_fedavot_cvar_a1.00_g0.70_seed4.csv.gz
imdbwiki,feasible,fedavot_cvar,1.00,0.80,0,4000,500,0,,84.0814,tier5,119.27,73.2652,98.9961,92.5357,93.2116,119.27,imdbwiki_feasible_fedavot_cvar_a1.00_g0.80_seed0.csv.gz
imdbwiki,feasible,fedavot_cvar,1.00,0.80,1,4000,500,0,,84.302,tier5,117.643,73.84,98.2856,93.7356,93.2413,117.643,imdbwiki_feasible_fedavot_cvar_a1.00_g0.80_seed1.csv.gz
imdbwiki,feasible,fedavot_cvar,1.00,0.80,2,4000,500,0,,84.324,tier5,117.637,72.8038,99.0182,93.9169,91.4057,117.637,imdbwiki_feasible_fedavot_cvar_a1.00_g0.80_seed2.csv.gz
imdbwiki,feasible,fedavot_cvar,1.00,0.80,3,4000,500,0,,84.5148,tier5,117.54,74.7981,97.0665,90.9868,89.9497,117.54,imdbwiki_feasible_fedavot_cvar_a1.00_g0.80_seed3.csv.gz
imdbwiki,feasible,fedavot_cvar,1.00,0.80,4,4000,500,0,,84.1701,tier5,116.836,73.4469,98.8833,90.5061,92.0802,116.836,imdbwiki_feasible_fedavot_cvar_a1.00_g0.80_seed4.csv.gz
imdbwiki,feasible,fedavot_cvar,1.00,0.90,0,4000,500,0,,84.0814,tier5,119.27,73.2652,98.9961,92.5357,93.2116,119.27,imdbwiki_feasible_fedavot_cvar_a1.00_g0.90_seed0.csv.gz
imdbwiki,feasible,fedavot_cvar,1.00,0.90,1,4000,500,0,,84.302,tier5,117.643,73.84,98.2856,93.7356,93.2413,117.643,imdbwiki_feasible_fedavot_cvar_a1.00_g0.90_seed1.csv.gz
imdbwiki,feasible,fedavot_cvar,1.00,0.90,2,4000,500,0,,84.324,tier5,117.637,72.8038,99.0182,93.9169,91.4057,117.637,imdbwiki_feasible_fedavot_cvar_a1.00_g0.90_seed2.csv.gz
imdbwiki,feasible,fedavot_cvar,1.00,0.90,3,4000,500,0,,84.5148,tier5,117.54,74.7981,97.0665,90.9868,89.9497,117.54,imdbwiki_feasible_fedavot_cvar_a1.00_g0.90_seed3.csv.gz
imdbwiki,feasible,fedavot_cvar,1.00,0.90,4,4000,500,0,,84.1701,tier5,116.836,73.4469,98.8833,90.5061,92.0802,116.836,imdbwiki_feasible_fedavot_cvar_a1.00_g0.90_seed4.csv.gz
imdbwiki,feasible,fedavot_cvar,1.00,1.00,0,4000,500,0,,84.0814,tier5,119.27,73.2652,98.9961,92.5357,93.2116,119.27,imdbwiki_feasible_fedavot_cvar_a1.00_g1.00_seed0.csv.gz
imdbwiki,feasible,fedavot_cvar,1.00,1.00,1,4000,500,0,,84.302,tier5,117.643,73.84,98.2856,93.7356,93.2413,117.643,imdbwiki_feasible_fedavot_cvar_a1.00_g1.00_seed1.csv.gz
imdbwiki,feasible,fedavot_cvar,1.00,1.00,2,4000,500,0,,84.324,tier5,117.637,72.8038,99.0182,93.9169,91.4057,117.637,imdbwiki_feasible_fedavot_cvar_a1.00_g1.00_seed2.csv.gz
imdbwiki,feasible,fedavot_cvar,1.00,1.00,3,4000,500,0,,84.5148,tier5,117.54,74.7981,97.0665,90.9868,89.9497,117.54,imdbwiki_feasible_fedavot_cvar_a1.00_g1.00_seed3.csv.gz
imdbwiki,feasible,fedavot_cvar,1.00,1.00,4,4000,500,0,,84.1701,tier5,116.836,73.4469,98.8833,90.5061,92.0802,116.836,imdbwiki_feasible_fedavot_cvar_a1.00_g1.00_seed4.csv.gz
imdbwiki,feasible,fedcvar,0.10,0.10,0,4000,500,0,,105.266,tier5,122.959,103.368,110.414,94.8284,114.004,122.959,imdbwiki_feasible_fedcvar_a0.10_g0.10_seed0.csv.gz
imdbwiki,feasible,fedcvar,0.10,0.10,1,4000,500,0,,104.688,tier5,121.272,102.596,109.278,95.6446,113.51,121.272,imdbwiki_feasible_fedcvar_a0.10_g0.10_seed1.csv.gz
imdbwiki,feasible,fedcvar,0.10,0.10,2,4000,500,0,,103.915,tier5,118.505,102.203,106.939,95.8032,111.715,118.505,imdbwiki_feasible_fedcvar_a0.10_g0.10_seed2.csv.gz
imdbwiki,feasible,fedcvar,0.10,0.10,3,4000,500,0,,104.936,tier5,120.118,103.105,108.754,94.7332,112.028,120.118,imdbwiki_feasible_fedcvar_a0.10_g0.10_seed3.csv.gz
imdbwiki,feasible,fedcvar,0.10,0.10,4,4000,500,0,,105.515,tier5,120.478,103.665,110.16,94.3026,113.596,120.478,imdbwiki_feasible_fedcvar_a0.10_g0.10_seed4.csv.gz
imdbwiki,feasible,fedcvar,0.10,0.20,0,4000,500,0,,103.916,tier5,121.529,101.996,108.925,94.22,112.721,121.529,imdbwiki_feasible_fedcvar_a0.10_g0.20_seed0.csv.gz
imdbwiki,feasible,fedcvar,0.10,0.20,1,4000,500,0,,103.341,tier5,119.856,101.189,107.863,94.6436,111.548,119.856,imdbwiki_feasible_fedcvar_a0.10_g0.20_seed1.csv.gz
imdbwiki,feasible,fedcvar,0.10,0.20,2,4000,500,0,,102.48,tier5,117.316,100.672,105.28,94.9222,110.134,117.316,imdbwiki_feasible_fedcvar_a0.10_g0.20_seed2.csv.gz
imdbwiki,feasible,fedcvar,0.10,0.20,3,4000,500,0,,103.835,tier5,118.971,101.972,107.66,93.947,110.683,118.971,imdbwiki_feasible_fedcvar_a0.10_g0.20_seed3.csv.gz
imdbwiki,feasible,fedcvar,0.10,0.20,4,4000,500,0,,104.047,tier5,118.81,102.246,108.34,93.4251,112.032,118.81,imdbwiki_feasible_fedcvar_a0.10_g0.20_seed4.csv.gz
imdbwiki,feasible,fedcvar,0.10,0.30,0,4000,500,0,,102.339,tier5,119.655,100.342,107.092,93.2385,110.571,119.655,imdbwiki_feasible_fedcvar_a0.10_g0.30_seed0.csv.gz
imdbwiki,feasible,fedcvar,0.10,0.30,1,4000,500,0,,101.688,tier5,118.015,99.2885,106.409,93.3676,109.419,118.015,imdbwiki_feasible_fedcvar_a0.10_g0.30_seed1.csv.gz
imdbwiki,feasible,fedcvar,0.10,0.30,2,4000,500,0,,100.803,tier5,116.022,98.7464,103.721,93.9262,108.137,116.022,imdbwiki_feasible_fedcvar_a0.10_g0.30_seed2.csv.gz
imdbwiki,feasible,fedcvar,0.10,0.30,3,4000,500,0,,102.321,tier5,117.38,100.318,105.986,93.2441,108.828,117.38,imdbwiki_feasible_fedcvar_a0.10_g0.30_seed3.csv.gz
imdbwiki,feasible,fedcvar,0.10,0.30,4,4000,500,0,,102.359,tier5,117.297,100.418,106.487,92.5204,110.202,117.297,imdbwiki_feasible_fedcvar_a0.10_g0.30_seed4.csv.gz
imdbwiki,feasible,fedcvar,0.10,0.40,0,4000,500,0,,100.509,tier5,118.027,98.3259,105.108,91.8616,108.229,118.027,imdbwiki_feasible_fedcvar_a0.10_g0.40_seed0.csv.gz
imdbwiki,feasible,fedcvar,0.10,0.40,1,4000,500,0,,100.352,tier5,116.743,98.018,104.701,92.5787,107.747,116.743,imdbwiki_feasible_fedcvar_a0.10_g0.40_seed1.csv.gz
imdbwiki,feasible,fedcvar,0.10,0.40,2,4000,500,0,,98.9695,tier5,114.84,96.7084,101.801,92.8,106.286,114.84,imdbwiki_feasible_fedcvar_a0.10_g0.40_seed2.csv.gz
imdbwiki,feasible,fedcvar,0.10,0.40,3,4000,500,0,,100.69,tier5,116.139,98.6957,104.008,92.0397,106.787,116.139,imdbwiki_feasible_fedcvar_a0.10_g0.40_seed3.csv.gz
imdbwiki,feasible,fedcvar,0.10,0.40,4,4000,500,0,,100.436,tier5,115.906,98.3716,104.384,91.1772,108.084,115.906,imdbwiki_feasible_fedcvar_a0.10_g0.40_seed4.csv.gz
imdbwiki,feasible,fedcvar,0.10,0.50,0,4000,500,0,,98.4222,tier5,116.154,96.0724,102.784,90.4124,105.886,116.154,imdbwiki_feasible_fedcvar_a0.10_g0.50_seed0.csv.gz
imdbwiki,feasible,fedcvar,0.10,0.50,1,4000,500,0,,98.3501,tier5,114.909,95.9107,102.386,91.0282,105.25,114.909,imdbwiki_feasible_fedcvar_a0.10_g0.50_seed1.csv.gz
imdbwiki,feasible,fedcvar,0.10,0.50,2,4000,500,0,,97.0216,tier5,113.195,94.5673,99.8521,91.3855,103.686,113.195,imdbwiki_feasible_fedcvar_a0.10_g0.50_seed2.csv.gz
imdbwiki,feasible,fedcvar,0.10,0.50,3,4000,500,0,,98.4063,tier5,114.407,96.3337,101.577,90.1121,104.207,114.407,imdbwiki_feasible_fedcvar_a0.10_g0.50_seed3.csv.gz
imdbwiki,feasible,fedcvar,0.10,0.50,4,4000,500,0,,98.4738,tier5,114.363,96.2735,102.179,89.6599,105.632,114.363,imdbwiki_feasible_fedcvar_a0.10_g0.50_seed4.csv.gz
imdbwiki,feasible,fedcvar,0.10,0.60,0,4000,500,0,,95.9125,tier5,114.383,93.2196,100.389,88.6862,102.841,114.383,imdbwiki_feasible_fedcvar_a0.10_g0.60_seed0.csv.gz
imdbwiki,feasible,fedcvar,0.10,0.60,1,4000,500,0,,95.9994,tier5,112.986,93.4195,99.8792,88.8986,101.964,112.986,imdbwiki_feasible_fedcvar_a0.10_g0.60_seed1.csv.gz
imdbwiki,feasible,fedcvar,0.10,0.60,2,4000,500,0,,94.5141,tier5,111.597,91.6571,97.5562,89.3871,100.599,111.597,imdbwiki_feasible_fedcvar_a0.10_g0.60_seed2.csv.gz
imdbwiki,feasible,fedcvar,0.10,0.60,3,4000,500,0,,96.1201,tier5,112.517,93.9188,99.2392,87.7598,101.101,112.517,imdbwiki_feasible_fedcvar_a0.10_g0.60_seed3.csv.gz
imdbwiki,feasible,fedcvar,0.10,0.60,4,4000,500,0,,96.0596,tier5,112.894,93.6472,99.7563,87.6538,102.706,112.894,imdbwiki_feasible_fedcvar_a0.10_g0.60_seed4.csv.gz
imdbwiki,feasible,fedcvar,0.10,0.70,0,4000,500,0,,93.002,tier5,112.472,89.6541,98.036,86.3942,98.748,112.472,imdbwiki_feasible_fedcvar_a0.10_g0.70_seed0.csv.gz
imdbwiki,feasible,fedcvar,0.10,0.70,1,4000,500,0,,93.1988,tier5,110.987,90.169,97.2835,86.8848,97.924,110.987,imdbwiki_feasible_fedcvar_a0.10_g0.70_seed1.csv.gz
imdbwiki,feasible,fedcvar,0.10,0.70,2,4000,500,0,,91.6032,tier5,109.834,88.0226,95.365,86.9928,96.0967,109.834,imdbwiki_feasible_fedcvar_a0.10_g0.70_seed2.csv.gz
imdbwiki,feasible,fedcvar,0.10,0.70,3,4000,500,0,,93.2861,tier5,110.59,90.6812,96.5697,85.3291,96.6764,110.59,imdbwiki_feasible_fedcvar_a0.10_g0.70_seed3.csv.gz
imdbwiki,feasible,fedcvar,0.10,0.70,4,4000,500,0,,93.2522,tier5,110.943,90.3345,97.3877,85.0586,98.4991,110.943,imdbwiki_feasible_fedcvar_a0.10_g0.70_seed4.csv.gz
imdbwiki,feasible,fedcvar,0.10,0.80,0,4000,500,0,,89.9378,tier5,110.471,85.6636,95.8427,84.2811,93.6223,110.471,imdbwiki_feasible_fedcvar_a0.10_g0.80_seed0.csv.gz
imdbwiki,feasible,fedcvar,0.10,0.80,1,4000,500,0,,90.0885,tier5,109.085,86.1199,95.1683,84.5521,92.4141,109.085,imdbwiki_feasible_fedcvar_a0.10_g0.80_seed1.csv.gz
imdbwiki,feasible,fedcvar,0.10,0.80,2,4000,500,0,,88.9853,tier5,108.14,84.4887,93.7205,84.9178,91.2344,108.14,imdbwiki_feasible_fedcvar_a0.10_g0.80_seed2.csv.gz
imdbwiki,feasible,fedcvar,0.10,0.80,3,4000,500,0,,90.4452,tier5,108.693,87.0029,94.5648,82.96,91.1455,108.693,imdbwiki_feasible_fedcvar_a0.10_g0.80_seed3.csv.gz
imdbwiki,feasible,fedcvar,0.10,0.80,4,4000,500,0,,90.2033,tier5,108.928,86.2939,95.4641,82.8516,93.1314,108.928,imdbwiki_feasible_fedcvar_a0.10_g0.80_seed4.csv.gz
imdbwiki,feasible,fedcvar,0.10,0.90,0,4000,500,0,,87.2633,tier5,108.013,81.9581,94.1437,82.5297,87.2276,108.013,imdbwiki_feasible_fedcvar_a0.10_g0.90_seed0.csv.gz
imdbwiki,feasible,fedcvar,0.10,0.90,1,4000,500,0,,87.4532,tier5,107.168,82.4109,93.6374,83.0315,86.2043,107.168,imdbwiki_feasible_fedcvar_a0.10_g0.90_seed1.csv.gz
imdbwiki,feasible,fedcvar,0.10,0.90,2,4000,500,0,,87.0414,tier5,106.674,81.525,92.8446,83.4423,85.6284,106.674,imdbwiki_feasible_fedcvar_a0.10_g0.90_seed2.csv.gz
imdbwiki,feasible,fedcvar,0.10,0.90,3,4000,500,0,,88.0653,tier5,106.948,83.5751,93.2604,81.3217,85.1616,106.948,imdbwiki_feasible_fedcvar_a0.10_g0.90_seed3.csv.gz
imdbwiki,feasible,fedcvar,0.10,0.90,4,4000,500,0,,87.5587,tier5,106.632,82.6147,93.8547,80.9429,86.6228,106.632,imdbwiki_feasible_fedcvar_a0.10_g0.90_seed4.csv.gz
imdbwiki,feasible,fedcvar,0.10,1.00,0,4000,500,0,,86.0104,tier5,107.985,79.3383,93.8702,81.0518,79.384,107.985,imdbwiki_feasible_fedcvar_a0.10_g1.00_seed0.csv.gz
imdbwiki,feasible,fedcvar,0.10,1.00,1,4000,500,0,,86.1475,tier5,107.595,79.7291,93.5272,81.7357,78.733,107.595,imdbwiki_feasible_fedcvar_a0.10_g1.00_seed1.csv.gz
imdbwiki,feasible,fedcvar,0.10,1.00,2,4000,500,0,,86.2754,tier5,107.514,79.3199,93.6086,82.0818,78.6285,107.514,imdbwiki_feasible_fedcvar_a0.10_g1.00_seed2.csv.gz
imdbwiki,feasible,fedcvar,0.10,1.00,3,4000,500,0,,86.9785,tier5,107.76,81.1092,93.4093,80.1155,78.0107,107.76,imdbwiki_feasible_fedcvar_a0.10_g1.00_seed3.csv.gz
imdbwiki,feasible,fedcvar,0.10,1.00,4,4000,500,0,,86.4461,tier5,107.385,79.9567,94.1567,79.6929,78.6824,107.385,imdbwiki_feasible_fedcvar_a0.10_g1.00_seed4.csv.gz
imdbwiki,feasible,fedcvar,0.20,0.10,0,4000,500,0,,103.357,tier5,120.754,101.07,108.355,94.7185,112.053,120.754,imdbwiki_feasible_fedcvar_a0.20_g0.10_seed0.csv.gz
imdbwiki,feasible,fedcvar,0.20,0.10,1,4000,500,0,,102.685,tier5,118.981,100.474,106.573,95.2194,111.408,118.981,imdbwiki_feasible_fedcvar_a0.20_g0.10_seed1.csv.gz
imdbwiki,feasible,fedcvar,0.20,0.10,2,4000,500,0,,102.305,tier5,116.894,100.547,104.392,95.3323,110.084,116.894,imdbwiki_feasible_fedcvar_a0.20_g0.10_seed2.csv.gz
imdbwiki,feasible,fedcvar,0.20,0.10,3,4000,500,0,,103.266,tier5,117.748,101.475,106.045,94.0035,109.932,117.748,imdbwiki_feasible_fedcvar_a0.20_g0.10_seed3.csv.gz
imdbwiki,feasible,fedcvar,0.20,0.10,4,4000,500,0,,103.954,tier5,118.397,102.251,107.725,93.4679,112.824,118.397,imdbwiki_feasible_fedcvar_a0.20_g0.10_seed4.csv.gz
imdbwiki,feasible,fedcvar,0.20,0.20,0,4000,500,0,,101.666,tier5,119.016,99.2263,106.609,93.7616,109.82,119.016,imdbwiki_feasible_fedcvar_a0.20_g0.20_seed0.csv.gz
imdbwiki,feasible,fedcvar,0.20,0.20,1,4000,500,0,,100.819,tier5,116.975,98.5014,104.649,93.8209,108.442,116.975,imdbwiki_feasible_fedcvar_a0.20_g0.20_seed1.csv.gz
imdbwiki,feasible,fedcvar,0.20,0.20,2,4000,500,0,,100.323,tier5,115.15,98.3136,102.491,94.0119,107.279,115.15,imdbwiki_feasible_fedcvar_a0.20_g0.20_seed2.csv.gz
imdbwiki,feasible,fedcvar,0.20,0.20,3,4000,500,0,,101.689,tier5,116.046,99.6729,104.608,92.8898,107.334,116.046,imdbwiki_feasible_fedcvar_a0.20_g0.20_seed3.csv.gz
imdbwiki,feasible,fedcvar,0.20,0.20,4,4000,500,0,,101.907,tier5,116.297,100.025,105.746,92.0675,110.102,116.297,imdbwiki_feasible_fedcvar_a0.20_g0.20_seed4.csv.gz
imdbwiki,feasible,fedcvar,0.20,0.30,0,4000,500,0,,99.5649,tier5,117.141,96.965,104.367,92.2586,106.983,117.141,imdbwiki_feasible_fedcvar_a0.20_g0.30_seed0.csv.gz
imdbwiki,feasible,fedcvar,0.20,0.30,1,4000,500,0,,98.7983,tier5,115.058,96.1583,102.934,92.3383,105.489,115.058,imdbwiki_feasible_fedcvar_a0.20_g0.30_seed1.csv.gz
imdbwiki,feasible,fedcvar,0.20,0.30,2,4000,500,0,,98.2138,tier5,113.304,95.9257,100.415,92.6244,104.48,113.304,imdbwiki_feasible_fedcvar_a0.20_g0.30_seed2.csv.gz
imdbwiki,feasible,fedcvar,0.20,0.30,3,4000,500,0,,99.5837,tier5,114.185,97.3082,102.62,91.4319,104.417,114.185,imdbwiki_feasible_fedcvar_a0.20_g0.30_seed3.csv.gz
imdbwiki,feasible,fedcvar,0.20,0.30,4,4000,500,0,,99.6861,tier5,114.301,97.6601,103.385,90.6366,107.17,114.301,imdbwiki_feasible_fedcvar_a0.20_g0.30_seed4.csv.gz
imdbwiki,feasible,fedcvar,0.20,0.40,0,4000,500,0,,97.1752,tier5,114.782,94.3276,101.846,90.6374,103.701,114.782,imdbwiki_feasible_fedcvar_a0.20_g0.40_seed0.csv.gz
imdbwiki,feasible,fedcvar,0.20,0.40,1,4000,500,0,,96.5688,tier5,112.938,93.5316,100.955,90.7564,102.019,112.938,imdbwiki_feasible_fedcvar_a0.20_g0.40_seed1.csv.gz
imdbwiki,feasible,fedcvar,0.20,0.40,2,4000,500,0,,95.9212,tier5,111.347,93.286,98.2573,90.9279,101.147,111.347,imdbwiki_feasible_fedcvar_a0.20_g0.40_seed2.csv.gz
imdbwiki,feasible,fedcvar,0.20,0.40,3,4000,500,0,,97.3424,tier5,112.121,94.8546,100.407,89.7612,101.216,112.121,imdbwiki_feasible_fedcvar_a0.20_g0.40_seed3.csv.gz
imdbwiki,feasible,fedcvar,0.20,0.40,4,4000,500,0,,97.0485,tier5,111.984,94.6338,100.92,88.7378,103.575,111.984,imdbwiki_feasible_fedcvar_a0.20_g0.40_seed4.csv.gz
imdbwiki,feasible,fedcvar,0.20,0.50,0,4000,500,0,,94.6317,tier5,112.215,91.4383,99.3912,88.6919,99.8816,112.215,imdbwiki_feasible_fedcvar_a0.20_g0.50_seed0.csv.gz
imdbwiki,feasible,fedcvar,0.20,0.50,1,4000,500,0,,94.2732,tier5,110.826,90.9197,98.7713,89.0506,98.5824,110.826,imdbwiki_feasible_fedcvar_a0.20_g0.50_seed1.csv.gz
imdbwiki,feasible,fedcvar,0.20,0.50,2,4000,500,0,,93.6779,tier5,109.344,90.5954,96.3366,89.2214,97.8038,109.344,imdbwiki_feasible_fedcvar_a0.20_g0.50_seed2.csv.gz
imdbwiki,feasible,fedcvar,0.20,0.50,3,4000,500,0,,94.9074,tier5,110.064,92.0901,98.1709,87.7957,97.4831,110.064,imdbwiki_feasible_fedcvar_a0.20_g0.50_seed3.csv.gz
imdbwiki,feasible,fedcvar,0.20,0.50,4,4000,500,0,,94.4222,tier5,109.742,91.5557,98.5508,86.783,99.7161,109.742,imdbwiki_feasible_fedcvar_a0.20_g0.50_seed4.csv.gz
imdbwiki,feasible,fedcvar,0.20,0.60,0,4000,500,0,,92.0709,tier5,110.086,88.4133,97.1357,86.6626,95.8588,110.086,imdbwiki_feasible_fedcvar_a0.20_g0.60_seed0.csv.gz
imdbwiki,feasible,fedcvar,0.20,0.60,1,4000,500,0,,92.0489,tier5,108.966,88.295,96.8586,87.2393,94.9194,108.966,imdbwiki_feasible_fedcvar_a0.20_g0.60_seed1.csv.gz
imdbwiki,feasible,fedcvar,0.20,0.60,2,4000,500,0,,91.4446,tier5,107.63,87.788,94.7471,87.3818,94.1213,107.63,imdbwiki_feasible_fedcvar_a0.20_g0.60_seed2.csv.gz
imdbwiki,feasible,fedcvar,0.20,0.60,3,4000,500,0,,92.5447,tier5,108.144,89.339,96.1819,85.6627,93.6788,108.144,imdbwiki_feasible_fedcvar_a0.20_g0.60_seed3.csv.gz
imdbwiki,feasible,fedcvar,0.20,0.60,4,4000,500,0,,91.9229,tier5,107.84,88.5113,96.5675,84.7224,95.5858,107.84,imdbwiki_feasible_fedcvar_a0.20_g0.60_seed4.csv.gz
imdbwiki,feasible,fedcvar,0.20,0.70,0,4000,500,0,,89.8016,tier5,108.253,85.5426,95.3949,84.7165,91.7396,108.253,imdbwiki_feasible_fedcvar_a0.20_g0.70_seed0.csv.gz
imdbwiki,feasible,fedcvar,0.20,0.70,1,4000,500,0,,90.0018,tier5,107.379,85.7736,95.2701,85.4745,91.2763,107.379,imdbwiki_feasible_fedcvar_a0.20_g0.70_seed1.csv.gz
imdbwiki,feasible,fedcvar,0.20,0.70,2,4000,500,0,,89.3497,tier5,106.373,84.9681,93.6076,85.5521,90.2173,106.373,imdbwiki_feasible_fedcvar_a0.20_g0.70_seed2.csv.gz
imdbwiki,feasible,fedcvar,0.20,0.70,3,4000,500,0,,90.5074,tier5,106.806,86.8587,94.5907,83.7409,90.0063,106.806,imdbwiki_feasible_fedcvar_a0.20_g0.70_seed3.csv.gz
imdbwiki,feasible,fedcvar,0.20,0.70,4,4000,500,0,,89.708,tier5,106.505,85.6351,95.0564,82.8144,91.2997,106.505,imdbwiki_feasible_fedcvar_a0.20_g0.70_seed4.csv.gz
imdbwiki,feasible,fedcvar,0.20,0.80,0,4000,500,0,,87.8118,tier5,107.12,82.7443,94.2587,82.9114,87.4128,107.12,imdbwiki_feasible_fedcvar_a0.20_g0.80_seed0.csv.gz
imdbwiki,feasible,fedcvar,0.20,0.80,1,4000,500,0,,88.1442,tier5,106.466,83.2481,94.0966,83.8398,87.254,106.466,imdbwiki_feasible_fedcvar_a0.20_g0.80_seed1.csv.gz
imdbwiki,feasible,fedcvar,0.20,0.80,2,4000,500,0,,87.6258,tier5,105.604,82.3647,93.0459,83.8615,86.1492,105.604,imdbwiki_feasible_fedcvar_a0.20_g0.80_seed2.csv.gz
imdbwiki,feasible,fedcvar,0.20,0.80,3,4000,500,0,,88.6882,tier5,106.103,84.3497,93.5627,82.0247,85.9395,106.103,imdbwiki_feasible_fedcvar_a0.20_g0.80_seed3.csv.gz
imdbwiki,feasible,fedcvar,0.20,0.80,4,4000,500,0,,87.9169,tier5,105.755,83.0169,94.1859,81.1983,86.9343,105.755,imdbwiki_feasible_fedcvar_a0.20_g0.80_seed4.csv.gz
imdbwiki,feasible,fedcvar,0.20,0.90,0,4000,500,0,,86.472,tier5,107.029,80.5284,93.7981,81.4635,83.1448,107.029,imdbwiki_feasible_fedcvar_a0.20_g0.90_seed0.csv.gz
imdbwiki,feasible,fedcvar,0.20,0.90,1,4000,500,0,,86.7157,tier5,106.505,81.006,93.4889,82.3914,82.747,106.505,imdbwiki_feasible_fedcvar_a0.20_g0.90_seed1.csv.gz
imdbwiki,feasible,fedcvar,0.20,0.90,2,4000,500,0,,86.553,tier5,105.972,80.3557,93.1076,82.544,82.0288,105.972,imdbwiki_feasible_fedcvar_a0.20_g0.90_seed2.csv.gz
imdbwiki,feasible,fedcvar,0.20,0.90,3,4000,500,0,,87.4166,tier5,106.366,82.2603,93.1971,80.5934,81.6283,106.366,imdbwiki_feasible_fedcvar_a0.20_g0.90_seed3.csv.gz
imdbwiki,feasible,fedcvar,0.20,0.90,4,4000,500,0,,86.7727,tier5,106.009,80.9964,93.9642,79.947,82.4822,106.009,imdbwiki_feasible_fedcvar_a0.20_g0.90_seed4.csv.gz
imdbwiki,feasible,fedcvar,0.20,1.00,0,4000,500,0,,86.0104,tier5,107.985,79.3383,93.8702,81.0518,79.384,107.985,imdbwiki_feasible_fedcvar_a0.20_g1.00_seed0.csv.gz
imdbwiki,feasible,fedcvar,0.20,1.00,1,4000,500,0,,86.1475,tier5,107.595,79.7291,93.5272,81.7357,78.733,107.595,imdbwiki_feasible_fedcvar_a0.20_g1.00_seed1.csv.gz
imdbwiki,feasible,fedcvar,0.20,1.00,2,4000,500,0,,86.2754,tier5,107.514,79.3199,93.6086,82.0818,78.6285,107.514,imdbwiki_feasible_fedcvar_a0.20_g1.00_seed2.csv.gz
imdbwiki,feasible,fedcvar,0.20,1.00,3,4000,500,0,,86.9785,tier5,107.76,81.1092,93.4093,80.1155,78.0107,107.76,imdbwiki_feasible_fedcvar_a0.20_g1.00_seed3.csv.gz
imdbwiki,feasible,fedcvar,0.20,1.00,4,4000,500,0,,86.4461,tier5,107.385,79.9567,94.1567,79.6929,78.6824,107.385,imdbwiki_feasible_fedcvar_a0.20_g1.00_seed4.csv.gz
imdbwiki,feasible,fedcvar,0.30,0.10,0,4000,500,0,,97.4641,tier5,114.265,94.5606,102.078,90.3538,103.66,114.265,imdbwiki_feasible_fedcvar_a0.30_g0.10_seed0.csv.gz
imdbwiki,feasible,fedcvar,0.30,0.10,1,4000,500,0,,97.1658,tier5,113.132,94.1689,101.497,91.0685,102.901,113.132,imdbwiki_feasible_fedcvar_a0.30_g0.10_seed1.csv.gz
imdbwiki,feasible,fedcvar,0.30,0.10,2,4000,500,0,,96.8365,tier5,111.042,94.3376,99.0749,90.6727,101.584,111.042,imdbwiki_feasible_fedcvar_a0.30_g0.10_seed2.csv.gz
imdbwiki,feasible,fedcvar,0.30,0.10,3,4000,500,0,,97.6839,tier5,111.922,95.1989,100.74,89.2993,101.087,111.922,imdbwiki_feasible_fedcvar_a0.30_g0.10_seed3.csv.gz
imdbwiki,feasible,fedcvar,0.30,0.10,4,4000,500,0,,97.4776,tier5,111.545,94.6542,102.045,88.3953,103.363,111.545,imdbwiki_feasible_fedcvar_a0.30_g0.10_seed4.csv.gz
imdbwiki,feasible,fedcvar,0.30,0.20,0,4000,500,0,,95.8583,tier5,112.722,92.6692,100.727,88.9627,101.115,112.722,imdbwiki_feasible_fedcvar_a0.30_g0.20_seed0.csv.gz
imdbwiki,feasible,fedcvar,0.30,0.20,1,4000,500,0,,95.654,tier5,111.838,92.4244,100.211,89.7524,100.58,111.838,imdbwiki_feasible_fedcvar_a0.30_g0.20_seed1.csv.gz
imdbwiki,feasible,fedcvar,0.30,0.20,2,4000,500,0,,95.1843,tier5,109.728,92.2933,97.8475,89.3904,98.9113,109.728,imdbwiki_feasible_fedcvar_a0.30_g0.20_seed2.csv.gz
imdbwiki,feasible,fedcvar,0.30,0.20,3,4000,500,0,,96.1065,tier5,110.56,93.3778,99.3409,88.0073,98.5397,110.56,imdbwiki_feasible_fedcvar_a0.30_g0.20_seed3.csv.gz
imdbwiki,feasible,fedcvar,0.30,0.20,4,4000,500,0,,95.8818,tier5,110.285,92.765,100.732,87.036,100.704,110.285,imdbwiki_feasible_fedcvar_a0.30_g0.20_seed4.csv.gz
imdbwiki,feasible,fedcvar,0.30,0.30,0,4000,500,0,,94.1903,tier5,111.297,90.6667,99.298,87.5957,98.4223,111.297,imdbwiki_feasible_fedcvar_a0.30_g0.30_seed0.csv.gz
imdbwiki,feasible,fedcvar,0.30,0.30,1,4000,500,0,,94.1207,tier5,110.577,90.6417,98.7741,88.629,98.1325,110.577,imdbwiki_feasible_fedcvar_a0.30_g0.30_seed1.csv.gz
imdbwiki,feasible,fedcvar,0.30,0.30,2,4000,500,0,,93.5546,tier5,108.513,90.2092,96.712,88.1418,96.2191,108.513,imdbwiki_feasible_fedcvar_a0.30_g0.30_seed2.csv.gz
imdbwiki,feasible,fedcvar,0.30,0.30,3,4000,500,0,,94.5764,tier5,109.3,91.6251,97.9522,86.741,96.0497,109.3,imdbwiki_feasible_fedcvar_a0.30_g0.30_seed3.csv.gz
imdbwiki,feasible,fedcvar,0.30,0.30,4,4000,500,0,,94.2672,tier5,109.105,90.8338,99.3896,85.7054,97.8628,109.105,imdbwiki_feasible_fedcvar_a0.30_g0.30_seed4.csv.gz
imdbwiki,feasible,fedcvar,0.30,0.40,0,4000,500,0,,92.5522,tier5,110.038,88.6634,98.0137,86.2191,95.6754,110.038,imdbwiki_feasible_fedcvar_a0.30_g0.40_seed0.csv.gz
imdbwiki,feasible,fedcvar,0.30,0.40,1,4000,500,0,,92.6139,tier5,109.352,88.8241,97.5022,87.4169,95.4547,109.352,imdbwiki_feasible_fedcvar_a0.30_g0.40_seed1.csv.gz
imdbwiki,feasible,fedcvar,0.30,0.40,2,4000,500,0,,92.0851,tier5,107.598,88.2988,95.6891,87.048,93.6513,107.598,imdbwiki_feasible_fedcvar_a0.30_g0.40_seed2.csv.gz
imdbwiki,feasible,fedcvar,0.30,0.40,3,4000,500,0,,93.0535,tier5,108.156,89.7666,96.7969,85.4671,93.3452,108.156,imdbwiki_feasible_fedcvar_a0.30_g0.40_seed3.csv.gz
imdbwiki,feasible,fedcvar,0.30,0.40,4,4000,500,0,,92.5958,tier5,108.001,88.8022,97.998,84.5151,95.1148,108.001,imdbwiki_feasible_fedcvar_a0.30_g0.40_seed4.csv.gz
imdbwiki,feasible,fedcvar,0.30,0.50,0,4000,500,0,,90.9383,tier5,108.85,86.6383,96.7643,84.901,92.8006,108.85,imdbwiki_feasible_fedcvar_a0.30_g0.50_seed0.csv.gz
imdbwiki,feasible,fedcvar,0.30,0.50,1,4000,500,0,,91.0273,tier5,108.349,86.8448,96.2321,86.1568,92.4922,108.349,imdbwiki_feasible_fedcvar_a0.30_g0.50_seed1.csv.gz
imdbwiki,feasible,fedcvar,0.30,0.50,2,4000,500,0,,90.5481,tier5,106.79,86.2697,94.7154,85.8577,91.0126,106.79,imdbwiki_feasible_fedcvar_a0.30_g0.50_seed2.csv.gz
imdbwiki,feasible,fedcvar,0.30,0.50,3,4000,500,0,,91.5424,tier5,107.393,87.8705,95.6927,84.179,90.5771,107.393,imdbwiki_feasible_fedcvar_a0.30_g0.50_seed3.csv.gz
imdbwiki,feasible,fedcvar,0.30,0.50,4,4000,500,0,,90.9945,tier5,107.052,86.83,96.6941,83.2413,92.1963,107.052,imdbwiki_feasible_fedcvar_a0.30_g0.50_seed4.csv.gz
imdbwiki,feasible,fedcvar,0.30,0.60,0,4000,500,0,,89.3823,tier5,108.003,84.656,95.5716,83.6581,89.9656,108.003,imdbwiki_feasible_fedcvar_a0.30_g0.60_seed0.csv.gz
imdbwiki,feasible,fedcvar,0.30,0.60,1,4000,500,0,,89.5907,tier5,107.515,85.0089,95.1742,84.8855,89.5713,107.515,imdbwiki_feasible_fedcvar_a0.30_g0.60_seed1.csv.gz
imdbwiki,feasible,fedcvar,0.30,0.60,2,4000,500,0,,89.1742,tier5,106.287,84.3812,93.9007,84.7453,88.3527,106.287,imdbwiki_feasible_fedcvar_a0.30_g0.60_seed2.csv.gz
imdbwiki,feasible,fedcvar,0.30,0.60,3,4000,500,0,,90.1451,tier5,106.775,86.1343,94.6418,82.8994,87.8563,106.775,imdbwiki_feasible_fedcvar_a0.30_g0.60_seed3.csv.gz
imdbwiki,feasible,fedcvar,0.30,0.60,4,4000,500,0,,89.466,tier5,106.425,84.877,95.5287,82.0391,89.2996,106.425,imdbwiki_feasible_fedcvar_a0.30_g0.60_seed4.csv.gz
imdbwiki,feasible,fedcvar,0.30,0.70,0,4000,500,0,,88.0228,tier5,107.491,82.8623,94.5628,82.5875,87.2475,107.491,imdbwiki_feasible_fedcvar_a0.30_g0.70_seed0.csv.gz
imdbwiki,feasible,fedcvar,0.30,0.70,1,4000,500,0,,88.2698,tier5,106.971,83.2827,94.2418,83.7171,86.7594,106.971,imdbwiki_feasible_fedcvar_a0.30_g0.70_seed1.csv.gz
imdbwiki,feasible,fedcvar,0.30,0.70,2,4000,500,0,,87.9458,tier5,106.07,82.6158,93.3147,83.7203,85.7703,106.07,imdbwiki_feasible_fedcvar_a0.30_g0.70_seed2.csv.gz
imdbwiki,feasible,fedcvar,0.30,0.70,3,4000,500,0,,88.8915,tier5,106.47,84.4923,93.7821,81.7865,85.303,106.47,imdbwiki_feasible_fedcvar_a0.30_g0.70_seed3.csv.gz
imdbwiki,feasible,fedcvar,0.30,0.70,4,4000,500,0,,88.2058,tier5,106.11,83.1644,94.6566,81.0123,86.4656,106.11,imdbwiki_feasible_fedcvar_a0.30_g0.70_seed4.csv.gz
imdbwiki,feasible,fedcvar,0.30,0.80,0,4000,500,0,,86.945,tier5,107.213,81.3208,93.8776,81.7114,84.506,107.213,imdbwiki_feasible_fedcvar_a0.30_g0.80_seed0.csv.gz
imdbwiki,feasible,fedcvar,0.30,0.80,1,4000,500,0,,87.1781,tier5,106.759,81.7762,93.5458,82.7201,84.0384,106.759,imdbwiki_feasible_fedcvar_a0.30_g0.80_seed1.csv.gz
imdbwiki,feasible,fedcvar,0.30,0.80,2,4000,500,0,,87.0149,tier5,106.187,81.1242,93.0549,82.8951,83.2324,106.187,imdbwiki_feasible_fedcvar_a0.30_g0.80_seed2.csv.gz
imdbwiki,feasible,fedcvar,0.30,0.80,3,4000,500,0,,87.8847,tier5,106.481,83.0854,93.1784,80.8183,82.7454,106.481,imdbwiki_feasible_fedcvar_a0.30_g0.80_seed3.csv.gz
imdbwiki,feasible,fedcvar,0.30,0.80,4,4000,500,0,,87.2442,tier5,106.173,81.7514,94.0702,80.2585,83.7291,106.173,imdbwiki_feasible_fedcvar_a0.30_g0.80_seed4.csv.gz
imdbwiki,feasible,fedcvar,0.30,0.90,0,4000,500,0,,86.2325,tier5,107.347,80.0926,93.6492,81.0954,81.7741,107.347,imdbwiki_feasible_fedcvar_a0.30_g0.90_seed0.csv.gz
imdbwiki,feasible,fedcvar,0.30,0.90,1,4000,500,0,,86.4288,tier5,106.937,80.5573,93.277,81.9195,81.2562,106.937,imdbwiki_feasible_fedcvar_a0.30_g0.90_seed1.csv.gz
imdbwiki,feasible,fedcvar,0.30,0.90,2,4000,500,0,,86.4376,tier5,106.748,80.0327,93.096,82.291,80.8292,106.748,imdbwiki_feasible_fedcvar_a0.30_g0.90_seed2.csv.gz
imdbwiki,feasible,fedcvar,0.30,0.90,3,4000,500,0,,87.2029,tier5,106.852,81.9071,93.0486,80.1362,80.2288,106.852,imdbwiki_feasible_fedcvar_a0.30_g0.90_seed3.csv.gz
imdbwiki,feasible,fedcvar,0.30,0.90,4,4000,500,0,,86.6073,tier5,106.621,80.6187,93.8807,79.7839,81.087,106.621,imdbwiki_feasible_fedcvar_a0.30_g0.90_seed4.csv.gz
imdbwiki,feasible,fedcvar,0.30,1.00,0,4000,500,0,,86.0104,tier5,107.985,79.3383,93.8702,81.0518,79.384,107.985,imdbwiki_feasible_fedcvar_a0.30_g1.00_seed0.csv.gz
imdbwiki,feasible,fedcvar,0.30,1.00,1,4000,500,0,,86.1475,tier5,107.595,79.7291,93.5272,81.7357,78.733,107.595,imdbwiki_feasible_fedcvar_a0.30_g1.00_seed1.csv.gz
imdbwiki,feasible,fedcvar,0.30,1.00,2,4000,500,0,,86.2754,tier5,107.514,79.3199,93.6086,82.0818,78.6285,107.514,imdbwiki_feasible_fedcvar_a0.30_g1.00_seed2.csv.gz
imdbwiki,feasible,fedcvar,0.30,1.00,3,4000,500,0,,86.9785,tier5,107.76,81.1092,93.4093,80.1155,78.0107,107.76,imdbwiki_feasible_fedcvar_a0.30_g1.00_seed3.csv.gz
imdbwiki,feasible,fedcvar,0.30,1.00,4,4000,500,0,,86.4461,tier5,107.385,79.9567,94.1567,79.6929,78.6824,107.385,imdbwiki_feasible_fedcvar_a0.30_g1.00_seed4.csv.gz
imdbwiki,feasible,fedcvar,0.40,0.10,0,4000,500,0,,92.9554,tier5,110.728,88.8423,98.8219,85.9232,96.555,110.728,imdbwiki_feasible_fedcvar_a0.40_g0.10_seed0.csv.gz
imdbwiki,feasible,fedcvar,0.40,0.10,1,4000,500,0,,93.2298,tier5,110.328,89.3628,98.3575,87.4411,96.2491,110.328,imdbwiki_feasible_fedcvar_a0.40_g0.10_seed1.csv.gz
imdbwiki,feasible,fedcvar,0.40,0.10,2,4000,500,0,,92.9769,tier5,108.754,89.2258,96.6869,87.1663,94.9766,108.754,imdbwiki_feasible_fedcvar_a0.40_g0.10_seed2.csv.gz
imdbwiki,feasible,fedcvar,0.40,0.10,3,4000,500,0,,93.6157,tier5,109.512,90.2704,97.5459,85.3257,94.6904,109.512,imdbwiki_feasible_fedcvar_a0.40_g0.10_seed3.csv.gz
imdbwiki,feasible,fedcvar,0.40,0.10,4,4000,500,0,,93.4037,tier5,109.045,89.4861,99.0677,84.8412,96.3708,109.045,imdbwiki_feasible_fedcvar_a0.40_g0.10_seed4.csv.gz
imdbwiki,feasible,fedcvar,0.40,0.20,0,4000,500,0,,91.8268,tier5,109.929,87.4876,97.8422,85.0323,94.6153,109.929,imdbwiki_feasible_fedcvar_a0.40_g0.20_seed0.csv.gz
imdbwiki,feasible,fedcvar,0.40,0.20,1,4000,500,0,,92.1342,tier5,109.572,88.1079,97.3613,86.4375,94.3925,109.572,imdbwiki_feasible_fedcvar_a0.40_g0.20_seed1.csv.gz
imdbwiki,feasible,fedcvar,0.40,0.20,2,4000,500,0,,91.8472,tier5,108.14,87.7907,95.8714,86.2779,93.1172,108.14,imdbwiki_feasible_fedcvar_a0.40_g0.20_seed2.csv.gz
imdbwiki,feasible,fedcvar,0.40,0.20,3,4000,500,0,,92.487,tier5,108.723,88.9323,96.631,84.3415,92.7512,108.723,imdbwiki_feasible_fedcvar_a0.40_g0.20_seed3.csv.gz
imdbwiki,feasible,fedcvar,0.40,0.20,4,4000,500,0,,92.2256,tier5,108.384,88.0633,98.0939,83.9104,94.3569,108.384,imdbwiki_feasible_fedcvar_a0.40_g0.20_seed4.csv.gz
imdbwiki,feasible,fedcvar,0.40,0.30,0,4000,500,0,,90.7892,tier5,109.247,86.2526,96.9113,84.2209,92.7118,109.247,imdbwiki_feasible_fedcvar_a0.40_g0.30_seed0.csv.gz
imdbwiki,feasible,fedcvar,0.40,0.30,1,4000,500,0,,91.0146,tier5,108.832,86.7694,96.4421,85.4736,92.3138,108.832,imdbwiki_feasible_fedcvar_a0.40_g0.30_seed1.csv.gz
imdbwiki,feasible,fedcvar,0.40,0.30,2,4000,500,0,,90.7474,tier5,107.571,86.371,95.1043,85.407,91.1232,107.571,imdbwiki_feasible_fedcvar_a0.40_g0.30_seed2.csv.gz
imdbwiki,feasible,fedcvar,0.40,0.30,3,4000,500,0,,91.37,tier5,107.956,87.5762,95.7588,83.3644,90.6697,107.956,imdbwiki_feasible_fedcvar_a0.40_g0.30_seed3.csv.gz
imdbwiki,feasible,fedcvar,0.40,0.30,4,4000,500,0,,91.1034,tier5,107.785,86.6998,97.1494,83.0353,92.2919,107.785,imdbwiki_feasible_fedcvar_a0.40_g0.30_seed4.csv.gz
imdbwiki,feasible,fedcvar,0.40,0.40,0,4000,500,0,,89.7332,tier5,108.58,84.9544,96.0341,83.4441,90.739,108.58,imdbwiki_feasible_fedcvar_a0.40_g0.40_seed0.csv.gz
imdbwiki,feasible,fedcvar,0.40,0.40,1,4000,500,0,,89.934,tier5,108.14,85.4857,95.5017,84.5421,90.2965,108.14,imdbwiki_feasible_fedcvar_a0.40_g0.40_seed1.csv.gz
imdbwiki,feasible,fedcvar,0.40,0.40,2,4000,500,0,,89.7787,tier5,107.1,85.0917,94.4939,84.6016,89.176,107.1,imdbwiki_feasible_fedcvar_a0.40_g0.40_seed2.csv.gz
imdbwiki,feasible,fedcvar,0.40,0.40,3,4000,500,0,,90.34,tier5,107.357,86.2991,94.9826,82.502,88.6707,107.357,imdbwiki_feasible_fedcvar_a0.40_g0.40_seed3.csv.gz
imdbwiki,feasible,fedcvar,0.40,0.40,4,4000,500,0,,90.0542,tier5,107.217,85.3835,96.3336,82.2307,90.2477,107.217,imdbwiki_feasible_fedcvar_a0.40_g0.40_seed4.csv.gz
imdbwiki,feasible,fedcvar,0.40,0.50,0,4000,500,0,,88.7495,tier5,107.985,83.7074,95.2527,82.7005,88.6877,107.985,imdbwiki_feasible_fedcvar_a0.40_g0.50_seed0.csv.gz
imdbwiki,feasible,fedcvar,0.40,0.50,1,4000,500,0,,88.9604,tier5,107.554,84.2621,94.7392,83.7227,88.2631,107.554,imdbwiki_feasible_fedcvar_a0.40_g0.50_seed1.csv.gz
imdbwiki,feasible,fedcvar,0.40,0.50,2,4000,500,0,,88.8267,tier5,106.713,83.7947,93.9304,83.8978,87.2952,106.713,imdbwiki_feasible_fedcvar_a0.40_g0.50_seed2.csv.gz
imdbwiki,feasible,fedcvar,0.40,0.50,3,4000,500,0,,89.3893,tier5,106.954,85.0928,94.2969,81.7307,86.6739,106.954,imdbwiki_feasible_fedcvar_a0.40_g0.50_seed3.csv.gz
imdbwiki,feasible,fedcvar,0.40,0.50,4,4000,500,0,,89.0472,tier5,106.776,84.1355,95.4949,81.4929,88.1632,106.776,imdbwiki_feasible_fedcvar_a0.40_g0.50_seed4.csv.gz
imdbwiki,feasible,fedcvar,0.40,0.60,0,4000,500,0,,87.8249,tier5,107.529,82.482,94.6211,81.9889,86.5927,107.529,imdbwiki_feasible_fedcvar_a0.40_g0.60_seed0.csv.gz
imdbwiki,feasible,fedcvar,0.40,0.60,1,4000,500,0,,88.049,tier5,107.142,83.0454,94.1116,83.0122,86.2244,107.142,imdbwiki_feasible_fedcvar_a0.40_g0.60_seed1.csv.gz
imdbwiki,feasible,fedcvar,0.40,0.60,2,4000,500,0,,87.9819,tier5,106.519,82.6252,93.4589,83.2496,85.4867,106.519,imdbwiki_feasible_fedcvar_a0.40_g0.60_seed2.csv.gz
imdbwiki,feasible,fedcvar,0.40,0.60,3,4000,500,0,,88.5405,tier5,106.663,83.9573,93.7495,81.0607,84.7008,106.663,imdbwiki_feasible_fedcvar_a0.40_g0.60_seed3.csv.gz
imdbwiki,feasible,fedcvar,0.40,0.60,4,4000,500,0,,88.1411,tier5,106.49,82.9359,94.8334,80.8412,86.1019,106.49,imdbwiki_feasible_fedcvar_a0.40_g0.60_seed4.csv.gz
imdbwiki,feasible,fedcvar,0.40,0.70,0,4000,500,0,,87.0715,tier5,107.217,81.4183,94.1565,81.4174,84.531,107.217,imdbwiki_feasible_fedcvar_a0.40_g0.70_seed0.csv.gz
imdbwiki,feasible,fedcvar,0.40,0.70,1,4000,500,0,,87.2897,tier5,106.896,81.9701,93.6634,82.3594,84.1818,106.896,imdbwiki_feasible_fedcvar_a0.40_g0.70_seed1.csv.gz
imdbwiki,feasible,fedcvar,0.40,0.70,2,4000,500,0,,87.2479,tier5,106.441,81.5196,93.1753,82.6801,83.6487,106.441,imdbwiki_feasible_fedcvar_a0.40_g0.70_seed2.csv.gz
imdbwiki,feasible,fedcvar,0.40,0.70,3,4000,500,0,,87.868,tier5,106.53,82.9966,93.403,80.4791,82.8,106.53,imdbwiki_feasible_fedcvar_a0.40_g0.70_seed3.csv.gz
imdbwiki,feasible,fedcvar,0.40,0.70,4,4000,500,0,,87.3784,tier5,106.384,81.8746,94.3326,80.2805,84.1031,106.384,imdbwiki_feasible_fedcvar_a0.40_g0.70_seed4.csv.gz
imdbwiki,feasible,fedcvar,0.40,0.80,0,4000,500,0,,86.4865,tier5,107.173,80.4851,93.8898,81.0517,82.6208,107.173,imdbwiki_feasible_fedcvar_a0.40_g0.80_seed0.csv.gz
imdbwiki,feasible,fedcvar,0.40,0.80,1,4000,500,0,,86.6853,tier5,106.832,81.0199,93.3986,81.8866,82.2412,106.832,imdbwiki_feasible_fedcvar_a0.40_g0.80_seed1.csv.gz
imdbwiki,feasible,fedcvar,0.40,0.80,2,4000,500,0,,86.6996,tier5,106.552,80.5775,93.1101,82.2352,81.8511,106.552,imdbwiki_feasible_fedcvar_a0.40_g0.80_seed2.csv.gz
imdbwiki,feasible,fedcvar,0.40,0.80,3,4000,500,0,,87.3582,tier5,106.633,82.1705,93.213,80.1098,81.0388,106.633,imdbwiki_feasible_fedcvar_a0.40_g0.80_seed3.csv.gz
imdbwiki,feasible,fedcvar,0.40,0.80,4,4000,500,0,,86.8186,tier5,106.45,80.9914,94.0527,79.8508,82.1579,106.45,imdbwiki_feasible_fedcvar_a0.40_g0.80_seed4.csv.gz
imdbwiki,feasible,fedcvar,0.40,0.90,0,4000,500,0,,86.1149,tier5,107.402,79.7332,93.8153,80.954,80.8244,107.402,imdbwiki_feasible_fedcvar_a0.40_g0.90_seed0.csv.gz
imdbwiki,feasible,fedcvar,0.40,0.90,1,4000,500,0,,86.2803,tier5,107.075,80.1981,93.3962,81.6957,80.2771,107.075,imdbwiki_feasible_fedcvar_a0.40_g0.90_seed1.csv.gz
imdbwiki,feasible,fedcvar,0.40,0.90,2,4000,500,0,,86.3674,tier5,106.906,79.8061,93.2899,82.0201,80.0623,106.906,imdbwiki_feasible_fedcvar_a0.40_g0.90_seed2.csv.gz
imdbwiki,feasible,fedcvar,0.40,0.90,3,4000,500,0,,87.0399,tier5,107.057,81.464,93.2755,79.9785,79.3527,107.057,imdbwiki_feasible_fedcvar_a0.40_g0.90_seed3.csv.gz
imdbwiki,feasible,fedcvar,0.40,0.90,4,4000,500,0,,86.5011,tier5,106.782,80.319,94.0233,79.6498,80.271,106.782,imdbwiki_feasible_fedcvar_a0.40_g0.90_seed4.csv.gz
imdbwiki,feasible,fedcvar,0.40,1.00,0,4000,500,0,,86.0104,tier5,107.985,79.3383,93.8702,81.0518,79.384,107.985,imdbwiki_feasible_fedcvar_a0.40_g1.00_seed0.csv.gz
imdbwiki,feasible,fedcvar,0.40,1.00,1,4000,500,0,,86.1475,tier5,107.595,79.7291,93.5272,81.7357,78.733,107.595,imdbwiki_feasible_fedcvar_a0.40_g1.00_seed1.csv.gz
imdbwiki,feasible,fedcvar,0.40,1.00,2,4000,500,0,,86.2754,tier5,107.514,79.3199,93.6086,82.0818,78.6285,107.514,imdbwiki_feasible_fedcvar_a0.40_g1.00_seed2.csv.gz
imdbwiki,feasible,fedcvar,0.40,1.00,3,4000,500,0,,86.9785,tier5,107.76,81.1092,93.4093,80.1155,78.0107,107.76,imdbwiki_feasible_fedcvar_a0.40_g1.00_seed3.csv.gz
imdbwiki,feasible,fedcvar,0.40,1.00,4,4000,500,0,,86.4461,tier5,107.385,79.9567,94.1567,79.6929,78.6824,107.385,imdbwiki_feasible_fedcvar_a0.40_g1.00_seed4.csv.gz
imdbwiki,feasible,fedcvar,0.50,0.10,0,4000,500,0,,90.1068,tier5,108.982,85.238,96.4689,83.9125,91.555,108.982,imdbwiki_feasible_fedcvar_a0.50_g0.10_seed0.csv.gz
imdbwiki,feasible,fedcvar,0.50,0.10,1,4000,500,0,,90.4142,tier5,108.817,85.9333,95.9866,85.1358,91.1561,108.817,imdbwiki_feasible_fedcvar_a0.50_g0.10_seed1.csv.gz
imdbwiki,feasible,fedcvar,0.50,0.10,2,4000,500,0,,90.4426,tier5,107.938,85.8811,95.0008,85.2086,90.6274,107.938,imdbwiki_feasible_fedcvar_a0.50_g0.10_seed2.csv.gz
imdbwiki,feasible,fedcvar,0.50,0.10,3,4000,500,0,,90.7026,tier5,108.156,86.6117,95.425,83.0062,89.895,108.156,imdbwiki_feasible_fedcvar_a0.50_g0.10_seed3.csv.gz
imdbwiki,feasible,fedcvar,0.50,0.10,4,4000,500,0,,90.6396,tier5,107.935,86.008,96.8116,82.8743,91.5148,107.935,imdbwiki_feasible_fedcvar_a0.50_g0.10_seed4.csv.gz
imdbwiki,feasible,fedcvar,0.50,0.20,0,4000,500,0,,89.3926,tier5,108.511,84.349,95.899,83.3831,90.2158,108.511,imdbwiki_feasible_fedcvar_a0.50_g0.20_seed0.csv.gz
imdbwiki,feasible,fedcvar,0.50,0.20,1,4000,500,0,,89.6868,tier5,108.44,85.0741,95.3585,84.5111,89.8172,108.44,imdbwiki_feasible_fedcvar_a0.50_g0.20_seed1.csv.gz
imdbwiki,feasible,fedcvar,0.50,0.20,2,4000,500,0,,89.6996,tier5,107.519,84.9419,94.4473,84.6107,89.2667,107.519,imdbwiki_feasible_fedcvar_a0.50_g0.20_seed2.csv.gz
imdbwiki,feasible,fedcvar,0.50,0.20,3,4000,500,0,,89.9929,tier5,107.705,85.7299,94.8888,82.4287,88.5046,107.705,imdbwiki_feasible_fedcvar_a0.50_g0.20_seed3.csv.gz
imdbwiki,feasible,fedcvar,0.50,0.20,4,4000,500,0,,89.8732,tier5,107.558,85.093,96.1436,82.2923,90.1348,107.558,imdbwiki_feasible_fedcvar_a0.50_g0.20_seed4.csv.gz
imdbwiki,feasible,fedcvar,0.50,0.30,0,4000,500,0,,88.7039,tier5,108.078,83.4815,95.3688,82.8543,88.7543,108.078,imdbwiki_feasible_fedcvar_a0.50_g0.30_seed0.csv.gz
imdbwiki,feasible,fedcvar,0.50,0.30,1,4000,500,0,,88.9703,tier5,107.953,84.1543,94.8465,83.8833,88.3055,107.953,imdbwiki_feasible_fedcvar_a0.50_g0.30_seed1.csv.gz
imdbwiki,feasible,fedcvar,0.50,0.30,2,4000,500,0,,88.9936,tier5,107.181,84.0303,93.9668,84.0327,87.8602,107.181,imdbwiki_feasible_fedcvar_a0.50_g0.30_seed2.csv.gz
imdbwiki,feasible,fedcvar,0.50,0.30,3,4000,500,0,,89.2971,tier5,107.31,84.819,94.4377,81.8404,87.0621,107.31,imdbwiki_feasible_fedcvar_a0.50_g0.30_seed3.csv.gz
imdbwiki,feasible,fedcvar,0.50,0.30,4,4000,500,0,,89.1628,tier5,107.194,84.2221,95.5422,81.7454,88.6945,107.194,imdbwiki_feasible_fedcvar_a0.50_g0.30_seed4.csv.gz
imdbwiki,feasible,fedcvar,0.50,0.40,0,4000,500,0,,88.0532,tier5,107.666,82.6306,94.9074,82.3395,87.2514,107.666,imdbwiki_feasible_fedcvar_a0.50_g0.40_seed0.csv.gz
imdbwiki,feasible,fedcvar,0.50,0.40,1,4000,500,0,,88.3213,tier5,107.527,83.3165,94.3822,83.3199,86.8158,107.527,imdbwiki_feasible_fedcvar_a0.50_g0.40_seed1.csv.gz
imdbwiki,feasible,fedcvar,0.50,0.40,2,4000,500,0,,88.3384,tier5,106.909,83.1416,93.5623,83.5288,86.4485,106.909,imdbwiki_feasible_fedcvar_a0.50_g0.40_seed2.csv.gz
imdbwiki,feasible,fedcvar,0.50,0.40,3,4000,500,0,,88.6973,tier5,106.912,84.0154,94.0802,81.3094,85.6189,106.912,imdbwiki_feasible_fedcvar_a0.50_g0.40_seed3.csv.gz
imdbwiki,feasible,fedcvar,0.50,0.40,4,4000,500,0,,88.488,tier5,106.895,83.3421,95.0609,81.2335,87.2069,106.895,imdbwiki_feasible_fedcvar_a0.50_g0.40_seed4.csv.gz
imdbwiki,feasible,fedcvar,0.50,0.50,0,4000,500,0,,87.458,tier5,107.321,81.8181,94.5296,81.8885,85.8006,107.321,imdbwiki_feasible_fedcvar_a0.50_g0.50_seed0.csv.gz
imdbwiki,feasible,fedcvar,0.50,0.50,1,4000,500,0,,87.7155,tier5,107.211,82.4793,94.0178,82.8152,85.3367,107.211,imdbwiki_feasible_fedcvar_a0.50_g0.50_seed1.csv.gz
imdbwiki,feasible,fedcvar,0.50,0.50,2,4000,500,0,,87.763,tier5,106.694,82.2983,93.3336,83.0485,84.9681,106.694,imdbwiki_feasible_fedcvar_a0.50_g0.50_seed2.csv.gz
imdbwiki,feasible,fedcvar,0.50,0.50,3,4000,500,0,,88.1604,tier5,106.676,83.2695,93.767,80.8533,84.1518,106.676,imdbwiki_feasible_fedcvar_a0.50_g0.50_seed3.csv.gz
imdbwiki,feasible,fedcvar,0.50,0.50,4,4000,500,0,,87.8693,tier5,106.63,82.5027,94.663,80.7201,85.6273,106.63,imdbwiki_feasible_fedcvar_a0.50_g0.50_seed4.csv.gz
imdbwiki,feasible,fedcvar,0.50,0.60,0,4000,500,0,,86.9495,tier5,107.151,81.1068,94.2097,81.5191,84.3435,107.151,imdbwiki_feasible_fedcvar_a0.50_g0.60_seed0.csv.gz
imdbwiki,feasible,fedcvar,0.50,0.60,1,4000,500,0,,87.1738,tier5,106.969,81.6857,93.7462,82.3952,83.8261,106.969,imdbwiki_feasible_fedcvar_a0.50_g0.60_seed1.csv.gz
imdbwiki,feasible,fedcvar,0.50,0.60,2,4000,500,0,,87.2329,tier5,106.536,81.472,93.1934,82.605,83.4843,106.536,imdbwiki_feasible_fedcvar_a0.50_g0.60_seed2.csv.gz
imdbwiki,feasible,fedcvar,0.50,0.60,3,4000,500,0,,87.6922,tier5,106.581,82.5955,93.525,80.4809,82.7369,106.581,imdbwiki_feasible_fedcvar_a0.50_g0.60_seed3.csv.gz
imdbwiki,feasible,fedcvar,0.50,0.60,4,4000,500,0,,87.3435,tier5,106.495,81.7558,94.3604,80.2868,84.1164,106.495,imdbwiki_feasible_fedcvar_a0.50_g0.60_seed4.csv.gz
imdbwiki,feasible,fedcvar,0.50,0.70,0,4000,500,0,,86.522,tier5,107.11,80.4577,93.9755,81.2551,82.9765,107.11,imdbwiki_feasible_fedcvar_a0.50_g0.70_seed0.csv.gz
imdbwiki,feasible,fedcvar,0.50,0.70,1,4000,500,0,,86.7285,tier5,106.886,80.9926,93.5504,82.0762,82.4217,106.886,imdbwiki_feasible_fedcvar_a0.50_g0.70_seed1.csv.gz
imdbwiki,feasible,fedcvar,0.50,0.70,2,4000,500,0,,86.8114,tier5,106.547,80.7604,93.1338,82.2792,82.0944,106.547,imdbwiki_feasible_fedcvar_a0.50_g0.70_seed2.csv.gz
imdbwiki,feasible,fedcvar,0.50,0.70,3,4000,500,0,,87.3343,tier5,106.629,82.0247,93.3801,80.2162,81.3642,106.629,imdbwiki_feasible_fedcvar_a0.50_g0.70_seed3.csv.gz
imdbwiki,feasible,fedcvar,0.50,0.70,4,4000,500,0,,86.9194,tier5,106.475,81.0894,94.1737,79.9582,82.5862,106.475,imdbwiki_feasible_fedcvar_a0.50_g0.70_seed4.csv.gz
imdbwiki,feasible,fedcvar,0.50,0.80,0,4000,500,0,,86.2173,tier5,107.223,79.9374,93.8412,81.0845,81.6588,107.223,imdbwiki_feasible_fedcvar_a0.50_g0.80_seed0.csv.gz
imdbwiki,feasible,fedcvar,0.50,0.80,1,4000,500,0,,86.3957,tier5,106.974,80.409,93.4582,81.8592,81.0249,106.974,imdbwiki_feasible_fedcvar_a0.50_g0.80_seed1.csv.gz
imdbwiki,feasible,fedcvar,0.50,0.80,2,4000,500,0,,86.4916,tier5,106.696,80.1236,93.1891,82.1036,80.8072,106.696,imdbwiki_feasible_fedcvar_a0.50_g0.80_seed2.csv.gz
imdbwiki,feasible,fedcvar,0.50,0.80,3,4000,500,0,,87.0818,tier5,106.851,81.5665,93.3042,80.083,80.1174,106.851,imdbwiki_feasible_fedcvar_a0.50_g0.80_seed3.csv.gz
imdbwiki,feasible,fedcvar,0.50,0.80,4,4000,500,0,,86.6176,tier5,106.618,80.5467,94.0759,79.7539,81.1436,106.618,imdbwiki_feasible_fedcvar_a0.50_g0.80_seed4.csv.gz
imdbwiki,feasible,fedcvar,0.50,0.90,0,4000,500,0,,86.0274,tier5,107.585,79.5221,93.7862,81.0787,80.4103,107.585,imdbwiki_feasible_fedcvar_a0.50_g0.90_seed0.csv.gz
imdbwiki,feasible,fedcvar,0.50,0.90,1,4000,500,0,,86.19,tier5,107.28,79.9578,93.4257,81.8039,79.7291,107.28,imdbwiki_feasible_fedcvar_a0.50_g0.90_seed1.csv.gz
imdbwiki,feasible,fedcvar,0.50,0.90,2,4000,500,0,,86.3122,tier5,107.1,79.6334,93.3046,82.1328,79.5669,107.1,imdbwiki_feasible_fedcvar_a0.50_g0.90_seed2.csv.gz
imdbwiki,feasible,fedcvar,0.50,0.90,3,4000,500,0,,86.9597,tier5,107.273,81.2583,93.2786,80.1195,78.985,107.273,imdbwiki_feasible_fedcvar_a0.50_g0.90_seed3.csv.gz
imdbwiki,feasible,fedcvar,0.50,0.90,4,4000,500,0,,86.4628,tier5,106.981,80.1749,94.027,79.6994,79.7611,106.981,imdbwiki_feasible_fedcvar_a0.50_g0.90_seed4.csv.gz
imdbwiki,feasible,fedcvar,0.50,1.00,0,4000,500,0,,86.0104,tier5,107.985,79.3383,93.8702,81.0518,79.384,107.985,imdbwiki_feasible_fedcvar_a0.50_g1.00_seed0.csv.gz
imdbwiki,feasible,fedcvar,0.50,1.00,1,4000,500,0,,86.1475,tier5,107.595,79.7291,93.5272,81.7357,78.733,107.595,imdbwiki_feasible_fedcvar_a0.50_g1.00_seed1.csv.gz
imdbwiki,feasible,fedcvar,0.50,1.00,2,4000,500,0,,86.2754,tier5,107.514,79.3199,93.6086,82.0818,78.6285,107.514,imdbwiki_feasible_fedcvar_a0.50_g1.00_seed2.csv.gz
imdbwiki,feasible,fedcvar,0.50,1.00,3,4000,500,0,,86.9785,tier5,107.76,81.1092,93.4093,80.1155,78.0107,107.76,imdbwiki_feasible_fedcvar_a0.50_g1.00_seed3.csv.gz
imdbwiki,feasible,fedcvar,0.50,1.00,4,4000,500,0,,86.4461,tier5,107.385,79.9567,94.1567,79.6929,78.6824,107.385,imdbwiki_feasible_fedcvar_a0.50_g1.00_seed4.csv.gz
imdbwiki,feasible,fedcvar,0.60,0.10,0,4000,500,0,,88.4117,tier5,107.805,83.0356,95.0928,83.0271,87.8728,107.805,imdbwiki_feasible_fedcvar_a0.60_g0.10_seed0.csv.gz
imdbwiki,feasible,fedcvar,0.60,0.10,1,4000,500,0,,88.6598,tier5,107.865,83.6176,94.6695,84.0433,87.4461,107.865,imdbwiki_feasible_fedcvar_a0.60_g0.10_seed1.csv.gz
imdbwiki,feasible,fedcvar,0.60,0.10,2,4000,500,0,,88.8515,tier5,107.4,83.8053,93.86,84.2184,87.3839,107.4,imdbwiki_feasible_fedcvar_a0.60_g0.10_seed2.csv.gz
imdbwiki,feasible,fedcvar,0.60,0.10,3,4000,500,0,,89.0015,tier5,107.225,84.3489,94.3099,81.9537,86.3755,107.225,imdbwiki_feasible_fedcvar_a0.60_g0.10_seed3.csv.gz
imdbwiki,feasible,fedcvar,0.60,0.10,4,4000,500,0,,89.0048,tier5,107.318,83.9164,95.4658,81.8111,88.0451,107.318,imdbwiki_feasible_fedcvar_a0.60_g0.10_seed4.csv.gz
imdbwiki,feasible,fedcvar,0.60,0.20,0,4000,500,0,,87.9708,tier5,107.561,82.4376,94.8286,82.6904,86.8847,107.561,imdbwiki_feasible_fedcvar_a0.60_g0.20_seed0.csv.gz
imdbwiki,feasible,fedcvar,0.60,0.20,1,4000,500,0,,88.1967,tier5,107.609,82.9936,94.3958,83.634,86.3728,107.609,imdbwiki_feasible_fedcvar_a0.60_g0.20_seed1.csv.gz
imdbwiki,feasible,fedcvar,0.60,0.20,2,4000,500,0,,88.374,tier5,107.133,83.1574,93.5693,83.8092,86.3112,107.133,imdbwiki_feasible_fedcvar_a0.60_g0.20_seed2.csv.gz
imdbwiki,feasible,fedcvar,0.60,0.20,3,4000,500,0,,88.5612,tier5,107.046,83.7576,94.0184,81.6294,85.3542,107.046,imdbwiki_feasible_fedcvar_a0.60_g0.20_seed3.csv.gz
imdbwiki,feasible,fedcvar,0.60,0.20,4,4000,500,0,,88.5115,tier5,107.084,83.2705,95.1224,81.4122,86.9714,107.084,imdbwiki_feasible_fedcvar_a0.60_g0.20_seed4.csv.gz
imdbwiki,feasible,fedcvar,0.60,0.30,0,4000,500,0,,87.5347,tier5,107.36,81.8325,94.5788,82.3738,85.893,107.36,imdbwiki_feasible_fedcvar_a0.60_g0.30_seed0.csv.gz
imdbwiki,feasible,fedcvar,0.60,0.30,1,4000,500,0,,87.7432,tier5,107.353,82.371,94.1063,83.2592,85.2478,107.353,imdbwiki_feasible_fedcvar_a0.60_g0.30_seed1.csv.gz
imdbwiki,feasible,fedcvar,0.60,0.30,2,4000,500,0,,87.8925,tier5,106.881,82.4533,93.3568,83.4221,85.2175,106.881,imdbwiki_feasible_fedcvar_a0.60_g0.30_seed2.csv.gz
imdbwiki,feasible,fedcvar,0.60,0.30,3,4000,500,0,,88.1702,tier5,106.837,83.2154,93.7763,81.3337,84.2919,106.837,imdbwiki_feasible_fedcvar_a0.60_g0.30_seed3.csv.gz
imdbwiki,feasible,fedcvar,0.60,0.30,4,4000,500,0,,88.0316,tier5,106.841,82.6408,94.7793,81.0125,85.8461,106.841,imdbwiki_feasible_fedcvar_a0.60_g0.30_seed4.csv.gz
imdbwiki,feasible,fedcvar,0.60,0.40,0,4000,500,0,,87.1319,tier5,107.202,81.2695,94.3392,82.0611,84.866,107.202,imdbwiki_feasible_fedcvar_a0.60_g0.40_seed0.csv.gz
imdbwiki,feasible,fedcvar,0.60,0.40,1,4000,500,0,,87.3125,tier5,107.17,81.7796,93.8459,82.8926,84.1696,107.17,imdbwiki_feasible_fedcvar_a0.60_g0.40_seed1.csv.gz
imdbwiki,feasible,fedcvar,0.60,0.40,2,4000,500,0,,87.4632,tier5,106.696,81.8062,93.1756,83.0808,84.1285,106.696,imdbwiki_feasible_fedcvar_a0.60_g0.40_seed2.csv.gz
imdbwiki,feasible,fedcvar,0.60,0.40,3,4000,500,0,,87.8219,tier5,106.686,82.7269,93.5661,81.0445,83.3206,106.686,imdbwiki_feasible_fedcvar_a0.60_g0.40_seed3.csv.gz
imdbwiki,feasible,fedcvar,0.60,0.40,4,4000,500,0,,87.6069,tier5,106.689,82.076,94.4666,80.6892,84.7617,106.689,imdbwiki_feasible_fedcvar_a0.60_g0.40_seed4.csv.gz
imdbwiki,feasible,fedcvar,0.60,0.50,0,4000,500,0,,86.766,tier5,107.129,80.7412,94.1365,81.797,83.885,107.129,imdbwiki_feasible_fedcvar_a0.60_g0.50_seed0.csv.gz
imdbwiki,feasible,fedcvar,0.60,0.50,1,4000,500,0,,86.9605,tier5,107.012,81.2727,93.6517,82.6033,83.1449,107.012,imdbwiki_feasible_fedcvar_a0.60_g0.50_seed1.csv.gz
imdbwiki,feasible,fedcvar,0.60,0.50,2,4000,500,0,,87.0921,tier5,106.579,81.2223,93.0579,82.8256,83.0754,106.579,imdbwiki_feasible_fedcvar_a0.60_g0.50_seed2.csv.gz
imdbwiki,feasible,fedcvar,0.60,0.50,3,4000,500,0,,87.5147,tier5,106.613,82.2891,93.3818,80.7893,82.3569,106.613,imdbwiki_feasible_fedcvar_a0.60_g0.50_seed3.csv.gz
imdbwiki,feasible,fedcvar,0.60,0.50,4,4000,500,0,,87.2336,tier5,106.561,81.5354,94.252,80.3959,83.6156,106.561,imdbwiki_feasible_fedcvar_a0.60_g0.50_seed4.csv.gz
imdbwiki,feasible,fedcvar,0.60,0.60,0,4000,500,0,,86.4674,tier5,107.126,80.314,93.9517,81.5371,82.8975,107.126,imdbwiki_feasible_fedcvar_a0.60_g0.60_seed0.csv.gz
imdbwiki,feasible,fedcvar,0.60,0.60,1,4000,500,0,,86.6552,tier5,106.968,80.8153,93.5057,82.3127,82.1591,106.968,imdbwiki_feasible_fedcvar_a0.60_g0.60_seed1.csv.gz
imdbwiki,feasible,fedcvar,0.60,0.60,2,4000,500,0,,86.7781,tier5,106.595,80.6849,93.0267,82.583,82.0516,106.595,imdbwiki_feasible_fedcvar_a0.60_g0.60_seed2.csv.gz
imdbwiki,feasible,fedcvar,0.60,0.60,3,4000,500,0,,87.2696,tier5,106.655,81.9267,93.2488,80.555,81.4144,106.655,imdbwiki_feasible_fedcvar_a0.60_g0.60_seed3.csv.gz
imdbwiki,feasible,fedcvar,0.60,0.60,4,4000,500,0,,86.9219,tier5,106.539,81.082,94.0585,80.1305,82.5664,106.539,imdbwiki_feasible_fedcvar_a0.60_g0.60_seed4.csv.gz
imdbwiki,feasible,fedcvar,0.60,0.70,0,4000,500,0,,86.2335,tier5,107.209,79.9563,93.8119,81.3243,81.9372,107.209,imdbwiki_feasible_fedcvar_a0.60_g0.70_seed0.csv.gz
imdbwiki,feasible,fedcvar,0.60,0.70,1,4000,500,0,,86.4209,tier5,106.994,80.4431,93.4024,82.0904,81.2366,106.994,imdbwiki_feasible_fedcvar_a0.60_g0.70_seed1.csv.gz
imdbwiki,feasible,fedcvar,0.60,0.70,2,4000,500,0,,86.5386,tier5,106.704,80.2438,93.0406,82.3586,81.0823,106.704,imdbwiki_feasible_fedcvar_a0.60_g0.70_seed2.csv.gz
imdbwiki,feasible,fedcvar,0.60,0.70,3,4000,500,0,,87.0873,tier5,106.789,81.6243,93.1803,80.3583,80.4884,106.789,imdbwiki_feasible_fedcvar_a0.60_g0.70_seed3.csv.gz
imdbwiki,feasible,fedcvar,0.60,0.70,4,4000,500,0,,86.6819,tier5,106.609,80.6824,93.9737,79.9136,81.497,106.609,imdbwiki_feasible_fedcvar_a0.60_g0.70_seed4.csv.gz
imdbwiki,feasible,fedcvar,0.60,0.80,0,4000,500,0,,86.0788,tier5,107.403,79.6754,93.7445,81.1775,81.0175,107.403,imdbwiki_feasible_fedcvar_a0.60_g0.80_seed0.csv.gz
imdbwiki,feasible,fedcvar,0.60,0.80,1,4000,500,0,,86.2495,tier5,107.132,80.1253,93.3616,81.9207,80.3433,107.132,imdbwiki_feasible_fedcvar_a0.60_g0.80_seed1.csv.gz
imdbwiki,feasible,fedcvar,0.60,0.80,2,4000,500,0,,86.366,tier5,106.938,79.8427,93.1471,82.2364,80.1666,106.938,imdbwiki_feasible_fedcvar_a0.60_g0.80_seed2.csv.gz
imdbwiki,feasible,fedcvar,0.60,0.80,3,4000,500,0,,86.9764,tier5,107.032,81.3862,93.1736,80.2335,79.6121,107.032,imdbwiki_feasible_fedcvar_a0.60_g0.80_seed3.csv.gz
imdbwiki,feasible,fedcvar,0.60,0.80,4,4000,500,0,,86.5205,tier5,106.789,80.3741,93.9283,79.7631,80.4704,106.789,imdbwiki_feasible_fedcvar_a0.60_g0.80_seed4.csv.gz
imdbwiki,feasible,fedcvar,0.60,0.90,0,4000,500,0,,86.0209,tier5,107.759,79.4767,93.7535,81.133,80.0507,107.759,imdbwiki_feasible_fedcvar_a0.60_g0.90_seed0.csv.gz
imdbwiki,feasible,fedcvar,0.60,0.90,1,4000,500,0,,86.183,tier5,107.398,79.9225,93.3851,81.7973,79.4375,107.398,imdbwiki_feasible_fedcvar_a0.60_g0.90_seed1.csv.gz
imdbwiki,feasible,fedcvar,0.60,0.90,2,4000,500,0,,86.2958,tier5,107.316,79.5193,93.3868,82.1309,79.2608,107.316,imdbwiki_feasible_fedcvar_a0.60_g0.90_seed2.csv.gz
imdbwiki,feasible,fedcvar,0.60,0.90,3,4000,500,0,,86.9942,tier5,107.511,81.2576,93.3038,80.1397,78.6738,107.511,imdbwiki_feasible_fedcvar_a0.60_g0.90_seed3.csv.gz
imdbwiki,feasible,fedcvar,0.60,0.90,4,4000,500,0,,86.458,tier5,107.163,80.1295,93.9852,79.7096,79.3817,107.163,imdbwiki_feasible_fedcvar_a0.60_g0.90_seed4.csv.gz
imdbwiki,feasible,fedcvar,0.60,1.00,0,4000,500,0,,86.0104,tier5,107.985,79.3383,93.8702,81.0518,79.384,107.985,imdbwiki_feasible_fedcvar_a0.60_g1.00_seed0.csv.gz
imdbwiki,feasible,fedcvar,0.60,1.00,1,4000,500,0,,86.1475,tier5,107.595,79.7291,93.5272,81.7357,78.733,107.595,imdbwiki_feasible_fedcvar_a0.60_g1.00_seed1.csv.gz
imdbwiki,feasible,fedcvar,0.60,1.00,2,4000,500,0,,86.2754,tier5,107.514,79.3199,93.6086,82.0818,78.6285,107.514,imdbwiki_feasible_fedcvar_a0.60_g1.00_seed2.csv.gz
imdbwiki,feasible,fedcvar,0.60,1.00,3,4000,500,0,,86.9785,tier5,107.76,81.1092,93.4093,80.1155,78.0107,107.76,imdbwiki_feasible_fedcvar_a0.60_g1.00_seed3.csv.gz
imdbwiki,feasible,fedcvar,0.60,1.00,4,4000,500,0,,86.4461,tier5,107.385,79.9567,94.1567,79.6929,78.6824,107.385,imdbwiki_feasible_fedcvar_a0.60_g1.00_seed4.csv.gz
imdbwiki,feasible,fedcvar,0.70,0.10,0,4000,500,0,,87.3467,tier5,107.19,81.5465,94.3921,82.5871,85.297,107.19,imdbwiki_feasible_fedcvar_a0.70_g0.10_seed0.csv.gz
imdbwiki,feasible,fedcvar,0.70,0.10,1,4000,500,0,,87.481,tier5,107.295,82.0714,93.8329,83.3007,84.83,107.295,imdbwiki_feasible_fedcvar_a0.70_g0.10_seed1.csv.gz
imdbwiki,feasible,fedcvar,0.70,0.10,2,4000,500,0,,87.6944,tier5,106.992,82.1072,93.311,83.616,84.6559,106.992,imdbwiki_feasible_fedcvar_a0.70_g0.10_seed2.csv.gz
imdbwiki,feasible,fedcvar,0.70,0.10,3,4000,500,0,,87.9934,tier5,106.843,83.0284,93.661,81.3643,83.8176,106.843,imdbwiki_feasible_fedcvar_a0.70_g0.10_seed3.csv.gz
imdbwiki,feasible,fedcvar,0.70,0.10,4,4000,500,0,,87.8856,tier5,106.834,82.4724,94.5656,80.9853,85.0877,106.834,imdbwiki_feasible_fedcvar_a0.70_g0.10_seed4.csv.gz
imdbwiki,feasible,fedcvar,0.70,0.20,0,4000,500,0,,87.1039,tier5,107.155,81.2186,94.2328,82.3414,84.6633,107.155,imdbwiki_feasible_fedcvar_a0.70_g0.20_seed0.csv.gz
imdbwiki,feasible,fedcvar,0.70,0.20,1,4000,500,0,,87.2369,tier5,107.222,81.725,93.6932,83.0367,84.1419,107.222,imdbwiki_feasible_fedcvar_a0.70_g0.20_seed1.csv.gz
imdbwiki,feasible,fedcvar,0.70,0.20,2,4000,500,0,,87.4131,tier5,106.885,81.7001,93.1645,83.3352,83.8792,106.885,imdbwiki_feasible_fedcvar_a0.70_g0.20_seed2.csv.gz
imdbwiki,feasible,fedcvar,0.70,0.20,3,4000,500,0,,87.7803,tier5,106.784,82.7222,93.5283,81.137,83.0772,106.784,imdbwiki_feasible_fedcvar_a0.70_g0.20_seed3.csv.gz
imdbwiki,feasible,fedcvar,0.70,0.20,4,4000,500,0,,87.6083,tier5,106.727,82.0902,94.4029,80.7275,84.3603,106.727,imdbwiki_feasible_fedcvar_a0.70_g0.20_seed4.csv.gz
imdbwiki,feasible,fedcvar,0.70,0.30,0,4000,500,0,,86.8475,tier5,107.14,80.8606,94.0903,82.0974,83.9842,107.14,imdbwiki_feasible_fedcvar_a0.70_g0.30_seed0.csv.gz
imdbwiki,feasible,fedcvar,0.70,0.30,1,4000,500,0,,86.9988,tier5,107.13,81.38,93.5573,82.7758,83.4348,107.13,imdbwiki_feasible_fedcvar_a0.70_g0.30_seed1.csv.gz
imdbwiki,feasible,fedcvar,0.70,0.30,2,4000,500,0,,87.1467,tier5,106.803,81.2943,93.0681,83.0703,83.1206,106.803,imdbwiki_feasible_fedcvar_a0.70_g0.30_seed2.csv.gz
imdbwiki,feasible,fedcvar,0.70,0.30,3,4000,500,0,,87.5905,tier5,106.749,82.4351,93.417,80.9493,82.3994,106.749,imdbwiki_feasible_fedcvar_a0.70_g0.30_seed3.csv.gz
imdbwiki,feasible,fedcvar,0.70,0.30,4,4000,500,0,,87.3561,tier5,106.645,81.7442,94.2332,80.4571,83.6055,106.645,imdbwiki_feasible_fedcvar_a0.70_g0.30_seed4.csv.gz
imdbwiki,feasible,fedcvar,0.70,0.40,0,4000,500,0,,86.6177,tier5,107.118,80.547,93.9204,81.8759,83.3055,107.118,imdbwiki_feasible_fedcvar_a0.70_g0.40_seed0.csv.gz
imdbwiki,feasible,fedcvar,0.70,0.40,1,4000,500,0,,86.7783,tier5,107.075,81.0524,93.4374,82.5442,82.713,107.075,imdbwiki_feasible_fedcvar_a0.70_g0.40_seed1.csv.gz
imdbwiki,feasible,fedcvar,0.70,0.40,2,4000,500,0,,86.9039,tier5,106.768,80.8985,93.0106,82.8264,82.3693,106.768,imdbwiki_feasible_fedcvar_a0.70_g0.40_seed2.csv.gz
imdbwiki,feasible,fedcvar,0.70,0.40,3,4000,500,0,,87.4165,tier5,106.753,82.1634,93.3193,80.7612,81.7184,106.753,imdbwiki_feasible_fedcvar_a0.70_g0.40_seed3.csv.gz
imdbwiki,feasible,fedcvar,0.70,0.40,4,4000,500,0,,87.1088,tier5,106.599,81.3838,94.0852,80.2421,82.841,106.599,imdbwiki_feasible_fedcvar_a0.70_g0.40_seed4.csv.gz
imdbwiki,feasible,fedcvar,0.70,0.50,0,4000,500,0,,86.4189,tier5,107.17,80.2551,93.8183,81.6543,82.6155,107.17,imdbwiki_feasible_fedcvar_a0.70_g0.50_seed0.csv.gz
imdbwiki,feasible,fedcvar,0.70,0.50,1,4000,500,0,,86.5883,tier5,107.057,80.7629,93.3319,82.3334,82.011,107.057,imdbwiki_feasible_fedcvar_a0.70_g0.50_seed1.csv.gz
imdbwiki,feasible,fedcvar,0.70,0.50,2,4000,500,0,,86.7002,tier5,106.768,80.5328,93.0134,82.6264,81.7054,106.768,imdbwiki_feasible_fedcvar_a0.70_g0.50_seed2.csv.gz
imdbwiki,feasible,fedcvar,0.70,0.50,3,4000,500,0,,87.2692,tier5,106.797,81.9273,93.2335,80.5826,81.0622,106.797,imdbwiki_feasible_fedcvar_a0.70_g0.50_seed3.csv.gz
imdbwiki,feasible,fedcvar,0.70,0.50,4,4000,500,0,,86.8966,tier5,106.597,81.0617,93.9697,80.0628,82.1121,106.597,imdbwiki_feasible_fedcvar_a0.70_g0.50_seed4.csv.gz
imdbwiki,feasible,fedcvar,0.70,0.60,0,4000,500,0,,86.2488,tier5,107.247,79.9934,93.7278,81.4652,81.9292,107.247,imdbwiki_feasible_fedcvar_a0.70_g0.60_seed0.csv.gz
imdbwiki,feasible,fedcvar,0.70,0.60,1,4000,500,0,,86.4324,tier5,107.069,80.5037,93.2767,82.1409,81.323,107.069,imdbwiki_feasible_fedcvar_a0.70_g0.60_seed1.csv.gz
imdbwiki,feasible,fedcvar,0.70,0.60,2,4000,500,0,,86.5292,tier5,106.84,80.2134,93.0226,82.446,81.0365,106.84,imdbwiki_feasible_fedcvar_a0.70_g0.60_seed2.csv.gz
imdbwiki,feasible,fedcvar,0.70,0.60,3,4000,500,0,,87.148,tier5,106.895,81.7049,93.1934,80.4314,80.4285,106.895,imdbwiki_feasible_fedcvar_a0.70_g0.60_seed3.csv.gz
imdbwiki,feasible,fedcvar,0.70,0.60,4,4000,500,0,,86.715,tier5,106.662,80.7728,93.8761,79.9089,81.3693,106.662,imdbwiki_feasible_fedcvar_a0.70_g0.60_seed4.csv.gz
imdbwiki,feasible,fedcvar,0.70,0.70,0,4000,500,0,,86.1223,tier5,107.392,79.7767,93.6764,81.3065,81.232,107.392,imdbwiki_feasible_fedcvar_a0.70_g0.70_seed0.csv.gz
imdbwiki,feasible,fedcvar,0.70,0.70,1,4000,500,0,,86.3067,tier5,107.138,80.2726,93.2595,81.9697,80.634,107.138,imdbwiki_feasible_fedcvar_a0.70_g0.70_seed1.csv.gz
imdbwiki,feasible,fedcvar,0.70,0.70,2,4000,500,0,,86.4043,tier5,106.957,79.9312,93.1,82.2879,80.3763,106.957,imdbwiki_feasible_fedcvar_a0.70_g0.70_seed2.csv.gz
imdbwiki,feasible,fedcvar,0.70,0.70,3,4000,500,0,,87.0569,tier5,107.07,81.5141,93.1871,80.2893,79.7735,107.07,imdbwiki_feasible_fedcvar_a0.70_g0.70_seed3.csv.gz
imdbwiki,feasible,fedcvar,0.70,0.70,4,4000,500,0,,86.5756,tier5,106.789,80.508,93.8448,79.7997,80.6468,106.789,imdbwiki_feasible_fedcvar_a0.70_g0.70_seed4.csv.gz
imdbwiki,feasible,fedcvar,0.70,0.80,0,4000,500,0,,86.0452,tier5,107.593,79.5936,93.6812,81.2021,80.5378,107.593,imdbwiki_feasible_fedcvar_a0.70_g0.80_seed0.csv.gz
imdbwiki,feasible,fedcvar,0.70,0.80,1,4000,500,0,,86.2147,tier5,107.286,80.0547,93.31,81.8433,79.9221,107.286,imdbwiki_feasible_fedcvar_a0.70_g0.80_seed1.csv.gz
imdbwiki,feasible,fedcvar,0.70,0.80,2,4000,500,0,,86.3164,tier5,107.152,79.6691,93.2492,82.1498,79.7142,107.152,imdbwiki_feasible_fedcvar_a0.70_g0.80_seed2.csv.gz
imdbwiki,feasible,fedcvar,0.70,0.80,3,4000,500,0,,87.0064,tier5,107.349,81.3505,93.2491,80.1767,79.1119,107.349,imdbwiki_feasible_fedcvar_a0.70_g0.80_seed3.csv.gz
imdbwiki,feasible,fedcvar,0.70,0.80,4,4000,500,0,,86.4821,tier5,107.015,80.2526,93.9124,79.7222,79.8818,107.015,imdbwiki_feasible_fedcvar_a0.70_g0.80_seed4.csv.gz
imdbwiki,feasible,fedcvar,0.70,0.90,0,4000,500,0,,86.0171,tier5,107.896,79.4092,93.7827,81.1502,79.7066,107.896,imdbwiki_feasible_fedcvar_a0.70_g0.90_seed0.csv.gz
imdbwiki,feasible,fedcvar,0.70,0.90,1,4000,500,0,,86.1639,tier5,107.567,79.8272,93.4521,81.8039,79.1268,107.567,imdbwiki_feasible_fedcvar_a0.70_g0.90_seed1.csv.gz
imdbwiki,feasible,fedcvar,0.70,0.90,2,4000,500,0,,86.2776,tier5,107.494,79.4029,93.4906,82.1625,78.9697,107.494,imdbwiki_feasible_fedcvar_a0.70_g0.90_seed2.csv.gz
imdbwiki,feasible,fedcvar,0.70,0.90,3,4000,500,0,,86.9979,tier5,107.676,81.2064,93.3505,80.1656,78.3486,107.676,imdbwiki_feasible_fedcvar_a0.70_g0.90_seed3.csv.gz
imdbwiki,feasible,fedcvar,0.70,0.90,4,4000,500,0,,86.448,tier5,107.31,80.0448,94.0419,79.7496,79.0221,107.31,imdbwiki_feasible_fedcvar_a0.70_g0.90_seed4.csv.gz
imdbwiki,feasible,fedcvar,0.70,1.00,0,4000,500,0,,86.0104,tier5,107.985,79.3383,93.8702,81.0518,79.384,107.985,imdbwiki_feasible_fedcvar_a0.70_g1.00_seed0.csv.gz
imdbwiki,feasible,fedcvar,0.70,1.00,1,4000,500,0,,86.1475,tier5,107.595,79.7291,93.5272,81.7357,78.733,107.595,imdbwiki_feasible_fedcvar_a0.70_g1.00_seed1.csv.gz
imdbwiki,feasible,fedcvar,0.70,1.00,2,4000,500,0,,86.2754,tier5,107.514,79.3199,93.6086,82.0818,78.6285,107.514,imdbwiki_feasible_fedcvar_a0.70_g1.00_seed2.csv.gz
imdbwiki,feasible,fedcvar,0.70,1.00,3,4000,500,0,,86.9785,tier5,107.76,81.1092,93.4093,80.1155,78.0107,107.76,imdbwiki_feasible_fedcvar_a0.70_g1.00_seed3.csv.gz
imdbwiki,feasible,fedcvar,0.70,1.00,4,4000,500,0,,86.4461,tier5,107.385,79.9567,94.1567,79.6929,78.6824,107.385,imdbwiki_feasible_fedcvar_a0.70_g1.00_seed4.csv.gz
imdbwiki,feasible,fedcvar,0.80,0.10,0,4000,500,0,,86.5915,tier5,107.276,80.6166,93.6579,82.1072,83.5365,107.276,imdbwiki_feasible_fedcvar_a0.80_g0.10_seed0.csv.gz
imdbwiki,feasible,fedcvar,0.80,0.10,1,4000,500,0,,86.744,tier5,107.255,81.1914,93.2026,82.5794,83.0133,107.255,imdbwiki_feasible_fedcvar_a0.80_g0.10_seed1.csv.gz
imdbwiki,feasible,fedcvar,0.80,0.10,2,4000,500,0,,86.8361,tier5,107.11,80.8418,92.9326,82.8658,82.6349,107.11,imdbwiki_feasible_fedcvar_a0.80_g0.10_seed2.csv.gz
imdbwiki,feasible,fedcvar,0.80,0.10,3,4000,500,0,,87.4147,tier5,107.124,82.2789,93.1926,80.8307,81.8252,107.124,imdbwiki_feasible_fedcvar_a0.80_g0.10_seed3.csv.gz
imdbwiki,feasible,fedcvar,0.80,0.10,4,4000,500,0,,87.0059,tier5,106.957,81.3723,93.7181,80.485,83.0215,106.957,imdbwiki_feasible_fedcvar_a0.80_g0.10_seed4.csv.gz
imdbwiki,feasible,fedcvar,0.80,0.20,0,4000,500,0,,86.4811,tier5,107.291,80.444,93.6154,81.9382,83.0609,107.291,imdbwiki_feasible_fedcvar_a0.80_g0.20_seed0.csv.gz
imdbwiki,feasible,fedcvar,0.80,0.20,1,4000,500,0,,86.628,tier5,107.279,80.9939,93.1907,82.4148,82.5401,107.279,imdbwiki_feasible_fedcvar_a0.80_g0.20_seed1.csv.gz
imdbwiki,feasible,fedcvar,0.80,0.20,2,4000,500,0,,86.7057,tier5,107.095,80.6143,92.9352,82.6921,82.1519,107.095,imdbwiki_feasible_fedcvar_a0.80_g0.20_seed2.csv.gz
imdbwiki,feasible,fedcvar,0.80,0.20,3,4000,500,0,,87.3124,tier5,107.169,82.0862,93.184,80.6858,81.3582,107.169,imdbwiki_feasible_fedcvar_a0.80_g0.20_seed3.csv.gz
imdbwiki,feasible,fedcvar,0.80,0.20,4,4000,500,0,,86.8754,tier5,106.946,81.1479,93.6961,80.3102,82.4701,106.946,imdbwiki_feasible_fedcvar_a0.80_g0.20_seed4.csv.gz
imdbwiki,feasible,fedcvar,0.80,0.30,0,4000,500,0,,86.3734,tier5,107.34,80.2745,93.563,81.7919,82.5994,107.34,imdbwiki_feasible_fedcvar_a0.80_g0.30_seed0.csv.gz
imdbwiki,feasible,fedcvar,0.80,0.30,1,4000,500,0,,86.516,tier5,107.279,80.7862,93.1957,82.2608,82.0274,107.279,imdbwiki_feasible_fedcvar_a0.80_g0.30_seed1.csv.gz
imdbwiki,feasible,fedcvar,0.80,0.30,2,4000,500,0,,86.6005,tier5,107.084,80.4165,92.9499,82.5223,81.6657,107.084,imdbwiki_feasible_fedcvar_a0.80_g0.30_seed2.csv.gz
imdbwiki,feasible,fedcvar,0.80,0.30,3,4000,500,0,,87.2225,tier5,107.202,81.9159,93.1699,80.5586,80.8944,107.202,imdbwiki_feasible_fedcvar_a0.80_g0.30_seed3.csv.gz
imdbwiki,feasible,fedcvar,0.80,0.30,4,4000,500,0,,86.7585,tier5,106.952,80.9278,93.7083,80.1537,81.9462,106.952,imdbwiki_feasible_fedcvar_a0.80_g0.30_seed4.csv.gz
imdbwiki,feasible,fedcvar,0.80,0.40,0,4000,500,0,,86.2698,tier5,107.395,80.0926,93.5475,81.6462,82.0939,107.395,imdbwiki_feasible_fedcvar_a0.80_g0.40_seed0.csv.gz
imdbwiki,feasible,fedcvar,0.80,0.40,1,4000,500,0,,86.414,tier5,107.287,80.5868,93.209,82.1207,81.537,107.287,imdbwiki_feasible_fedcvar_a0.80_g0.40_seed1.csv.gz
imdbwiki,feasible,fedcvar,0.80,0.40,2,4000,500,0,,86.5029,tier5,107.115,80.2085,92.9973,82.3878,81.1907,107.115,imdbwiki_feasible_fedcvar_a0.80_g0.40_seed2.csv.gz
imdbwiki,feasible,fedcvar,0.80,0.40,3,4000,500,0,,87.1476,tier5,107.251,81.7511,93.1871,80.4349,80.4249,107.251,imdbwiki_feasible_fedcvar_a0.80_g0.40_seed3.csv.gz
imdbwiki,feasible,fedcvar,0.80,0.40,4,4000,500,0,,86.6571,tier5,106.97,80.7284,93.7301,80.0175,81.4222,106.97,imdbwiki_feasible_fedcvar_a0.80_g0.40_seed4.csv.gz
imdbwiki,feasible,fedcvar,0.80,0.50,0,4000,500,0,,86.1763,tier5,107.466,79.9082,93.5607,81.5063,81.5749,107.466,imdbwiki_feasible_fedcvar_a0.80_g0.50_seed0.csv.gz
imdbwiki,feasible,fedcvar,0.80,0.50,1,4000,500,0,,86.3255,tier5,107.301,80.3958,93.2364,82.0041,81.0271,107.301,imdbwiki_feasible_fedcvar_a0.80_g0.50_seed1.csv.gz
imdbwiki,feasible,fedcvar,0.80,0.50,2,4000,500,0,,86.4169,tier5,107.12,80.0131,93.0498,82.2778,80.7173,107.12,imdbwiki_feasible_fedcvar_a0.80_g0.50_seed2.csv.gz
imdbwiki,feasible,fedcvar,0.80,0.50,3,4000,500,0,,87.0861,tier5,107.311,81.606,93.2061,80.3404,79.9656,107.311,imdbwiki_feasible_fedcvar_a0.80_g0.50_seed3.csv.gz
imdbwiki,feasible,fedcvar,0.80,0.50,4,4000,500,0,,86.5785,tier5,106.991,80.5579,93.7498,79.9157,80.9126,106.991,imdbwiki_feasible_fedcvar_a0.80_g0.50_seed4.csv.gz
imdbwiki,feasible,fedcvar,0.80,0.60,0,4000,500,0,,86.0995,tier5,107.553,79.7405,93.5864,81.3804,81.0494,107.553,imdbwiki_feasible_fedcvar_a0.80_g0.60_seed0.csv.gz
imdbwiki,feasible,fedcvar,0.80,0.60,1,4000,500,0,,86.2545,tier5,107.34,80.2152,93.2835,81.9,80.4928,107.34,imdbwiki_feasible_fedcvar_a0.80_g0.60_seed1.csv.gz
imdbwiki,feasible,fedcvar,0.80,0.60,2,4000,500,0,,86.3506,tier5,107.167,79.8328,93.1205,82.2041,80.2465,107.167,imdbwiki_feasible_fedcvar_a0.80_g0.60_seed2.csv.gz
imdbwiki,feasible,fedcvar,0.80,0.60,3,4000,500,0,,87.0342,tier5,107.396,81.4653,93.2299,80.263,79.516,107.396,imdbwiki_feasible_fedcvar_a0.80_g0.60_seed3.csv.gz
imdbwiki,feasible,fedcvar,0.80,0.60,4,4000,500,0,,86.5106,tier5,107.031,80.3875,93.7955,79.8386,80.3854,107.031,imdbwiki_feasible_fedcvar_a0.80_g0.60_seed4.csv.gz
imdbwiki,feasible,fedcvar,0.80,0.70,0,4000,500,0,,86.0424,tier5,107.679,79.5801,93.6469,81.2747,80.4944,107.679,imdbwiki_feasible_fedcvar_a0.80_g0.70_seed0.csv.gz
imdbwiki,feasible,fedcvar,0.80,0.70,1,4000,500,0,,86.195,tier5,107.428,80.0387,93.3471,81.8318,79.9666,107.428,imdbwiki_feasible_fedcvar_a0.80_g0.70_seed1.csv.gz
imdbwiki,feasible,fedcvar,0.80,0.70,2,4000,500,0,,86.2957,tier5,107.271,79.6373,93.2365,82.1674,79.7428,107.271,imdbwiki_feasible_fedcvar_a0.80_g0.70_seed2.csv.gz
imdbwiki,feasible,fedcvar,0.80,0.70,3,4000,500,0,,86.9982,tier5,107.497,81.339,93.2629,80.2169,79.052,107.497,imdbwiki_feasible_fedcvar_a0.80_g0.70_seed3.csv.gz
imdbwiki,feasible,fedcvar,0.80,0.70,4,4000,500,0,,86.4614,tier5,107.11,80.2343,93.8569,79.798,79.8502,107.11,imdbwiki_feasible_fedcvar_a0.80_g0.70_seed4.csv.gz
imdbwiki,feasible,fedcvar,0.80,0.80,0,4000,500,0,,86.0098,tier5,107.817,79.451,93.7078,81.2127,79.9435,107.817,imdbwiki_feasible_fedcvar_a0.80_g0.80_seed0.csv.gz
imdbwiki,feasible,fedcvar,0.80,0.80,1,4000,500,0,,86.1616,tier5,107.529,79.8857,93.3854,81.8437,79.4138,107.529,imdbwiki_feasible_fedcvar_a0.80_g0.80_seed1.csv.gz
imdbwiki,feasible,fedcvar,0.80,0.80,2,4000,500,0,,86.2661,tier5,107.44,79.4579,93.3924,82.1842,79.2245,107.44,imdbwiki_feasible_fedcvar_a0.80_g0.80_seed2.csv.gz
imdbwiki,feasible,fedcvar,0.80,0.80,3,4000,500,0,,86.9908,tier5,107.603,81.2538,93.2892,80.2013,78.5752,107.603,imdbwiki_feasible_fedcvar_a0.80_g0.80_seed3.csv.gz
imdbwiki,feasible,fedcvar,0.80,0.80,4,4000,500,0,,86.4377,tier5,107.238,80.1005,93.9453,79.7806,79.2902,107.238,imdbwiki_feasible_fedcvar_a0.80_g0.80_seed4.csv.gz
imdbwiki,feasible,fedcvar,0.80,0.90,0,4000,500,0,,86.0261,tier5,107.955,79.3691,93.8541,81.0876,79.454,107.955,imdbwiki_feasible_fedcvar_a0.80_g0.90_seed0.csv.gz
imdbwiki,feasible,fedcvar,0.80,0.90,1,4000,500,0,,86.1719,tier5,107.575,79.7766,93.5081,81.7665,78.8058,107.575,imdbwiki_feasible_fedcvar_a0.80_g0.90_seed1.csv.gz
imdbwiki,feasible,fedcvar,0.80,0.90,2,4000,500,0,,86.2985,tier5,107.513,79.3573,93.59,82.1306,78.6866,107.513,imdbwiki_feasible_fedcvar_a0.80_g0.90_seed2.csv.gz
imdbwiki,feasible,fedcvar,0.80,0.90,3,4000,500,0,,87.0094,tier5,107.704,81.1732,93.3934,80.1279,78.0727,107.704,imdbwiki_feasible_fedcvar_a0.80_g0.90_seed3.csv.gz
imdbwiki,feasible,fedcvar,0.80,0.90,4,4000,500,0,,86.4682,tier5,107.334,80.0121,94.1219,79.7215,78.7459,107.334,imdbwiki_feasible_fedcvar_a0.80_g0.90_seed4.csv.gz
imdbwiki,feasible,fedcvar,0.80,1.00,0,4000,500,0,,86.0104,tier5,107.985,79.3383,93.8702,81.0518,79.384,107.985,imdbwiki_feasible_fedcvar_a0.80_g1.00_seed0.csv.gz
imdbwiki,feasible,fedcvar,0.80,1.00,1,4000,500,0,,86.1475,tier5,107.595,79.7291,93.5272,81.7357,78.733,107.595,imdbwiki_feasible_fedcvar_a0.80_g1.00_seed1.csv.gz
imdbwiki,feasible,fedcvar,0.80,1.00,2,4000,500,0,,86.2754,tier5,107.514,79.3199,93.6086,82.0818,78.6285,107.514,imdbwiki_feasible_fedcvar_a0.80_g1.00_seed2.csv.gz
imdbwiki,feasible,fedcvar,0.80,1.00,3,4000,500,0,,86.9785,tier5,107.76,81.1092,93.4093,80.1155,78.0107,107.76,imdbwiki_feasible_fedcvar_a0.80_g1.00_seed3.csv.gz
imdbwiki,feasible,fedcvar,0.80,1.00,4,4000,500,0,,86.4461,tier5,107.385,79.9567,94.1567,79.6929,78.6824,107.385,imdbwiki_feasible_fedcvar_a0.80_g1.00_seed4.csv.gz
imdbwiki,feasible,fedcvar,0.90,0.10,0,4000,500,0,,86.0761,tier5,107.429,79.8111,93.3197,81.7732,81.2169,107.429,imdbwiki_feasible_fedcvar_a0.90_g0.10_seed0.csv.gz
imdbwiki,feasible,fedcvar,0.90,0.10,1,4000,500,0,,86.2978,tier5,107.228,80.3377,93.0255,82.3761,80.7737,107.228,imdbwiki_feasible_fedcvar_a0.90_g0.10_seed1.csv.gz
imdbwiki,feasible,fedcvar,0.90,0.10,2,4000,500,0,,86.3509,tier5,107.262,79.8854,92.9323,82.647,80.5825,107.262,imdbwiki_feasible_fedcvar_a0.90_g0.10_seed2.csv.gz
imdbwiki,feasible,fedcvar,0.90,0.10,3,4000,500,0,,87.1241,tier5,107.121,81.7382,92.9478,80.5462,79.5133,107.121,imdbwiki_feasible_fedcvar_a0.90_g0.10_seed3.csv.gz
imdbwiki,feasible,fedcvar,0.90,0.10,4,4000,500,0,,86.5569,tier5,106.949,80.6651,93.3494,80.1994,80.6754,106.949,imdbwiki_feasible_fedcvar_a0.90_g0.10_seed4.csv.gz
imdbwiki,feasible,fedcvar,0.90,0.20,0,4000,500,0,,86.048,tier5,107.467,79.7308,93.3681,81.6681,80.9628,107.467,imdbwiki_feasible_fedcvar_a0.90_g0.20_seed0.csv.gz
imdbwiki,feasible,fedcvar,0.90,0.20,1,4000,500,0,,86.2627,tier5,107.239,80.2493,93.0624,82.2927,80.5143,107.239,imdbwiki_feasible_fedcvar_a0.90_g0.20_seed1.csv.gz
imdbwiki,feasible,fedcvar,0.90,0.20,2,4000,500,0,,86.3217,tier5,107.281,79.7955,92.9938,82.5667,80.3154,107.281,imdbwiki_feasible_fedcvar_a0.90_g0.20_seed2.csv.gz
imdbwiki,feasible,fedcvar,0.90,0.20,3,4000,500,0,,87.091,tier5,107.174,81.646,92.9881,80.4801,79.3134,107.174,imdbwiki_feasible_fedcvar_a0.90_g0.20_seed3.csv.gz
imdbwiki,feasible,fedcvar,0.90,0.20,4,4000,500,0,,86.5166,tier5,106.981,80.5483,93.4216,80.1199,80.4024,106.981,imdbwiki_feasible_fedcvar_a0.90_g0.20_seed4.csv.gz
imdbwiki,feasible,fedcvar,0.90,0.30,0,4000,500,0,,86.0268,tier5,107.517,79.6596,93.418,81.5709,80.7154,107.517,imdbwiki_feasible_fedcvar_a0.90_g0.30_seed0.csv.gz
imdbwiki,feasible,fedcvar,0.90,0.30,1,4000,500,0,,86.2315,tier5,107.264,80.1633,93.1024,82.2124,80.2404,107.264,imdbwiki_feasible_fedcvar_a0.90_g0.30_seed1.csv.gz
imdbwiki,feasible,fedcvar,0.90,0.30,2,4000,500,0,,86.298,tier5,107.301,79.7128,93.0552,82.4958,80.0627,107.301,imdbwiki_feasible_fedcvar_a0.90_g0.30_seed2.csv.gz
imdbwiki,feasible,fedcvar,0.90,0.30,3,4000,500,0,,87.0621,tier5,107.229,81.5592,93.0274,80.425,79.1224,107.229,imdbwiki_feasible_fedcvar_a0.90_g0.30_seed3.csv.gz
imdbwiki,feasible,fedcvar,0.90,0.30,4,4000,500,0,,86.4875,tier5,107.011,80.4485,93.5025,80.0406,80.144,107.011,imdbwiki_feasible_fedcvar_a0.90_g0.30_seed4.csv.gz
imdbwiki,feasible,fedcvar,0.90,0.40,0,4000,500,0,,86.0116,tier5,107.555,79.5921,93.4793,81.4785,80.4659,107.555,imdbwiki_feasible_fedcvar_a0.90_g0.40_seed0.csv.gz
imdbwiki,feasible,fedcvar,0.90,0.40,1,4000,500,0,,86.2061,tier5,107.294,80.0853,93.1496,82.1305,79.9771,107.294,imdbwiki_feasible_fedcvar_a0.90_g0.40_seed1.csv.gz
imdbwiki,feasible,fedcvar,0.90,0.40,2,4000,500,0,,86.282,tier5,107.315,79.6367,93.1321,82.4145,79.7964,107.315,imdbwiki_feasible_fedcvar_a0.90_g0.40_seed2.csv.gz
imdbwiki,feasible,fedcvar,0.90,0.40,3,4000,500,0,,87.0404,tier5,107.291,81.48,93.0724,80.3719,78.9262,107.291,imdbwiki_feasible_fedcvar_a0.90_g0.40_seed3.csv.gz
imdbwiki,feasible,fedcvar,0.90,0.40,4,4000,500,0,,86.4632,tier5,107.051,80.3515,93.5904,79.9711,79.8844,107.051,imdbwiki_feasible_fedcvar_a0.90_g0.40_seed4.csv.gz
imdbwiki,feasible,fedcvar,0.90,0.50,0,4000,500,0,,86.0034,tier5,107.617,79.5311,93.5554,81.3809,80.2162,107.617,imdbwiki_feasible_fedcvar_a0.90_g0.50_seed0.csv.gz
imdbwiki,feasible,fedcvar,0.90,0.50,1,4000,500,0,,86.1892,tier5,107.315,80.0125,93.213,82.0423,79.695,107.315,imdbwiki_feasible_fedcvar_a0.90_g0.50_seed1.csv.gz
imdbwiki,feasible,fedcvar,0.90,0.50,2,4000,500,0,,86.274,tier5,107.34,79.5675,93.2115,82.3434,79.5255,107.34,imdbwiki_feasible_fedcvar_a0.90_g0.50_seed2.csv.gz
imdbwiki,feasible,fedcvar,0.90,0.50,3,4000,500,0,,87.0236,tier5,107.354,81.4059,93.1269,80.3133,78.7266,107.354,imdbwiki_feasible_fedcvar_a0.90_g0.50_seed3.csv.gz
imdbwiki,feasible,fedcvar,0.90,0.50,4,4000,500,0,,86.4495,tier5,107.088,80.2635,93.6925,79.9002,79.6059,107.088,imdbwiki_feasible_fedcvar_a0.90_g0.50_seed4.csv.gz
imdbwiki,feasible,fedcvar,0.90,0.60,0,4000,500,0,,86.0034,tier5,107.671,79.4742,93.6461,81.2832,79.9474,107.671,imdbwiki_feasible_fedcvar_a0.90_g0.60_seed0.csv.gz
imdbwiki,feasible,fedcvar,0.90,0.60,1,4000,500,0,,86.1833,tier5,107.351,79.9437,93.2902,81.9511,79.3574,107.351,imdbwiki_feasible_fedcvar_a0.90_g0.60_seed1.csv.gz
imdbwiki,feasible,fedcvar,0.90,0.60,2,4000,500,0,,86.2769,tier5,107.364,79.5046,93.3119,82.2639,79.2363,107.364,imdbwiki_feasible_fedcvar_a0.90_g0.60_seed2.csv.gz
imdbwiki,feasible,fedcvar,0.90,0.60,3,4000,500,0,,87.0156,tier5,107.424,81.3369,93.1957,80.2513,78.502,107.424,imdbwiki_feasible_fedcvar_a0.90_g0.60_seed3.csv.gz
imdbwiki,feasible,fedcvar,0.90,0.60,4,4000,500,0,,86.4442,tier5,107.136,80.1795,93.809,79.8332,79.3137,107.136,imdbwiki_feasible_fedcvar_a0.90_g0.60_seed4.csv.gz
imdbwiki,feasible,fedcvar,0.90,0.70,0,4000,500,0,,86.0157,tier5,107.745,79.4338,93.7416,81.1773,79.6928,107.745,imdbwiki_feasible_fedcvar_a0.90_g0.70_seed0.csv.gz
imdbwiki,feasible,fedcvar,0.90,0.70,1,4000,500,0,,86.1869,tier5,107.401,79.8744,93.4031,81.8417,79.012,107.401,imdbwiki_feasible_fedcvar_a0.90_g0.70_seed1.csv.gz
imdbwiki,feasible,fedcvar,0.90,0.70,2,4000,500,0,,86.2921,tier5,107.403,79.4372,93.4541,82.1764,78.9022,107.403,imdbwiki_feasible_fedcvar_a0.90_g0.70_seed2.csv.gz
imdbwiki,feasible,fedcvar,0.90,0.70,3,4000,500,0,,87.022,tier5,107.502,81.2751,93.2922,80.1693,78.2304,107.502,imdbwiki_feasible_fedcvar_a0.90_g0.70_seed3.csv.gz
imdbwiki,feasible,fedcvar,0.90,0.70,4,4000,500,0,,86.4626,tier5,107.176,80.1047,93.9769,79.7555,78.9628,107.176,imdbwiki_feasible_fedcvar_a0.90_g0.70_seed4.csv.gz
imdbwiki,feasible,fedcvar,0.90,0.80,0,4000,500,0,,86.026,tier5,107.985,79.3598,93.8702,81.0724,79.4306,107.985,imdbwiki_feasible_fedcvar_a0.90_g0.80_seed0.csv.gz
imdbwiki,feasible,fedcvar,0.90,0.80,1,4000,500,0,,86.1696,tier5,107.599,79.767,93.5135,81.7495,78.7956,107.599,imdbwiki_feasible_fedcvar_a0.90_g0.80_seed1.csv.gz
imdbwiki,feasible,fedcvar,0.90,0.80,2,4000,500,0,,86.2968,tier5,107.529,79.3491,93.5951,82.1148,78.6815,107.529,imdbwiki_feasible_fedcvar_a0.90_g0.80_seed2.csv.gz
imdbwiki,feasible,fedcvar,0.90,0.80,3,4000,500,0,,87.0052,tier5,107.718,81.1621,93.389,80.1244,78.0738,107.718,imdbwiki_feasible_fedcvar_a0.90_g0.80_seed3.csv.gz
imdbwiki,feasible,fedcvar,0.90,0.80,4,4000,500,0,,86.4681,tier5,107.353,80.0032,94.127,79.7199,78.7387,107.353,imdbwiki_feasible_fedcvar_a0.90_g0.80_seed4.csv.gz
imdbwiki,feasible,fedcvar,0.90,0.90,0,4000,500,0,,86.0189,tier5,107.995,79.3473,93.8774,81.0598,79.395,107.995,imdbwiki_feasible_fedcvar_a0.90_g0.90_seed0.csv.gz
imdbwiki,feasible,fedcvar,0.90,0.90,1,4000,500,0,,86.1576,tier5,107.607,79.7419,93.5321,81.7445,78.7463,107.607,imdbwiki_feasible_fedcvar_a0.90_g0.90_seed1.csv.gz
imdbwiki,feasible,fedcvar,0.90,0.90,2,4000,500,0,,86.2858,tier5,107.532,79.3301,93.6127,82.1009,78.6379,107.532,imdbwiki_feasible_fedcvar_a0.90_g0.90_seed2.csv.gz
imdbwiki,feasible,fedcvar,0.90,0.90,3,4000,500,0,,86.9917,tier5,107.768,81.1249,93.4186,80.1201,78.0233,107.768,imdbwiki_feasible_fedcvar_a0.90_g0.90_seed3.csv.gz
imdbwiki,feasible,fedcvar,0.90,0.90,4,4000,500,0,,86.4558,tier5,107.397,79.9682,94.1611,79.7023,78.6854,107.397,imdbwiki_feasible_fedcvar_a0.90_g0.90_seed4.csv.gz
imdbwiki,feasible,fedcvar,0.90,1.00,0,4000,500,0,,86.0104,tier5,107.985,79.3383,93.8702,81.0518,79.384,107.985,imdbwiki_feasible_fedcvar_a0.90_g1.00_seed0.csv.gz
imdbwiki,feasible,fedcvar,0.90,1.00,1,4000,500,0,,86.1475,tier5,107.595,79.7291,93.5272,81.7357,78.733,107.595,imdbwiki_feasible_fedcvar_a0.90_g1.00_seed1.csv.gz
imdbwiki,feasible,fedcvar,0.90,1.00,2,4000,500,0,,86.2754,tier5,107.514,79.3199,93.6086,82.0818,78.6285,107.514,imdbwiki_feasible_fedcvar_a0.90_g1.00_seed2.csv.gz
imdbwiki,feasible,fedcvar,0.90,1.00,3,4000,500,0,,86.9785,tier5,107.76,81.1092,93.4093,80.1155,78.0107,107.76,imdbwiki_feasible_fedcvar_a0.90_g1.00_seed3.csv.gz
imdbwiki,feasible,fedcvar,0.90,1.00,4,4000,500,0,,86.4461,tier5,107.385,79.9567,94.1567,79.6929,78.6824,107.385,imdbwiki_feasible_fedcvar_a0.90_g1.00_seed4.csv.gz
imdbwiki,feasible,fedcvar,1.00,0.10,0,4000,500,0,,86.0104,tier5,107.985,79.3383,93.8702,81.0518,79.384,107.985,imdbwiki_feasible_fedcvar_a1.00_g0.10_seed0.csv.gz
imdbwiki,feasible,fedcvar,1.00,0.10,1,4000,500,0,,86.1475,tier5,107.595,79.7291,93.5272,81.7357,78.733,107.595,imdbwiki_feasible_fedcvar_a1.00_g0.10_seed1.csv.gz
imdbwiki,feasible,fedcvar,1.00,0.10,2,4000,500,0,,86.2754,tier5,107.514,79.3199,93.6086,82.0818,78.6285,107.514,imdbwiki_feasible_fedcvar_a1.00_g0.10_seed2.csv.gz
imdbwiki,feasible,fedcvar,1.00,0.10,3,4000,500,0,,86.9785,tier5,107.76,81.1092,93.4093,80.1155,78.0107,107.76,imdbwiki_feasible_fedcvar_a1.00_g0.10_seed3.csv.gz
imdbwiki,feasible,fedcvar,1.00,0.10,4,4000,500,0,,86.4461,tier5,107.385,79.9567,94.1567,79.6929,78.6824,107.385,imdbwiki_feasible_fedcvar_a1.00_g0.10_seed4.csv.gz
imdbwiki,feasible,fedcvar,1.00,0.20,0,4000,500,0,,86.0104,tier5,107.985,79.3383,93.8702,81.0518,79.384,107.985,imdbwiki_feasible_fedcvar_a1.00_g0.20_seed0.csv.gz
imdbwiki,feasible,fedcvar,1.00,0.20,1,4000,500,0,,86.1475,tier5,107.595,79.7291,93.5272,81.7357,78.733,107.595,imdbwiki_feasible_fedcvar_a1.00_g0.20_seed1.csv.gz
imdbwiki,feasible,fedcvar,1.00,0.20,2,4000,500,0,,86.2754,tier5,107.514,79.3199,93.6086,82.0818,78.6285,107.514,imdbwiki_feasible_fedcvar_a1.00_g0.20_seed2.csv.gz
imdbwiki,feasible,fedcvar,1.00,0.20,3,4000,500,0,,86.9785,tier5,107.76,81.1092,93.4093,80.1155,78.0107,107.76,imdbwiki_feasible_fedcvar_a1.00_g0.20_seed3.csv.gz
imdbwiki,feasible,fedcvar,1.00,0.20,4,4000,500,0,,86.4461,tier5,107.385,79.9567,94.1567,79.6929,78.6824,107.385,imdbwiki_feasible_fedcvar_a1.00_g0.20_seed4.csv.gz
imdbwiki,feasible,fedcvar,1.00,0.30,0,4000,500,0,,86.0104,tier5,107.985,79.3383,93.8702,81.0518,79.384,107.985,imdbwiki_feasible_fedcvar_a1.00_g0.30_seed0.csv.gz
imdbwiki,feasible,fedcvar,1.00,0.30,1,4000,500,0,,86.1475,tier5,107.595,79.7291,93.5272,81.7357,78.733,107.595,imdbwiki_feasible_fedcvar_a1.00_g0.30_seed1.csv.gz
imdbwiki,feasible,fedcvar,1.00,0.30,2,4000,500,0,,86.2754,tier5,107.514,79.3199,93.6086,82.0818,78.6285,107.514,imdbwiki_feasible_fedcvar_a1.00_g0.30_seed2.csv.gz
imdbwiki,feasible,fedcvar,1.00,0.30,3,4000,500,0,,86.9785,tier5,107.76,81.1092,93.4093,80.1155,78.0107,107.76,imdbwiki_feasible_fedcvar_a1.00_g0.30_seed3.csv.gz
imdbwiki,feasible,fedcvar,1.00,0.30,4,4000,500,0,,86.4461,tier5,107.385,79.9567,94.1567,79.6929,78.6824,107.385,imdbwiki_feasible_fedcvar_a1.00_g0.30_seed4.csv.gz
imdbwiki,feasible,fedcvar,1.00,0.40,0,4000,500,0,,86.0104,tier5,107.985,79.3383,93.8702,81.0518,79.384,107.985,imdbwiki_feasible_fedcvar_a1.00_g0.40_seed0.csv.gz
imdbwiki,feasible,fedcvar,1.00,0.40,1,4000,500,0,,86.1475,tier5,107.595,79.7291,93.5272,81.7357,78.733,107.595,imdbwiki_feasible_fedcvar_a1.00_g0.40_seed1.csv.gz
imdbwiki,feasible,fedcvar,1.00,0.40,2,4000,500,0,,86.2754,tier5,107.514,79.3199,93.6086,82.0818,78.6285,107.514,imdbwiki_feasible_fedcvar_a1.00_g0.40_seed2.csv.gz
imdbwiki,feasible,fedcvar,1.00,0.40,3,4000,500,0,,86.9785,tier5,107.76,81.1092,93.4093,80.1155,78.0107,107.76,imdbwiki_feasible_fedcvar_a1.00_g0.40_seed3.csv.gz
imdbwiki,feasible,fedcvar,1.00,0.40,4,4000,500,0,,86.4461,tier5,107.385,79.9567,94.1567,79.6929,78.6824,107.385,imdbwiki_feasible_fedcvar_a1.00_g0.40_seed4.csv.gz
imdbwiki,feasible,fedcvar,1.00,0.50,0,4000,500,0,,86.0104,tier5,107.985,79.3383,93.8702,81.0518,79.384,107.985,imdbwiki_feasible_fedcvar_a1.00_g0.50_seed0.csv.gz
imdbwiki,feasible,fedcvar,1.00,0.50,1,4000,500,0,,86.1475,tier5,107.595,79.7291,93.5272,81.7357,78.733,107.595,imdbwiki_feasible_fedcvar_a1.00_g0.50_seed1.csv.gz
imdbwiki,feasible,fedcvar,1.00,0.50,2,4000,500,0,,86.2754,tier5,107.514,79.3199,93.6086,82.0818,78.6285,107.514,imdbwiki_feasible_fedcvar_a1.00_g0.50_seed2.csv.gz
imdbwiki,feasible,fedcvar,1.00,0.50,3,4000,500,0,,86.9785,tier5,107.76,81.1092,93.4093,80.1155,78.0107,107.76,imdbwiki_feasible_fedcvar_a1.00_g0.50_seed3.csv.gz
imdbwiki,feasible,fedcvar,1.00,0.50,4,4000,500,0,,86.4461,tier5,107.385,79.9567,94.1567,79.6929,78.6824,107.385,imdbwiki_feasible_fedcvar_a1.00_g0.50_seed4.csv.gz
imdbwiki,feasible,fedcvar,1.00,0.60,0,4000,500,0,,86.0104,tier5,107.985,79.3383,93.8702,81.0518,79.384,107.985,imdbwiki_feasible_fedcvar_a1.00_g0.60_seed0.csv.gz
imdbwiki,feasible,fedcvar,1.00,0.60,1,4000,500,0,,86.1475,tier5,107.595,79.7291,93.5272,81.7357,78.733,107.595,imdbwiki_feasible_fedcvar_a1.00_g0.60_seed1.csv.gz
imdbwiki,feasible,fedcvar,1.00,0.60,2,4000,500,0,,86.2754,tier5,107.514,79.3199,93.6086,82.0818,78.6285,107.514,imdbwiki_feasible_fedcvar_a1.00_g0.60_seed2.csv.gz
imdbwiki,feasible,fedcvar,1.00,0.60,3,4000,500,0,,86.9785,tier5,107.76,81.1092,93.4093,80.1155,78.0107,107.76,imdbwiki_feasible_fedcvar_a1.00_g0.60_seed3.csv.gz
imdbwiki,feasible,fedcvar,1.00,0.60,4,4000,500,0,,86.4461,tier5,107.385,79.9567,94.1567,79.6929,78.6824,107.385,imdbwiki_feasible_fedcvar_a1.00_g0.60_seed4.csv.gz
imdbwiki,feasible,fedcvar,1.00,0.70,0,4000,500,0,,86.0104,tier5,107.985,79.3383,93.8702,81.0518,79.384,107.985,imdbwiki_feasible_fedcvar_a1.00_g0.70_seed0.csv.gz
imdbwiki,feasible,fedcvar,1.00,0.70,1,4000,500,0,,86.1475,tier5,107.595,79.7291,93.5272,81.7357,78.733,107.595,imdbwiki_feasible_fedcvar_a1.00_g0.70_seed1.csv.gz
imdbwiki,feasible,fedcvar,1.00,0.70,2,4000,500,0,,86.2754,tier5,107.514,79.3199,93.6086,82.0818,78.6285,107.514,imdbwiki_feasible_fedcvar_a1.00_g0.70_seed2.csv.gz
imdbwiki,feasible,fedcvar,1.00,0.70,3,4000,500,0,,86.9785,tier5,107.76,81.1092,93.4093,80.1155,78.0107,107.76,imdbwiki_feasible_fedcvar_a1.00_g0.70_seed3.csv.gz
imdbwiki,feasible,fedcvar,1.00,0.70,4,4000,500,0,,86.4461,tier5,107.385,79.9567,94.1567,79.6929,78.6824,107.385,imdbwiki_feasible_fedcvar_a1.00_g0.70_seed4.csv.gz
imdbwiki,feasible,fedcvar,1.00,0.80,0,4000,500,0,,86.0104,tier5,107.985,79.3383,93.8702,81.0518,79.384,107.985,imdbwiki_feasible_fedcvar_a1.00_g0.80_seed0.csv.gz
imdbwiki,feasible,fedcvar,1.00,0.80,1,4000,500,0,,86.1475,tier5,107.595,79.7291,93.5272,81.7357,78.733,107.595,imdbwiki_feasible_fedcvar_a1.00_g0.80_seed1.csv.gz
imdbwiki,feasible,fedcvar,1.00,0.80,2,4000,500,0,,86.2754,tier5,107.514,79.3199,93.6086,82.0818,78.6285,107.514,imdbwiki_feasible_fedcvar_a1.00_g0.80_seed2.csv.gz
imdbwiki,feasible,fedcvar,1.00,0.80,3,4000,500,0,,86.9785,tier5,107.76,81.1092,93.4093,80.1155,78.0107,107.76,imdbwiki_feasible_fedcvar_a1.00_g0.80_seed3.csv.gz
imdbwiki,feasible,fedcvar,1.00,0.80,4,4000,500,0,,86.4461,tier5,107.385,79.9567,94.1567,79.6929,78.6824,107.385,imdbwiki_feasible_fedcvar_a1.00_g0.80_seed4.csv.gz
imdbwiki,feasible,fedcvar,1.00,0.90,0,4000,500,0,,86.0104,tier5,107.985,79.3383,93.8702,81.0518,79.384,107.985,imdbwiki_feasible_fedcvar_a1.00_g0.90_seed0.csv.gz
imdbwiki,feasible,fedcvar,1.00,0.90,1,4000,500,0,,86.1475,tier5,107.595,79.7291,93.5272,81.7357,78.733,107.595,imdbwiki_feasible_fedcvar_a1.00_g0.90_seed1.csv.gz
imdbwiki,feasible,fedcvar,1.00,0.90,2,4000,500,0,,86.2754,tier5,107.514,79.3199,93.6086,82.0818,78.6285,107.514,imdbwiki_feasible_fedcvar_a1.00_g0.90_seed2.csv.gz
imdbwiki,feasible,fedcvar,1.00,0.90,3,4000,500,0,,86.9785,tier5,107.76,81.1092,93.4093,80.1155,78.0107,107.76,imdbwiki_feasible_fedcvar_a1.00_g0.90_seed3.csv.gz
imdbwiki,feasible,fedcvar,1.00,0.90,4,4000,500,0,,86.4461,tier5,107.385,79.9567,94.1567,79.6929,78.6824,107.385,imdbwiki_feasible_fedcvar_a1.00_g0.90_seed4.csv.gz
imdbwiki,feasible,fedcvar,1.00,1.00,0,4000,500,0,,86.0104,tier5,107.985,79.3383,93.8702,81.0518,79.384,107.985,imdbwiki_feasible_fedcvar_a1.00_g1.00_seed0.csv.gz
imdbwiki,feasible,fedcvar,1.00,1.00,1,4000,500,0,,86.1475,tier5,107.595,79.7291,93.5272,81.7357,78.733,107.595,imdbwiki_feasible_fedcvar_a1.00_g1.00_seed1.csv.gz
imdbwiki,feasible,fedcvar,1.00,1.00,2,4000,500,0,,86.2754,tier5,107.514,79.3199,93.6086,82.0818,78.6285,107.514,imdbwiki_feasible_fedcvar_a1.00_g1.00_seed2.csv.gz
imdbwiki,feasible,fedcvar,1.00,1.00,3,4000,500,0,,86.9785,tier5,107.76,81.1092,93.4093,80.1155,78.0107,107.76,imdbwiki_feasible_fedcvar_a1.00_g1.00_seed3.csv.gz
imdbwiki,feasible,fedcvar,1.00,1.00,4,4000,500,0,,86.4461,tier5,107.385,79.9567,94.1567,79.6929,78.6824,107.385,imdbwiki_feasible_fedcvar_a1.00_g1.00_seed4.csv.gz
imdbwiki,feasible,full,,,0,4000,500,0,,82.9485,tier5,116.685,72.2286,97.2311,91.0512,90.3402,116.685,imdbwiki_feasible_full_seed0.csv.gz
imdbwiki,feasible,full,,,1,4000,500,0,,82.9485,tier5,116.685,72.2286,97.2311,91.0512,90.3402,116.685,imdbwiki_feasible_full_seed1.csv.gz
imdbwiki,feasible,full,,,2,4000,500,0,,82.9485,tier5,116.685,72.2286,97.2311,91.0512,90.3402,116.685,imdbwiki_feasible_full_seed2.csv.gz
imdbwiki,feasible,full,,,3,4000,500,0,,82.9485,tier5,116.685,72.2286,97.2311,91.0512,90.3402,116.685,imdbwiki_feasible_full_seed3.csv.gz
imdbwiki,feasible,full,,,4,4000,500,0,,82.9485,tier5,116.685,72.2286,97.2311,91.0512,90.3402,116.685,imdbwiki_feasible_full_seed4.csv.gz
imdbwiki,feasible,downsample,,,0,4000,500,0,,84.0826,tier5,115.758,75.1465,95.5163,87.8451,89.285,115.758,imdbwiki_feasible_downsample_seed0.csv.gz
imdbwiki,feasible,downsample,,,1,4000,500,0,,84.3422,tier5,114.595,75.6972,95.0953,88.9334,88.8082,114.595,imdbwiki_feasible_downsample_seed1.csv.gz
imdbwiki,feasible,downsample,,,2,4000,500,0,,84.3797,tier5,114.796,74.8062,95.5533,89.4207,87.7757,114.796,imdbwiki_feasible_downsample_seed2.csv.gz
imdbwiki,feasible,downsample,,,3,4000,500,0,,84.844,tier5,114.657,76.8265,94.3566,86.7078,86.6638,114.657,imdbwiki_feasible_downsample_seed3.csv.gz
imdbwiki,feasible,downsample,,,4,4000,500,0,,84.3347,tier5,113.908,75.4794,95.6796,86.0803,88.1096,113.908,imdbwiki_feasible_downsample_seed4.csv.gz
imdbwiki,feasible,ipw,,,0,4000,500,0,,84.0826,tier5,115.758,75.1465,95.5163,87.8451,89.285,115.758,imdbwiki_feasible_ipw_seed0.csv.gz
imdbwiki,feasible,ipw,,,1,4000,500,0,,84.3422,tier5,114.595,75.6972,95.0953,88.9334,88.8082,114.595,imdbwiki_feasible_ipw_seed1.csv.gz
imdbwiki,feasible,ipw,,,2,4000,500,0,,84.3797,tier5,114.796,74.8062,95.5533,89.4207,87.7757,114.796,imdbwiki_feasible_ipw_seed2.csv.gz
imdbwiki,feasible,ipw,,,3,4000,500,0,,84.844,tier5,114.657,76.8265,94.3566,86.7078,86.6638,114.657,imdbwiki_feasible_ipw_seed3.csv.gz
imdbwiki,feasible,ipw,,,4,4000,500,0,,84.3347,tier5,113.908,75.4794,95.6796,86.0803,88.1096,113.908,imdbwiki_feasible_ipw_seed4.csv.gz
imdbwiki,feasible,lds,,,0,4000,500,0,,89.6327,tier5,109.366,84.8677,95.9669,83.7371,91.851,109.366,imdbwiki_feasible_lds_seed0.csv.gz
imdbwiki,feasible,lds,,,1,4000,500,0,,89.6817,tier5,109.105,85.2021,95.2124,84.4868,91.3819,109.105,imdbwiki_feasible_lds_seed1.csv.gz
imdbwiki,feasible,lds,,,2,4000,500,0,,88.6348,tier5,107.529,83.5166,93.9484,84.4187,89.2257,107.529,imdbwiki_feasible_lds_seed2.csv.gz
imdbwiki,feasible,lds,,,3,4000,500,0,,89.4161,tier5,107.473,85.2278,94.7667,81.99,89.1258,107.473,imdbwiki_feasible_lds_seed3.csv.gz
imdbwiki,feasible,lds,,,4,4000,500,0,,89.7859,tier5,108.739,85.2418,95.7953,82.1886,91.5992,108.739,imdbwiki_feasible_lds_seed4.csv.gz
