dataset,regime,model,alpha,gamma,seed,rounds,tail,diverged,death_round,overall_tail,worst_group,worst_group_tail,group_tail_White,group_tail_Black,group_tail_Asian-Pac-Islander,group_tail_Amer-Indian-Eskimo,group_tail_Other,file
adult,infeasible,fedavg,,,0,4000,500,0,,0.207638,White,0.374319,0.374319,0.17558,0.322818,0.130032,0.0354428,adult_infeasible_fedavg_seed0.csv.gz
adult,infeasible,fedavg,,,1,4000,500,0,,0.207628,White,0.373824,0.373824,0.174182,0.324265,0.130292,0.0355781,adult_infeasible_fedavg_seed1.csv.gz
adult,infeasible,fedavg,,,2,4000,500,0,,0.207705,White,0.373077,0.373077,0.174914,0.326221,0.130028,0.034286,adult_infeasible_fedavg_seed2.csv.gz
adult,infeasible,fedavg,,,3,4000,500,0,,0.207703,White,0.374243,0.374243,0.176262,0.323714,0.12851,0.0357833,adult_infeasible_fedavg_seed3.csv.gz
adult,infeasible,fedavg,,,4,4000,500,0,,0.207691,White,0.376749,0.376749,0.174786,0.319955,0.132214,0.0347504,adult_infeasible_fedavg_seed4.csv.gz
adult,infeasible,fedavg_mk,,,0,4000,500,1,16,1e+12,White,9.99997e+11,9.99997e+11,9.99997e+11,9.99997e+11,9.99997e+11,9.99997e+11,adult_infeasible_fedavg_mk_seed0.csv.gz
adult,infeasible,fedavg_mk,,,1,4000,500,1,14,1e+12,White,9.99997e+11,9.99997e+11,9.99997e+11,9.99997e+11,9.99997e+11,9.99997e+11,adult_infeasible_fedavg_mk_seed1.csv.gz
adult,infeasible,fedavg_mk,,,2,4000,500,1,14,1e+12,White,9.99997e+11,9.99997e+11,9.99997e+11,9.99997e+11,9.99997e+11,9.99997e+11,adult_infeasible_fedavg_mk_seed2.csv.gz
adult,infeasible,fedavg_mk,,,3,4000,500,1,18,1e+12,White,9.99997e+11,9.99997e+11,9.99997e+11,9.99997e+11,9.99997e+11,9.99997e+11,adult_infeasible_fedavg_mk_seed3.csv.gz
adult,infeasible,fedavg_mk,,,4,4000,500,1,13,1e+12,White,9.99997e+11,9.99997e+11,9.99997e+11,9.99997e+11,9.99997e+11,9.99997e+11,adult_infeasible_fedavg_mk_seed4.csv.gz
adult,infeasible,fedavot,,,0,4000,500,0,,0.207451,White,0.378738,0.378738,0.177632,0.326246,0.122677,0.0319608,adult_infeasible_fedavot_seed0.csv.gz
adult,infeasible,fedavot,,,1,4000,500,0,,0.207404,White,0.377957,0.377957,0.176328,0.327636,0.122979,0.0321195,adult_infeasible_fedavot_seed1.csv.gz
adult,infeasible,fedavot,,,2,4000,500,0,,0.20753,White,0.377404,0.377404,0.176948,0.32956,0.122766,0.0309709,adult_infeasible_fedavot_seed2.csv.gz
adult,infeasible,fedavot,,,3,4000,500,0,,0.207543,White,0.378558,0.378558,0.178172,0.327176,0.121377,0.0324318,adult_infeasible_fedavot_seed3.csv.gz
adult,infeasible,fedavot,,,4,4000,500,0,,0.207472,White,0.380953,0.380953,0.176878,0.323392,0.124661,0.031478,adult_infeasible_fedavot_seed4.csv.gz
adult,infeasible,fedavot_cvar,0.10,0.10,0,4000,500,0,,0.238095,White,0.35332,0.35332,0.217317,0.328461,0.188776,0.102601,adult_infeasible_fedavot_cvar_a0.10_g0.10_seed0.csv.gz
adult,infeasible,fedavot_cvar,0.10,0.10,1,4000,500,0,,0.235831,White,0.352768,0.352768,0.213925,0.326691,0.186513,0.0992586,adult_infeasible_fedavot_cvar_a0.10_g0.10_seed1.csv.gz
adult,infeasible,fedavot_cvar,0.10,0.10,2,4000,500,0,,0.236321,White,0.351338,0.351338,0.2156,0.329409,0.182855,0.102405,adult_infeasible_fedavot_cvar_a0.10_g0.10_seed2.csv.gz
adult,infeasible,fedavot_cvar,0.10,0.10,3,4000,500,0,,0.23714,White,0.353297,0.353297,0.215802,0.327773,0.184736,0.104091,adult_infeasible_fedavot_cvar_a0.10_g0.10_seed3.csv.gz
adult,infeasible,fedavot_cvar,0.10,0.10,4,4000,500,0,,0.236455,White,0.355318,0.355318,0.214607,0.324478,0.190321,0.0975526,adult_infeasible_fedavot_cvar_a0.10_g0.10_seed4.csv.gz
adult,infeasible,fedavot_cvar,0.10,0.20,0,4000,500,0,,0.232018,White,0.352913,0.352913,0.213288,0.329452,0.183245,0.0811936,adult_infeasible_fedavot_cvar_a0.10_g0.20_seed0.csv.gz
adult,infeasible,fedavot_cvar,0.10,0.20,1,4000,500,0,,0.230528,White,0.352289,0.352289,0.210349,0.328153,0.179781,0.0820673,adult_infeasible_fedavot_cvar_a0.10_g0.20_seed1.csv.gz
adult,infeasible,fedavot_cvar,0.10,0.20,2,4000,500,0,,0.230302,White,0.351532,0.351532,0.21157,0.330456,0.176518,0.0814357,adult_infeasible_fedavot_cvar_a0.10_g0.20_seed2.csv.gz
adult,infeasible,fedavot_cvar,0.10,0.20,3,4000,500,0,,0.230912,White,0.353179,0.353179,0.212236,0.328908,0.178534,0.0817025,adult_infeasible_fedavot_cvar_a0.10_g0.20_seed3.csv.gz
adult,infeasible,fedavot_cvar,0.10,0.20,4,4000,500,0,,0.231024,White,0.355258,0.355258,0.211792,0.325378,0.184146,0.0785439,adult_infeasible_fedavot_cvar_a0.10_g0.20_seed4.csv.gz
adult,infeasible,fedavot_cvar,0.10,0.30,0,4000,500,0,,0.228566,White,0.352492,0.352492,0.209842,0.331124,0.177014,0.0723581,adult_infeasible_fedavot_cvar_a0.10_g0.30_seed0.csv.gz
adult,infeasible,fedavot_cvar,0.10,0.30,1,4000,500,0,,0.227403,White,0.352125,0.352125,0.207793,0.329437,0.174406,0.0732544,adult_infeasible_fedavot_cvar_a0.10_g0.30_seed1.csv.gz
adult,infeasible,fedavot_cvar,0.10,0.30,2,4000,500,0,,0.226756,White,0.351415,0.351415,0.208192,0.331756,0.171179,0.0712378,adult_infeasible_fedavot_cvar_a0.10_g0.30_seed2.csv.gz
adult,infeasible,fedavot_cvar,0.10,0.30,3,4000,500,0,,0.227475,White,0.352989,0.352989,0.208759,0.330588,0.17243,0.0726117,adult_infeasible_fedavot_cvar_a0.10_g0.30_seed3.csv.gz
adult,infeasible,fedavot_cvar,0.10,0.30,4,4000,500,0,,0.227596,White,0.354702,0.354702,0.208434,0.327045,0.178209,0.0695898,adult_infeasible_fedavot_cvar_a0.10_g0.30_seed4.csv.gz
adult,infeasible,fedavot_cvar,0.10,0.40,0,4000,500,0,,0.225343,White,0.352319,0.352319,0.206372,0.332059,0.170964,0.065003,adult_infeasible_fedavot_cvar_a0.10_g0.40_seed0.csv.gz
adult,infeasible,fedavot_cvar,0.10,0.40,1,4000,500,0,,0.224465,White,0.352112,0.352112,0.204344,0.330617,0.168533,0.0667168,adult_infeasible_fedavot_cvar_a0.10_g0.40_seed1.csv.gz
adult,infeasible,fedavot_cvar,0.10,0.40,2,4000,500,0,,0.223805,White,0.351474,0.351474,0.204683,0.333076,0.166123,0.0636679,adult_infeasible_fedavot_cvar_a0.10_g0.40_seed2.csv.gz
adult,infeasible,fedavot_cvar,0.10,0.40,3,4000,500,0,,0.224427,White,0.353255,0.353255,0.205549,0.331755,0.166361,0.0652172,adult_infeasible_fedavot_cvar_a0.10_g0.40_seed3.csv.gz
adult,infeasible,fedavot_cvar,0.10,0.40,4,4000,500,0,,0.224623,White,0.354735,0.354735,0.205451,0.328379,0.171347,0.0632012,adult_infeasible_fedavot_cvar_a0.10_g0.40_seed4.csv.gz
adult,infeasible,fedavot_cvar,0.10,0.50,0,4000,500,0,,0.222471,White,0.352578,0.352578,0.203022,0.332671,0.164707,0.0593787,adult_infeasible_fedavot_cvar_a0.10_g0.50_seed0.csv.gz
adult,infeasible,fedavot_cvar,0.10,0.50,1,4000,500,0,,0.221605,White,0.35232,0.35232,0.200993,0.331946,0.161948,0.0608183,adult_infeasible_fedavot_cvar_a0.10_g0.50_seed1.csv.gz
adult,infeasible,fedavot_cvar,0.10,0.50,2,4000,500,0,,0.221236,White,0.351658,0.351658,0.201493,0.334233,0.160577,0.0582172,adult_infeasible_fedavot_cvar_a0.10_g0.50_seed2.csv.gz
adult,infeasible,fedavot_cvar,0.10,0.50,3,4000,500,0,,0.221786,White,0.353448,0.353448,0.202637,0.332759,0.16046,0.059626,adult_infeasible_fedavot_cvar_a0.10_g0.50_seed3.csv.gz
adult,infeasible,fedavot_cvar,0.10,0.50,4,4000,500,0,,0.221806,White,0.35491,0.35491,0.201866,0.32911,0.16482,0.0583271,adult_infeasible_fedavot_cvar_a0.10_g0.50_seed4.csv.gz
adult,infeasible,fedavot_cvar,0.10,0.60,0,4000,500,0,,0.219322,White,0.353284,0.353284,0.199156,0.331852,0.157833,0.0544837,adult_infeasible_fedavot_cvar_a0.10_g0.60_seed0.csv.gz
adult,infeasible,fedavot_cvar,0.10,0.60,1,4000,500,0,,0.218742,White,0.353298,0.353298,0.197392,0.331549,0.155925,0.055548,adult_infeasible_fedavot_cvar_a0.10_g0.60_seed1.csv.gz
adult,infeasible,fedavot_cvar,0.10,0.60,2,4000,500,0,,0.218358,White,0.352789,0.352789,0.198121,0.33316,0.154673,0.0530491,adult_infeasible_fedavot_cvar_a0.10_g0.60_seed2.csv.gz
adult,infeasible,fedavot_cvar,0.10,0.60,3,4000,500,0,,0.218784,White,0.35443,0.35443,0.199225,0.331735,0.153544,0.0549879,adult_infeasible_fedavot_cvar_a0.10_g0.60_seed3.csv.gz
adult,infeasible,fedavot_cvar,0.10,0.60,4,4000,500,0,,0.218742,White,0.355562,0.355562,0.197978,0.328786,0.157977,0.0534073,adult_infeasible_fedavot_cvar_a0.10_g0.60_seed4.csv.gz
adult,infeasible,fedavot_cvar,0.10,0.70,0,4000,500,0,,0.216091,White,0.354917,0.354917,0.195029,0.329783,0.151069,0.0496564,adult_infeasible_fedavot_cvar_a0.10_g0.70_seed0.csv.gz
adult,infeasible,fedavot_cvar,0.10,0.70,1,4000,500,0,,0.215605,White,0.355162,0.355162,0.193373,0.32961,0.149457,0.0504246,adult_infeasible_fedavot_cvar_a0.10_g0.70_seed1.csv.gz
adult,infeasible,fedavot_cvar,0.10,0.70,2,4000,500,0,,0.215389,White,0.35466,0.35466,0.194206,0.331481,0.148467,0.0481294,adult_infeasible_fedavot_cvar_a0.10_g0.70_seed2.csv.gz
adult,infeasible,fedavot_cvar,0.10,0.70,3,4000,500,0,,0.21571,White,0.35608,0.35608,0.195085,0.330134,0.146837,0.0504131,adult_infeasible_fedavot_cvar_a0.10_g0.70_seed3.csv.gz
adult,infeasible,fedavot_cvar,0.10,0.70,4,4000,500,0,,0.215572,White,0.35749,0.35749,0.193786,0.32717,0.150699,0.0487144,adult_infeasible_fedavot_cvar_a0.10_g0.70_seed4.csv.gz
adult,infeasible,fedavot_cvar,0.10,0.80,0,4000,500,0,,0.212726,White,0.358768,0.358768,0.189306,0.327736,0.143226,0.0445966,adult_infeasible_fedavot_cvar_a0.10_g0.80_seed0.csv.gz
adult,infeasible,fedavot_cvar,0.10,0.80,1,4000,500,0,,0.212486,White,0.359151,0.359151,0.188313,0.327546,0.142297,0.0451243,adult_infeasible_fedavot_cvar_a0.10_g0.80_seed1.csv.gz
adult,infeasible,fedavot_cvar,0.10,0.80,2,4000,500,0,,0.212367,White,0.358597,0.358597,0.188913,0.329561,0.141783,0.0429802,adult_infeasible_fedavot_cvar_a0.10_g0.80_seed2.csv.gz
adult,infeasible,fedavot_cvar,0.10,0.80,3,4000,500,0,,0.212582,White,0.359803,0.359803,0.189858,0.328122,0.139807,0.0453186,adult_infeasible_fedavot_cvar_a0.10_g0.80_seed3.csv.gz
adult,infeasible,fedavot_cvar,0.10,0.80,4,4000,500,0,,0.212461,White,0.361372,0.361372,0.18838,0.325554,0.143242,0.0437566,adult_infeasible_fedavot_cvar_a0.10_g0.80_seed4.csv.gz
adult,infeasible,fedavot_cvar,0.10,0.90,0,4000,500,0,,0.209468,White,0.366429,0.366429,0.18331,0.324969,0.133877,0.038753,adult_infeasible_fedavot_cvar_a0.10_g0.90_seed0.csv.gz
adult,infeasible,fedavot_cvar,0.10,0.90,1,4000,500,0,,0.209443,White,0.366584,0.366584,0.182482,0.32505,0.133973,0.0391247,adult_infeasible_fedavot_cvar_a0.10_g0.90_seed1.csv.gz
adult,infeasible,fedavot_cvar,0.10,0.90,2,4000,500,0,,0.2095,White,0.365986,0.365986,0.183044,0.32713,0.133828,0.0375098,adult_infeasible_fedavot_cvar_a0.10_g0.90_seed2.csv.gz
adult,infeasible,fedavot_cvar,0.10,0.90,3,4000,500,0,,0.209518,White,0.367254,0.367254,0.184123,0.325014,0.131763,0.0394348,adult_infeasible_fedavot_cvar_a0.10_g0.90_seed3.csv.gz
adult,infeasible,fedavot_cvar,0.10,0.90,4,4000,500,0,,0.209497,White,0.3689,0.3689,0.182648,0.322499,0.135262,0.0381741,adult_infeasible_fedavot_cvar_a0.10_g0.90_seed4.csv.gz
adult,infeasible,fedavot_cvar,0.10,1.00,0,4000,500,0,,0.207451,White,0.378738,0.378738,0.177632,0.326246,0.122677,0.0319608,adult_infeasible_fedavot_cvar_a0.10_g1.00_seed0.csv.gz
adult,infeasible,fedavot_cvar,0.10,1.00,1,4000,500,0,,0.207404,White,0.377957,0.377957,0.176328,0.327636,0.122979,0.0321195,adult_infeasible_fedavot_cvar_a0.10_g1.00_seed1.csv.gz
adult,infeasible,fedavot_cvar,0.10,1.00,2,4000,500,0,,0.20753,White,0.377404,0.377404,0.176948,0.32956,0.122766,0.0309709,adult_infeasible_fedavot_cvar_a0.10_g1.00_seed2.csv.gz
adult,infeasible,fedavot_cvar,0.10,1.00,3,4000,500,0,,0.207543,White,0.378558,0.378558,0.178172,0.327176,0.121377,0.0324318,adult_infeasible_fedavot_cvar_a0.10_g1.00_seed3.csv.gz
adult,infeasible,fedavot_cvar,0.10,1.00,4,4000,500,0,,0.207472,White,0.380953,0.380953,0.176878,0.323392,0.124661,0.031478,adult_infeasible_fedavot_cvar_a0.10_g1.00_seed4.csv.gz
adult,infeasible,fedavot_cvar,0.20,0.10,0,4000,500,0,,0.235201,White,0.354502,0.354502,0.21434,0.321436,0.181631,0.104098,adult_infeasible_fedavot_cvar_a0.20_g0.10_seed0.csv.gz
adult,infeasible,fedavot_cvar,0.20,0.10,1,4000,500,0,,0.233611,White,0.355165,0.355165,0.211134,0.318901,0.182771,0.100085,adult_infeasible_fedavot_cvar_a0.20_g0.10_seed1.csv.gz
adult,infeasible,fedavot_cvar,0.20,0.10,2,4000,500,0,,0.234087,White,0.353562,0.353562,0.213267,0.322268,0.177236,0.104103,adult_infeasible_fedavot_cvar_a0.20_g0.10_seed2.csv.gz
adult,infeasible,fedavot_cvar,0.20,0.10,3,4000,500,0,,0.234719,White,0.354908,0.354908,0.213349,0.320692,0.179395,0.105251,adult_infeasible_fedavot_cvar_a0.20_g0.10_seed3.csv.gz
adult,infeasible,fedavot_cvar,0.20,0.10,4,4000,500,0,,0.234455,White,0.357531,0.357531,0.213645,0.317024,0.184531,0.0995448,adult_infeasible_fedavot_cvar_a0.20_g0.10_seed4.csv.gz
adult,infeasible,fedavot_cvar,0.20,0.20,0,4000,500,0,,0.228856,White,0.355146,0.355146,0.210587,0.320904,0.175339,0.0823044,adult_infeasible_fedavot_cvar_a0.20_g0.20_seed0.csv.gz
adult,infeasible,fedavot_cvar,0.20,0.20,1,4000,500,0,,0.227878,White,0.355582,0.355582,0.207809,0.318812,0.175881,0.0813089,adult_infeasible_fedavot_cvar_a0.20_g0.20_seed1.csv.gz
adult,infeasible,fedavot_cvar,0.20,0.20,2,4000,500,0,,0.227746,White,0.35383,0.35383,0.209372,0.322517,0.171022,0.081988,adult_infeasible_fedavot_cvar_a0.20_g0.20_seed2.csv.gz
adult,infeasible,fedavot_cvar,0.20,0.20,3,4000,500,0,,0.228132,White,0.355328,0.355328,0.209851,0.320631,0.172712,0.0821364,adult_infeasible_fedavot_cvar_a0.20_g0.20_seed3.csv.gz
adult,infeasible,fedavot_cvar,0.20,0.20,4,4000,500,0,,0.228321,White,0.357769,0.357769,0.210002,0.317236,0.177074,0.0795235,adult_infeasible_fedavot_cvar_a0.20_g0.20_seed4.csv.gz
adult,infeasible,fedavot_cvar,0.20,0.30,0,4000,500,0,,0.225051,White,0.35589,0.35589,0.207208,0.320693,0.169378,0.0720863,adult_infeasible_fedavot_cvar_a0.20_g0.30_seed0.csv.gz
adult,infeasible,fedavot_cvar,0.20,0.30,1,4000,500,0,,0.22435,White,0.356336,0.356336,0.204729,0.318814,0.169764,0.0721051,adult_infeasible_fedavot_cvar_a0.20_g0.30_seed1.csv.gz
adult,infeasible,fedavot_cvar,0.20,0.30,2,4000,500,0,,0.223984,White,0.354639,0.354639,0.205924,0.322609,0.165358,0.0713904,adult_infeasible_fedavot_cvar_a0.20_g0.30_seed2.csv.gz
adult,infeasible,fedavot_cvar,0.20,0.30,3,4000,500,0,,0.224379,White,0.356048,0.356048,0.206384,0.320979,0.166722,0.0717627,adult_infeasible_fedavot_cvar_a0.20_g0.30_seed3.csv.gz
adult,infeasible,fedavot_cvar,0.20,0.30,4,4000,500,0,,0.224599,White,0.358641,0.358641,0.206513,0.317275,0.170753,0.0698148,adult_infeasible_fedavot_cvar_a0.20_g0.30_seed4.csv.gz
adult,infeasible,fedavot_cvar,0.20,0.40,0,4000,500,0,,0.221928,White,0.356939,0.356939,0.203952,0.320817,0.16361,0.0643204,adult_infeasible_fedavot_cvar_a0.20_g0.40_seed0.csv.gz
adult,infeasible,fedavot_cvar,0.20,0.40,1,4000,500,0,,0.22127,White,0.357425,0.357425,0.201581,0.319111,0.163631,0.064605,adult_infeasible_fedavot_cvar_a0.20_g0.40_seed1.csv.gz
adult,infeasible,fedavot_cvar,0.20,0.40,2,4000,500,0,,0.22091,White,0.356017,0.356017,0.202541,0.32271,0.160077,0.0632051,adult_infeasible_fedavot_cvar_a0.20_g0.40_seed2.csv.gz
adult,infeasible,fedavot_cvar,0.20,0.40,3,4000,500,0,,0.221337,White,0.357158,0.357158,0.2033,0.321216,0.160743,0.0642703,adult_infeasible_fedavot_cvar_a0.20_g0.40_seed3.csv.gz
adult,infeasible,fedavot_cvar,0.20,0.40,4,4000,500,0,,0.221532,White,0.359876,0.359876,0.203342,0.317215,0.164851,0.0623772,adult_infeasible_fedavot_cvar_a0.20_g0.40_seed4.csv.gz
adult,infeasible,fedavot_cvar,0.20,0.50,0,4000,500,0,,0.219002,White,0.358492,0.358492,0.200502,0.320897,0.157482,0.057636,adult_infeasible_fedavot_cvar_a0.20_g0.50_seed0.csv.gz
adult,infeasible,fedavot_cvar,0.20,0.50,1,4000,500,0,,0.2185,White,0.358771,0.358771,0.198245,0.319589,0.157767,0.0581279,adult_infeasible_fedavot_cvar_a0.20_g0.50_seed1.csv.gz
adult,infeasible,fedavot_cvar,0.20,0.50,2,4000,500,0,,0.218193,White,0.357612,0.357612,0.199137,0.323153,0.154311,0.0567504,adult_infeasible_fedavot_cvar_a0.20_g0.50_seed2.csv.gz
adult,infeasible,fedavot_cvar,0.20,0.50,3,4000,500,0,,0.218612,White,0.358795,0.358795,0.200035,0.321612,0.154683,0.0579336,adult_infeasible_fedavot_cvar_a0.20_g0.50_seed3.csv.gz
adult,infeasible,fedavot_cvar,0.20,0.50,4,4000,500,0,,0.218822,White,0.361337,0.361337,0.200118,0.317565,0.158718,0.0563704,adult_infeasible_fedavot_cvar_a0.20_g0.50_seed4.csv.gz
adult,infeasible,fedavot_cvar,0.20,0.60,0,4000,500,0,,0.21636,White,0.360709,0.360709,0.197005,0.32061,0.151533,0.0519442,adult_infeasible_fedavot_cvar_a0.20_g0.60_seed0.csv.gz
adult,infeasible,fedavot_cvar,0.20,0.60,1,4000,500,0,,0.215969,White,0.360825,0.360825,0.195053,0.319868,0.151567,0.0525316,adult_infeasible_fedavot_cvar_a0.20_g0.60_seed1.csv.gz
adult,infeasible,fedavot_cvar,0.20,0.60,2,4000,500,0,,0.215665,White,0.359683,0.359683,0.195788,0.323108,0.14881,0.0509349,adult_infeasible_fedavot_cvar_a0.20_g0.60_seed2.csv.gz
adult,infeasible,fedavot_cvar,0.20,0.60,3,4000,500,0,,0.216107,White,0.360842,0.360842,0.196841,0.321572,0.148745,0.0525361,adult_infeasible_fedavot_cvar_a0.20_g0.60_seed3.csv.gz
adult,infeasible,fedavot_cvar,0.20,0.60,4,4000,500,0,,0.216278,White,0.363486,0.363486,0.19663,0.317768,0.152448,0.0510573,adult_infeasible_fedavot_cvar_a0.20_g0.60_seed4.csv.gz
adult,infeasible,fedavot_cvar,0.20,0.70,0,4000,500,0,,0.213797,White,0.363617,0.363617,0.193496,0.318988,0.145869,0.0470155,adult_infeasible_fedavot_cvar_a0.20_g0.70_seed0.csv.gz
adult,infeasible,fedavot_cvar,0.20,0.70,1,4000,500,0,,0.213476,White,0.363601,0.363601,0.19154,0.318937,0.145692,0.0476102,adult_infeasible_fedavot_cvar_a0.20_g0.70_seed1.csv.gz
adult,infeasible,fedavot_cvar,0.20,0.70,2,4000,500,0,,0.213268,White,0.362681,0.362681,0.192374,0.321678,0.143534,0.0460714,adult_infeasible_fedavot_cvar_a0.20_g0.70_seed2.csv.gz
adult,infeasible,fedavot_cvar,0.20,0.70,3,4000,500,0,,0.213593,White,0.3637,0.3637,0.19351,0.319961,0.143116,0.04768,adult_infeasible_fedavot_cvar_a0.20_g0.70_seed3.csv.gz
adult,infeasible,fedavot_cvar,0.20,0.70,4,4000,500,0,,0.213816,White,0.366453,0.366453,0.193073,0.316396,0.146775,0.0463823,adult_infeasible_fedavot_cvar_a0.20_g0.70_seed4.csv.gz
adult,infeasible,fedavot_cvar,0.20,0.80,0,4000,500,0,,0.211385,White,0.367468,0.367468,0.189422,0.317586,0.139963,0.0424869,adult_infeasible_fedavot_cvar_a0.20_g0.80_seed0.csv.gz
adult,infeasible,fedavot_cvar,0.20,0.80,1,4000,500,0,,0.211097,White,0.367138,0.367138,0.187715,0.317909,0.139841,0.0428832,adult_infeasible_fedavot_cvar_a0.20_g0.80_seed1.csv.gz
adult,infeasible,fedavot_cvar,0.20,0.80,2,4000,500,0,,0.210981,White,0.366523,0.366523,0.18853,0.320252,0.138322,0.0412787,adult_infeasible_fedavot_cvar_a0.20_g0.80_seed2.csv.gz
adult,infeasible,fedavot_cvar,0.20,0.80,3,4000,500,0,,0.211254,White,0.367489,0.367489,0.189661,0.318586,0.137515,0.0430179,adult_infeasible_fedavot_cvar_a0.20_g0.80_seed3.csv.gz
adult,infeasible,fedavot_cvar,0.20,0.80,4,4000,500,0,,0.211472,White,0.370223,0.370223,0.188933,0.314997,0.141346,0.0418576,adult_infeasible_fedavot_cvar_a0.20_g0.80_seed4.csv.gz
adult,infeasible,fedavot_cvar,0.20,0.90,0,4000,500,0,,0.209092,White,0.371986,0.371986,0.183837,0.319355,0.132745,0.0375375,adult_infeasible_fedavot_cvar_a0.20_g0.90_seed0.csv.gz
adult,infeasible,fedavot_cvar,0.20,0.90,1,4000,500,0,,0.208853,White,0.371241,0.371241,0.18237,0.320359,0.132509,0.0377873,adult_infeasible_fedavot_cvar_a0.20_g0.90_seed1.csv.gz
adult,infeasible,fedavot_cvar,0.20,0.90,2,4000,500,0,,0.20887,White,0.370711,0.370711,0.183089,0.322419,0.131796,0.0363343,adult_infeasible_fedavot_cvar_a0.20_g0.90_seed2.csv.gz
adult,infeasible,fedavot_cvar,0.20,0.90,3,4000,500,0,,0.209005,White,0.371809,0.371809,0.184099,0.32059,0.130569,0.0379587,adult_infeasible_fedavot_cvar_a0.20_g0.90_seed3.csv.gz
adult,infeasible,fedavot_cvar,0.20,0.90,4,4000,500,0,,0.20919,White,0.374503,0.374503,0.183188,0.316743,0.134579,0.0369382,adult_infeasible_fedavot_cvar_a0.20_g0.90_seed4.csv.gz
adult,infeasible,fedavot_cvar,0.20,1.00,0,4000,500,0,,0.207451,White,0.378738,0.378738,0.177632,0.326246,0.122677,0.0319608,adult_infeasible_fedavot_cvar_a0.20_g1.00_seed0.csv.gz
adult,infeasible,fedavot_cvar,0.20,1.00,1,4000,500,0,,0.207404,White,0.377957,0.377957,0.176328,0.327636,0.122979,0.0321195,adult_infeasible_fedavot_cvar_a0.20_g1.00_seed1.csv.gz
adult,infeasible,fedavot_cvar,0.20,1.00,2,4000,500,0,,0.20753,White,0.377404,0.377404,0.176948,0.32956,0.122766,0.0309709,adult_infeasible_fedavot_cvar_a0.20_g1.00_seed2.csv.gz
adult,infeasible,fedavot_cvar,0.20,1.00,3,4000,500,0,,0.207543,White,0.378558,0.378558,0.178172,0.327176,0.121377,0.0324318,adult_infeasible_fedavot_cvar_a0.20_g1.00_seed3.csv.gz
adult,infeasible,fedavot_cvar,0.20,1.00,4,4000,500,0,,0.207472,White,0.380953,0.380953,0.176878,0.323392,0.124661,0.031478,adult_infeasible_fedavot_cvar_a0.20_g1.00_seed4.csv.gz
adult,infeasible,fedavot_cvar,0.30,0.10,0,4000,500,0,,0.231284,White,0.360223,0.360223,0.208337,0.309163,0.178631,0.100064,adult_infeasible_fedavot_cvar_a0.30_g0.10_seed0.csv.gz
adult,infeasible,fedavot_cvar,0.30,0.10,1,4000,500,0,,0.230152,White,0.360664,0.360664,0.205171,0.307866,0.18095,0.0961111,adult_infeasible_fedavot_cvar_a0.30_g0.10_seed1.csv.gz
adult,infeasible,fedavot_cvar,0.30,0.10,2,4000,500,0,,0.230597,White,0.358774,0.358774,0.207248,0.311,0.176518,0.0994476,adult_infeasible_fedavot_cvar_a0.30_g0.10_seed2.csv.gz
adult,infeasible,fedavot_cvar,0.30,0.10,3,4000,500,0,,0.231232,White,0.359912,0.359912,0.207453,0.309751,0.178815,0.100231,adult_infeasible_fedavot_cvar_a0.30_g0.10_seed3.csv.gz
adult,infeasible,fedavot_cvar,0.30,0.10,4,4000,500,0,,0.231188,White,0.36405,0.36405,0.208259,0.304996,0.183905,0.0947304,adult_infeasible_fedavot_cvar_a0.30_g0.10_seed4.csv.gz
adult,infeasible,fedavot_cvar,0.30,0.20,0,4000,500,0,,0.225198,White,0.361372,0.361372,0.205285,0.308569,0.172133,0.0786319,adult_infeasible_fedavot_cvar_a0.30_g0.20_seed0.csv.gz
adult,infeasible,fedavot_cvar,0.30,0.20,1,4000,500,0,,0.224646,White,0.361496,0.361496,0.202251,0.307593,0.174116,0.0777746,adult_infeasible_fedavot_cvar_a0.30_g0.20_seed1.csv.gz
adult,infeasible,fedavot_cvar,0.30,0.20,2,4000,500,0,,0.224614,White,0.359899,0.359899,0.204345,0.310613,0.169943,0.0782725,adult_infeasible_fedavot_cvar_a0.30_g0.20_seed2.csv.gz
adult,infeasible,fedavot_cvar,0.30,0.20,3,4000,500,0,,0.22499,White,0.36104,0.36104,0.204689,0.3095,0.17183,0.0778902,adult_infeasible_fedavot_cvar_a0.30_g0.20_seed3.csv.gz
adult,infeasible,fedavot_cvar,0.30,0.20,4,4000,500,0,,0.225345,White,0.365095,0.365095,0.205232,0.30479,0.176415,0.0751933,adult_infeasible_fedavot_cvar_a0.30_g0.20_seed4.csv.gz
adult,infeasible,fedavot_cvar,0.30,0.30,0,4000,500,0,,0.221774,White,0.362675,0.362675,0.202403,0.3084,0.166551,0.0688394,adult_infeasible_fedavot_cvar_a0.30_g0.30_seed0.csv.gz
adult,infeasible,fedavot_cvar,0.30,0.30,1,4000,500,0,,0.221339,White,0.362617,0.362617,0.199558,0.307818,0.168209,0.0684902,adult_infeasible_fedavot_cvar_a0.30_g0.30_seed1.csv.gz
adult,infeasible,fedavot_cvar,0.30,0.30,2,4000,500,0,,0.221074,White,0.361206,0.361206,0.201386,0.310725,0.164179,0.0678768,adult_infeasible_fedavot_cvar_a0.30_g0.30_seed2.csv.gz
adult,infeasible,fedavot_cvar,0.30,0.30,3,4000,500,0,,0.221461,White,0.362355,0.362355,0.201887,0.309613,0.165642,0.0678083,adult_infeasible_fedavot_cvar_a0.30_g0.30_seed3.csv.gz
adult,infeasible,fedavot_cvar,0.30,0.30,4,4000,500,0,,0.222005,White,0.366492,0.366492,0.20259,0.304836,0.170243,0.0658665,adult_infeasible_fedavot_cvar_a0.30_g0.30_seed4.csv.gz
adult,infeasible,fedavot_cvar,0.30,0.40,0,4000,500,0,,0.218959,White,0.364104,0.364104,0.199586,0.308758,0.161016,0.0613338,adult_infeasible_fedavot_cvar_a0.30_g0.40_seed0.csv.gz
adult,infeasible,fedavot_cvar,0.30,0.40,1,4000,500,0,,0.21851,White,0.363952,0.363952,0.196656,0.30836,0.162381,0.0612016,adult_infeasible_fedavot_cvar_a0.30_g0.40_seed1.csv.gz
adult,infeasible,fedavot_cvar,0.30,0.40,2,4000,500,0,,0.218316,White,0.362762,0.362762,0.198468,0.311184,0.158857,0.060311,adult_infeasible_fedavot_cvar_a0.30_g0.40_seed2.csv.gz
adult,infeasible,fedavot_cvar,0.30,0.40,3,4000,500,0,,0.218714,White,0.363677,0.363677,0.199233,0.310236,0.15985,0.0605735,adult_infeasible_fedavot_cvar_a0.30_g0.40_seed3.csv.gz
adult,infeasible,fedavot_cvar,0.30,0.40,4,4000,500,0,,0.219303,White,0.367852,0.367852,0.19977,0.305492,0.164379,0.0590199,adult_infeasible_fedavot_cvar_a0.30_g0.40_seed4.csv.gz
adult,infeasible,fedavot_cvar,0.30,0.50,0,4000,500,0,,0.216535,White,0.365614,0.365614,0.196649,0.309644,0.1556,0.0551656,adult_infeasible_fedavot_cvar_a0.30_g0.50_seed0.csv.gz
adult,infeasible,fedavot_cvar,0.30,0.50,1,4000,500,0,,0.216004,White,0.365236,0.365236,0.193822,0.309604,0.156364,0.0549936,adult_infeasible_fedavot_cvar_a0.30_g0.50_seed1.csv.gz
adult,infeasible,fedavot_cvar,0.30,0.50,2,4000,500,0,,0.215855,White,0.364305,0.364305,0.195376,0.312257,0.153523,0.0538106,adult_infeasible_fedavot_cvar_a0.30_g0.50_seed2.csv.gz
adult,infeasible,fedavot_cvar,0.30,0.50,3,4000,500,0,,0.216305,White,0.365117,0.365117,0.196505,0.31129,0.15412,0.0544909,adult_infeasible_fedavot_cvar_a0.30_g0.50_seed3.csv.gz
adult,infeasible,fedavot_cvar,0.30,0.50,4,4000,500,0,,0.216925,White,0.36934,0.36934,0.19697,0.306522,0.158599,0.053196,adult_infeasible_fedavot_cvar_a0.30_g0.50_seed4.csv.gz
adult,infeasible,fedavot_cvar,0.30,0.60,0,4000,500,0,,0.214219,White,0.366993,0.366993,0.193338,0.311317,0.149874,0.0495737,adult_infeasible_fedavot_cvar_a0.30_g0.60_seed0.csv.gz
adult,infeasible,fedavot_cvar,0.30,0.60,1,4000,500,0,,0.213685,White,0.366566,0.366566,0.190621,0.311574,0.150277,0.04939,adult_infeasible_fedavot_cvar_a0.30_g0.60_seed1.csv.gz
adult,infeasible,fedavot_cvar,0.30,0.60,2,4000,500,0,,0.213577,White,0.365707,0.365707,0.191939,0.314144,0.147937,0.0481588,adult_infeasible_fedavot_cvar_a0.30_g0.60_seed2.csv.gz
adult,infeasible,fedavot_cvar,0.30,0.60,3,4000,500,0,,0.214024,White,0.36656,0.36656,0.193238,0.313129,0.148094,0.0491004,adult_infeasible_fedavot_cvar_a0.30_g0.60_seed3.csv.gz
adult,infeasible,fedavot_cvar,0.30,0.60,4,4000,500,0,,0.21458,White,0.370621,0.370621,0.193534,0.308342,0.152495,0.0479069,adult_infeasible_fedavot_cvar_a0.30_g0.60_seed4.csv.gz
adult,infeasible,fedavot_cvar,0.30,0.70,0,4000,500,0,,0.21194,White,0.368519,0.368519,0.189438,0.313829,0.143461,0.0444545,adult_infeasible_fedavot_cvar_a0.30_g0.70_seed0.csv.gz
adult,infeasible,fedavot_cvar,0.30,0.70,1,4000,500,0,,0.211501,White,0.368061,0.368061,0.186956,0.3144,0.143789,0.0442984,adult_infeasible_fedavot_cvar_a0.30_g0.70_seed1.csv.gz
adult,infeasible,fedavot_cvar,0.30,0.70,2,4000,500,0,,0.211443,White,0.367317,0.367317,0.188028,0.316846,0.141973,0.0430514,adult_infeasible_fedavot_cvar_a0.30_g0.70_seed2.csv.gz
adult,infeasible,fedavot_cvar,0.30,0.70,3,4000,500,0,,0.21184,White,0.368169,0.368169,0.189462,0.315664,0.141695,0.0442102,adult_infeasible_fedavot_cvar_a0.30_g0.70_seed3.csv.gz
adult,infeasible,fedavot_cvar,0.30,0.70,4,4000,500,0,,0.212276,White,0.371858,0.371858,0.189403,0.311004,0.145998,0.043117,adult_infeasible_fedavot_cvar_a0.30_g0.70_seed4.csv.gz
adult,infeasible,fedavot_cvar,0.30,0.80,0,4000,500,0,,0.209856,White,0.370623,0.370623,0.185344,0.316577,0.136976,0.0397588,adult_infeasible_fedavot_cvar_a0.30_g0.80_seed0.csv.gz
adult,infeasible,fedavot_cvar,0.30,0.80,1,4000,500,0,,0.209548,White,0.370272,0.370272,0.183053,0.31759,0.136936,0.0398897,adult_infeasible_fedavot_cvar_a0.30_g0.80_seed1.csv.gz
adult,infeasible,fedavot_cvar,0.30,0.80,2,4000,500,0,,0.209593,White,0.369557,0.369557,0.184119,0.319874,0.135722,0.0386933,adult_infeasible_fedavot_cvar_a0.30_g0.80_seed2.csv.gz
adult,infeasible,fedavot_cvar,0.30,0.80,3,4000,500,0,,0.209855,White,0.370394,0.370394,0.185452,0.318293,0.135269,0.0398657,adult_infeasible_fedavot_cvar_a0.30_g0.80_seed3.csv.gz
adult,infeasible,fedavot_cvar,0.30,0.80,4,4000,500,0,,0.210113,White,0.373695,0.373695,0.184947,0.313942,0.139117,0.0388663,adult_infeasible_fedavot_cvar_a0.30_g0.80_seed4.csv.gz
adult,infeasible,fedavot_cvar,0.30,0.90,0,4000,500,0,,0.208212,White,0.373885,0.373885,0.181386,0.319878,0.130241,0.0356702,adult_infeasible_fedavot_cvar_a0.30_g0.90_seed0.csv.gz
adult,infeasible,fedavot_cvar,0.30,0.90,1,4000,500,0,,0.208022,White,0.373456,0.373456,0.179432,0.321037,0.130289,0.0358975,adult_infeasible_fedavot_cvar_a0.30_g0.90_seed1.csv.gz
adult,infeasible,fedavot_cvar,0.30,0.90,2,4000,500,0,,0.208139,White,0.372797,0.372797,0.180291,0.323329,0.129576,0.0347018,adult_infeasible_fedavot_cvar_a0.30_g0.90_seed2.csv.gz
adult,infeasible,fedavot_cvar,0.30,0.90,3,4000,500,0,,0.208282,White,0.373747,0.373747,0.181565,0.3214,0.128659,0.0360395,adult_infeasible_fedavot_cvar_a0.30_g0.90_seed3.csv.gz
adult,infeasible,fedavot_cvar,0.30,0.90,4,4000,500,0,,0.20835,White,0.376595,0.376595,0.180746,0.317122,0.132215,0.0350731,adult_infeasible_fedavot_cvar_a0.30_g0.90_seed4.csv.gz
adult,infeasible,fedavot_cvar,0.30,1.00,0,4000,500,0,,0.207451,White,0.378738,0.378738,0.177632,0.326246,0.122677,0.0319608,adult_infeasible_fedavot_cvar_a0.30_g1.00_seed0.csv.gz
adult,infeasible,fedavot_cvar,0.30,1.00,1,4000,500,0,,0.207404,White,0.377957,0.377957,0.176328,0.327636,0.122979,0.0321195,adult_infeasible_fedavot_cvar_a0.30_g1.00_seed1.csv.gz
adult,infeasible,fedavot_cvar,0.30,1.00,2,4000,500,0,,0.20753,White,0.377404,0.377404,0.176948,0.32956,0.122766,0.0309709,adult_infeasible_fedavot_cvar_a0.30_g1.00_seed2.csv.gz
adult,infeasible,fedavot_cvar,0.30,1.00,3,4000,500,0,,0.207543,White,0.378558,0.378558,0.178172,0.327176,0.121377,0.0324318,adult_infeasible_fedavot_cvar_a0.30_g1.00_seed3.csv.gz
adult,infeasible,fedavot_cvar,0.30,1.00,4,4000,500,0,,0.207472,White,0.380953,0.380953,0.176878,0.323392,0.124661,0.031478,adult_infeasible_fedavot_cvar_a0.30_g1.00_seed4.csv.gz
adult,infeasible,fedavot_cvar,0.40,0.10,0,4000,500,0,,0.227186,White,0.361713,0.361713,0.197686,0.303148,0.175766,0.0976182,adult_infeasible_fedavot_cvar_a0.40_g0.10_seed0.csv.gz
adult,infeasible,fedavot_cvar,0.40,0.10,1,4000,500,0,,0.225654,White,0.361215,0.361215,0.193783,0.30366,0.176026,0.0935866,adult_infeasible_fedavot_cvar_a0.40_g0.10_seed1.csv.gz
adult,infeasible,fedavot_cvar,0.40,0.10,2,4000,500,0,,0.226218,White,0.359191,0.359191,0.195531,0.305814,0.174449,0.096103,adult_infeasible_fedavot_cvar_a0.40_g0.10_seed2.csv.gz
adult,infeasible,fedavot_cvar,0.40,0.10,3,4000,500,0,,0.227064,White,0.360859,0.360859,0.196159,0.304931,0.177275,0.096095,adult_infeasible_fedavot_cvar_a0.40_g0.10_seed3.csv.gz
adult,infeasible,fedavot_cvar,0.40,0.10,4,4000,500,0,,0.227097,White,0.365733,0.365733,0.197342,0.299248,0.180654,0.092506,adult_infeasible_fedavot_cvar_a0.40_g0.10_seed4.csv.gz
adult,infeasible,fedavot_cvar,0.40,0.20,0,4000,500,0,,0.221685,White,0.362493,0.362493,0.194753,0.303349,0.170804,0.0770265,adult_infeasible_fedavot_cvar_a0.40_g0.20_seed0.csv.gz
adult,infeasible,fedavot_cvar,0.40,0.20,1,4000,500,0,,0.220701,White,0.361821,0.361821,0.19111,0.304011,0.17138,0.0751826,adult_infeasible_fedavot_cvar_a0.40_g0.20_seed1.csv.gz
adult,infeasible,fedavot_cvar,0.40,0.20,2,4000,500,0,,0.220914,White,0.359974,0.359974,0.192776,0.306204,0.169966,0.0756488,adult_infeasible_fedavot_cvar_a0.40_g0.20_seed2.csv.gz
adult,infeasible,fedavot_cvar,0.40,0.20,3,4000,500,0,,0.221365,White,0.361623,0.361623,0.193493,0.305309,0.171704,0.0746974,adult_infeasible_fedavot_cvar_a0.40_g0.20_seed3.csv.gz
adult,infeasible,fedavot_cvar,0.40,0.20,4,4000,500,0,,0.221764,White,0.366315,0.366315,0.194458,0.299722,0.175121,0.0732053,adult_infeasible_fedavot_cvar_a0.40_g0.20_seed4.csv.gz
adult,infeasible,fedavot_cvar,0.40,0.30,0,4000,500,0,,0.218374,White,0.363523,0.363523,0.192024,0.304026,0.16531,0.0669884,adult_infeasible_fedavot_cvar_a0.40_g0.30_seed0.csv.gz
adult,infeasible,fedavot_cvar,0.40,0.30,1,4000,500,0,,0.217644,White,0.362645,0.362645,0.188697,0.304689,0.166507,0.0656818,adult_infeasible_fedavot_cvar_a0.40_g0.30_seed1.csv.gz
adult,infeasible,fedavot_cvar,0.40,0.30,2,4000,500,0,,0.217689,White,0.361033,0.361033,0.190116,0.30712,0.164576,0.0655981,adult_infeasible_fedavot_cvar_a0.40_g0.30_seed2.csv.gz
adult,infeasible,fedavot_cvar,0.40,0.30,3,4000,500,0,,0.2181,White,0.36267,0.36267,0.191152,0.306019,0.165786,0.0648708,adult_infeasible_fedavot_cvar_a0.40_g0.30_seed3.csv.gz
adult,infeasible,fedavot_cvar,0.40,0.30,4,4000,500,0,,0.218537,White,0.367133,0.367133,0.191704,0.300574,0.169379,0.0638922,adult_infeasible_fedavot_cvar_a0.40_g0.30_seed4.csv.gz
adult,infeasible,fedavot_cvar,0.40,0.40,0,4000,500,0,,0.215766,White,0.364702,0.364702,0.189549,0.305216,0.159611,0.0597525,adult_infeasible_fedavot_cvar_a0.40_g0.40_seed0.csv.gz
adult,infeasible,fedavot_cvar,0.40,0.40,1,4000,500,0,,0.215115,White,0.363772,0.363772,0.186406,0.305915,0.160917,0.0585627,adult_infeasible_fedavot_cvar_a0.40_g0.40_seed1.csv.gz
adult,infeasible,fedavot_cvar,0.40,0.40,2,4000,500,0,,0.215138,White,0.362391,0.362391,0.187779,0.308399,0.158976,0.0581454,adult_infeasible_fedavot_cvar_a0.40_g0.40_seed2.csv.gz
adult,infeasible,fedavot_cvar,0.40,0.40,3,4000,500,0,,0.215505,White,0.364054,0.364054,0.188908,0.307113,0.159555,0.0578961,adult_infeasible_fedavot_cvar_a0.40_g0.40_seed3.csv.gz
adult,infeasible,fedavot_cvar,0.40,0.40,4,4000,500,0,,0.215945,White,0.368121,0.368121,0.189198,0.30198,0.163214,0.0572131,adult_infeasible_fedavot_cvar_a0.40_g0.40_seed4.csv.gz
adult,infeasible,fedavot_cvar,0.40,0.50,0,4000,500,0,,0.213519,White,0.366172,0.366172,0.187168,0.306749,0.153859,0.0536457,adult_infeasible_fedavot_cvar_a0.40_g0.50_seed0.csv.gz
adult,infeasible,fedavot_cvar,0.40,0.50,1,4000,500,0,,0.212937,White,0.365187,0.365187,0.184266,0.307658,0.154921,0.0526519,adult_infeasible_fedavot_cvar_a0.40_g0.50_seed1.csv.gz
adult,infeasible,fedavot_cvar,0.40,0.50,2,4000,500,0,,0.212997,White,0.364001,0.364001,0.185611,0.310094,0.153315,0.0519635,adult_infeasible_fedavot_cvar_a0.40_g0.50_seed2.csv.gz
adult,infeasible,fedavot_cvar,0.40,0.50,3,4000,500,0,,0.213346,White,0.365539,0.365539,0.186835,0.30876,0.153299,0.0522964,adult_infeasible_fedavot_cvar_a0.40_g0.50_seed3.csv.gz
adult,infeasible,fedavot_cvar,0.40,0.50,4,4000,500,0,,0.213731,White,0.369433,0.369433,0.186778,0.303886,0.156831,0.0517244,adult_infeasible_fedavot_cvar_a0.40_g0.50_seed4.csv.gz
adult,infeasible,fedavot_cvar,0.40,0.60,0,4000,500,0,,0.211611,White,0.367906,0.367906,0.184975,0.308804,0.147968,0.0484043,adult_infeasible_fedavot_cvar_a0.40_g0.60_seed0.csv.gz
adult,infeasible,fedavot_cvar,0.40,0.60,1,4000,500,0,,0.211093,White,0.366871,0.366871,0.182344,0.309902,0.148755,0.0475939,adult_infeasible_fedavot_cvar_a0.40_g0.60_seed1.csv.gz
adult,infeasible,fedavot_cvar,0.40,0.60,2,4000,500,0,,0.21119,White,0.365894,0.365894,0.183526,0.312372,0.147404,0.0467523,adult_infeasible_fedavot_cvar_a0.40_g0.60_seed2.csv.gz
adult,infeasible,fedavot_cvar,0.40,0.60,3,4000,500,0,,0.211505,White,0.367343,0.367343,0.184885,0.310757,0.147058,0.0474813,adult_infeasible_fedavot_cvar_a0.40_g0.60_seed3.csv.gz
adult,infeasible,fedavot_cvar,0.40,0.60,4,4000,500,0,,0.211813,White,0.37097,0.37097,0.184453,0.306222,0.150529,0.0468922,adult_infeasible_fedavot_cvar_a0.40_g0.60_seed4.csv.gz
adult,infeasible,fedavot_cvar,0.40,0.70,0,4000,500,0,,0.209998,White,0.36998,0.36998,0.182834,0.311509,0.141881,0.043786,adult_infeasible_fedavot_cvar_a0.40_g0.70_seed0.csv.gz
adult,infeasible,fedavot_cvar,0.40,0.70,1,4000,500,0,,0.209584,White,0.36884,0.36884,0.180599,0.312784,0.142552,0.0431429,adult_infeasible_fedavot_cvar_a0.40_g0.70_seed1.csv.gz
adult,infeasible,fedavot_cvar,0.40,0.70,2,4000,500,0,,0.209694,White,0.368048,0.368048,0.181672,0.315138,0.141454,0.0421571,adult_infeasible_fedavot_cvar_a0.40_g0.70_seed2.csv.gz
adult,infeasible,fedavot_cvar,0.40,0.70,3,4000,500,0,,0.209966,White,0.369417,0.369417,0.183017,0.313349,0.140813,0.0432352,adult_infeasible_fedavot_cvar_a0.40_g0.70_seed3.csv.gz
adult,infeasible,fedavot_cvar,0.40,0.70,4,4000,500,0,,0.210183,White,0.37276,0.37276,0.182298,0.30903,0.144277,0.0425484,adult_infeasible_fedavot_cvar_a0.40_g0.70_seed4.csv.gz
adult,infeasible,fedavot_cvar,0.40,0.80,0,4000,500,0,,0.208704,White,0.372401,0.372401,0.180856,0.31501,0.135659,0.0395946,adult_infeasible_fedavot_cvar_a0.40_g0.80_seed0.csv.gz
adult,infeasible,fedavot_cvar,0.40,0.80,1,4000,500,0,,0.208417,White,0.371301,0.371301,0.179035,0.316334,0.136257,0.039159,adult_infeasible_fedavot_cvar_a0.40_g0.80_seed1.csv.gz
adult,infeasible,fedavot_cvar,0.40,0.80,2,4000,500,0,,0.208536,White,0.370605,0.370605,0.179967,0.318567,0.135466,0.038077,adult_infeasible_fedavot_cvar_a0.40_g0.80_seed2.csv.gz
adult,infeasible,fedavot_cvar,0.40,0.80,3,4000,500,0,,0.208726,White,0.371905,0.371905,0.181211,0.316565,0.134555,0.039394,adult_infeasible_fedavot_cvar_a0.40_g0.80_seed3.csv.gz
adult,infeasible,fedavot_cvar,0.40,0.80,4,4000,500,0,,0.208846,White,0.37498,0.37498,0.18027,0.312475,0.13791,0.0385955,adult_infeasible_fedavot_cvar_a0.40_g0.80_seed4.csv.gz
adult,infeasible,fedavot_cvar,0.40,0.90,0,4000,500,0,,0.207798,White,0.375299,0.375299,0.179094,0.319568,0.129352,0.0356797,adult_infeasible_fedavot_cvar_a0.40_g0.90_seed0.csv.gz
adult,infeasible,fedavot_cvar,0.40,0.90,1,4000,500,0,,0.207646,White,0.374355,0.374355,0.177574,0.32096,0.129819,0.0355216,adult_infeasible_fedavot_cvar_a0.40_g0.90_seed1.csv.gz
adult,infeasible,fedavot_cvar,0.40,0.90,2,4000,500,0,,0.207772,White,0.373728,0.373728,0.178402,0.322934,0.129398,0.0343954,adult_infeasible_fedavot_cvar_a0.40_g0.90_seed2.csv.gz
adult,infeasible,fedavot_cvar,0.40,0.90,3,4000,500,0,,0.207868,White,0.374952,0.374952,0.179587,0.320799,0.128176,0.0358269,adult_infeasible_fedavot_cvar_a0.40_g0.90_seed3.csv.gz
adult,infeasible,fedavot_cvar,0.40,0.90,4,4000,500,0,,0.207897,White,0.377718,0.377718,0.178445,0.316942,0.131456,0.0349265,adult_infeasible_fedavot_cvar_a0.40_g0.90_seed4.csv.gz
adult,infeasible,fedavot_cvar,0.40,1.00,0,4000,500,0,,0.207451,White,0.378738,0.378738,0.177632,0.326246,0.122677,0.0319608,adult_infeasible_fedavot_cvar_a0.40_g1.00_seed0.csv.gz
adult,infeasible,fedavot_cvar,0.40,1.00,1,4000,500,0,,0.207404,White,0.377957,0.377957,0.176328,0.327636,0.122979,0.0321195,adult_infeasible_fedavot_cvar_a0.40_g1.00_seed1.csv.gz
adult,infeasible,fedavot_cvar,0.40,1.00,2,4000,500,0,,0.20753,White,0.377404,0.377404,0.176948,0.32956,0.122766,0.0309709,adult_infeasible_fedavot_cvar_a0.40_g1.00_seed2.csv.gz
adult,infeasible,fedavot_cvar,0.40,1.00,3,4000,500,0,,0.207543,White,0.378558,0.378558,0.178172,0.327176,0.121377,0.0324318,adult_infeasible_fedavot_cvar_a0.40_g1.00_seed3.csv.gz
adult,infeasible,fedavot_cvar,0.40,1.00,4,4000,500,0,,0.207472,White,0.380953,0.380953,0.176878,0.323392,0.124661,0.031478,adult_infeasible_fedavot_cvar_a0.40_g1.00_seed4.csv.gz
adult,infeasible,fedavot_cvar,0.50,0.10,0,4000,500,0,,0.222042,White,0.361519,0.361519,0.185353,0.303008,0.160439,0.0998892,adult_infeasible_fedavot_cvar_a0.50_g0.10_seed0.csv.gz
adult,infeasible,fedavot_cvar,0.50,0.10,1,4000,500,0,,0.220824,White,0.36058,0.36058,0.182281,0.305088,0.159544,0.0966275,adult_infeasible_fedavot_cvar_a0.50_g0.10_seed1.csv.gz
adult,infeasible,fedavot_cvar,0.50,0.10,2,4000,500,0,,0.221125,White,0.359255,0.359255,0.183733,0.306366,0.157919,0.0983519,adult_infeasible_fedavot_cvar_a0.50_g0.10_seed2.csv.gz
adult,infeasible,fedavot_cvar,0.50,0.10,3,4000,500,0,,0.221695,White,0.360145,0.360145,0.185216,0.305135,0.159427,0.0985526,adult_infeasible_fedavot_cvar_a0.50_g0.10_seed3.csv.gz
adult,infeasible,fedavot_cvar,0.50,0.10,4,4000,500,0,,0.22167,White,0.364446,0.364446,0.185189,0.299661,0.163515,0.0955405,adult_infeasible_fedavot_cvar_a0.50_g0.10_seed4.csv.gz
adult,infeasible,fedavot_cvar,0.50,0.20,0,4000,500,0,,0.217334,White,0.36265,0.36265,0.18381,0.303268,0.158044,0.0788986,adult_infeasible_fedavot_cvar_a0.50_g0.20_seed0.csv.gz
adult,infeasible,fedavot_cvar,0.50,0.20,1,4000,500,0,,0.216607,White,0.36159,0.36159,0.180932,0.305436,0.157476,0.0776021,adult_infeasible_fedavot_cvar_a0.50_g0.20_seed1.csv.gz
adult,infeasible,fedavot_cvar,0.50,0.20,2,4000,500,0,,0.216528,White,0.360475,0.360475,0.18232,0.30673,0.155941,0.0771752,adult_infeasible_fedavot_cvar_a0.50_g0.20_seed2.csv.gz
adult,infeasible,fedavot_cvar,0.50,0.20,3,4000,500,0,,0.216991,White,0.361346,0.361346,0.183814,0.305416,0.157011,0.0773667,adult_infeasible_fedavot_cvar_a0.50_g0.20_seed3.csv.gz
adult,infeasible,fedavot_cvar,0.50,0.20,4,4000,500,0,,0.217134,White,0.365501,0.365501,0.183626,0.300099,0.161025,0.0754172,adult_infeasible_fedavot_cvar_a0.50_g0.20_seed4.csv.gz
adult,infeasible,fedavot_cvar,0.50,0.30,0,4000,500,0,,0.214675,White,0.363961,0.363961,0.182293,0.304043,0.155431,0.0676456,adult_infeasible_fedavot_cvar_a0.50_g0.30_seed0.csv.gz
adult,infeasible,fedavot_cvar,0.50,0.30,1,4000,500,0,,0.214149,White,0.362895,0.362895,0.179727,0.306158,0.154875,0.0670887,adult_infeasible_fedavot_cvar_a0.50_g0.30_seed1.csv.gz
adult,infeasible,fedavot_cvar,0.50,0.30,2,4000,500,0,,0.214032,White,0.361979,0.361979,0.181059,0.307377,0.153743,0.0660028,adult_infeasible_fedavot_cvar_a0.50_g0.30_seed2.csv.gz
adult,infeasible,fedavot_cvar,0.50,0.30,3,4000,500,0,,0.214416,White,0.362763,0.362763,0.182489,0.306018,0.154464,0.0663452,adult_infeasible_fedavot_cvar_a0.50_g0.30_seed3.csv.gz
adult,infeasible,fedavot_cvar,0.50,0.30,4,4000,500,0,,0.214601,White,0.36673,0.36673,0.18215,0.300949,0.158261,0.0649123,adult_infeasible_fedavot_cvar_a0.50_g0.30_seed4.csv.gz
adult,infeasible,fedavot_cvar,0.50,0.40,0,4000,500,0,,0.212703,White,0.3655,0.3655,0.18099,0.305138,0.152502,0.059387,adult_infeasible_fedavot_cvar_a0.50_g0.40_seed0.csv.gz
adult,infeasible,fedavot_cvar,0.50,0.40,1,4000,500,0,,0.212305,White,0.364388,0.364388,0.178632,0.307282,0.152124,0.0590984,adult_infeasible_fedavot_cvar_a0.50_g0.40_seed1.csv.gz
adult,infeasible,fedavot_cvar,0.50,0.40,2,4000,500,0,,0.212212,White,0.363622,0.363622,0.179915,0.308501,0.151208,0.0578161,adult_infeasible_fedavot_cvar_a0.50_g0.40_seed2.csv.gz
adult,infeasible,fedavot_cvar,0.50,0.40,3,4000,500,0,,0.212525,White,0.364412,0.364412,0.181246,0.307016,0.151487,0.058463,adult_infeasible_fedavot_cvar_a0.50_g0.40_seed3.csv.gz
adult,infeasible,fedavot_cvar,0.50,0.40,4,4000,500,0,,0.212697,White,0.368174,0.368174,0.180837,0.302192,0.155078,0.0572046,adult_infeasible_fedavot_cvar_a0.50_g0.40_seed4.csv.gz
adult,infeasible,fedavot_cvar,0.50,0.50,0,4000,500,0,,0.211132,White,0.367165,0.367165,0.179934,0.306701,0.149108,0.052754,adult_infeasible_fedavot_cvar_a0.50_g0.50_seed0.csv.gz
adult,infeasible,fedavot_cvar,0.50,0.50,1,4000,500,0,,0.210833,White,0.366101,0.366101,0.177665,0.308812,0.148979,0.0526057,adult_infeasible_fedavot_cvar_a0.50_g0.50_seed1.csv.gz
adult,infeasible,fedavot_cvar,0.50,0.50,2,4000,500,0,,0.210764,White,0.365415,0.365415,0.178919,0.310102,0.14815,0.0512341,adult_infeasible_fedavot_cvar_a0.50_g0.50_seed2.csv.gz
adult,infeasible,fedavot_cvar,0.50,0.50,3,4000,500,0,,0.21102,White,0.366209,0.366209,0.180128,0.308495,0.148099,0.0521686,adult_infeasible_fedavot_cvar_a0.50_g0.50_seed3.csv.gz
adult,infeasible,fedavot_cvar,0.50,0.50,4,4000,500,0,,0.211172,White,0.369774,0.369774,0.179622,0.303891,0.151633,0.0509386,adult_infeasible_fedavot_cvar_a0.50_g0.50_seed4.csv.gz
adult,infeasible,fedavot_cvar,0.50,0.60,0,4000,500,0,,0.209854,White,0.368944,0.368944,0.178948,0.308942,0.145265,0.0471716,adult_infeasible_fedavot_cvar_a0.50_g0.60_seed0.csv.gz
adult,infeasible,fedavot_cvar,0.50,0.60,1,4000,500,0,,0.209641,White,0.367996,0.367996,0.176875,0.310821,0.14539,0.0471242,adult_infeasible_fedavot_cvar_a0.50_g0.60_seed1.csv.gz
adult,infeasible,fedavot_cvar,0.50,0.60,2,4000,500,0,,0.209602,White,0.367332,0.367332,0.178004,0.312267,0.144666,0.0457394,adult_infeasible_fedavot_cvar_a0.50_g0.60_seed2.csv.gz
adult,infeasible,fedavot_cvar,0.50,0.60,3,4000,500,0,,0.209808,White,0.368167,0.368167,0.179159,0.310445,0.144376,0.0468945,adult_infeasible_fedavot_cvar_a0.50_g0.60_seed3.csv.gz
adult,infeasible,fedavot_cvar,0.50,0.60,4,4000,500,0,,0.209915,White,0.37157,0.37157,0.178596,0.306155,0.147479,0.045773,adult_infeasible_fedavot_cvar_a0.50_g0.60_seed4.csv.gz
adult,infeasible,fedavot_cvar,0.50,0.70,0,4000,500,0,,0.208829,White,0.370945,0.370945,0.178179,0.311812,0.140763,0.0424485,adult_infeasible_fedavot_cvar_a0.50_g0.70_seed0.csv.gz
adult,infeasible,fedavot_cvar,0.50,0.70,1,4000,500,0,,0.208682,White,0.370063,0.370063,0.17624,0.313593,0.141021,0.0424952,adult_infeasible_fedavot_cvar_a0.50_g0.70_seed1.csv.gz
adult,infeasible,fedavot_cvar,0.50,0.70,2,4000,500,0,,0.208688,White,0.369409,0.369409,0.177236,0.315142,0.140556,0.0410981,adult_infeasible_fedavot_cvar_a0.50_g0.70_seed2.csv.gz
adult,infeasible,fedavot_cvar,0.50,0.70,3,4000,500,0,,0.208831,White,0.370311,0.370311,0.178387,0.313126,0.139883,0.0424471,adult_infeasible_fedavot_cvar_a0.50_g0.70_seed3.csv.gz
adult,infeasible,fedavot_cvar,0.50,0.70,4,4000,500,0,,0.208909,White,0.373528,0.373528,0.177677,0.308991,0.142999,0.0413513,adult_infeasible_fedavot_cvar_a0.50_g0.70_seed4.csv.gz
adult,infeasible,fedavot_cvar,0.50,0.80,0,4000,500,0,,0.208054,White,0.373184,0.373184,0.177644,0.315547,0.13546,0.0384357,adult_infeasible_fedavot_cvar_a0.50_g0.80_seed0.csv.gz
adult,infeasible,fedavot_cvar,0.50,0.80,1,4000,500,0,,0.207963,White,0.372319,0.372319,0.175923,0.317175,0.135916,0.0384807,adult_infeasible_fedavot_cvar_a0.50_g0.80_seed1.csv.gz
adult,infeasible,fedavot_cvar,0.50,0.80,2,4000,500,0,,0.208009,White,0.37174,0.37174,0.176789,0.318823,0.135484,0.0372053,adult_infeasible_fedavot_cvar_a0.50_g0.80_seed2.csv.gz
adult,infeasible,fedavot_cvar,0.50,0.80,3,4000,500,0,,0.208093,White,0.372691,0.372691,0.177958,0.316641,0.134555,0.0386198,adult_infeasible_fedavot_cvar_a0.50_g0.80_seed3.csv.gz
adult,infeasible,fedavot_cvar,0.50,0.80,4,4000,500,0,,0.208146,White,0.375681,0.375681,0.177004,0.312668,0.137847,0.0375275,adult_infeasible_fedavot_cvar_a0.50_g0.80_seed4.csv.gz
adult,infeasible,fedavot_cvar,0.50,0.90,0,4000,500,0,,0.207569,White,0.3758,0.3758,0.177452,0.320258,0.129344,0.0349895,adult_infeasible_fedavot_cvar_a0.50_g0.90_seed0.csv.gz
adult,infeasible,fedavot_cvar,0.50,0.90,1,4000,500,0,,0.207508,White,0.374979,0.374979,0.175965,0.32184,0.12966,0.035096,adult_infeasible_fedavot_cvar_a0.50_g0.90_seed1.csv.gz
adult,infeasible,fedavot_cvar,0.50,0.90,2,4000,500,0,,0.207596,White,0.374402,0.374402,0.176702,0.323605,0.129385,0.0338856,adult_infeasible_fedavot_cvar_a0.50_g0.90_seed2.csv.gz
adult,infeasible,fedavot_cvar,0.50,0.90,3,4000,500,0,,0.207636,White,0.375473,0.375473,0.177912,0.32134,0.1281,0.0353558,adult_infeasible_fedavot_cvar_a0.50_g0.90_seed3.csv.gz
adult,infeasible,fedavot_cvar,0.50,0.90,4,4000,500,0,,0.207639,White,0.378141,0.378141,0.176749,0.317438,0.131569,0.0342981,adult_infeasible_fedavot_cvar_a0.50_g0.90_seed4.csv.gz
adult,infeasible,fedavot_cvar,0.50,1.00,0,4000,500,0,,0.207451,White,0.378738,0.378738,0.177632,0.326246,0.122677,0.0319608,adult_infeasible_fedavot_cvar_a0.50_g1.00_seed0.csv.gz
adult,infeasible,fedavot_cvar,0.50,1.00,1,4000,500,0,,0.207404,White,0.377957,0.377957,0.176328,0.327636,0.122979,0.0321195,adult_infeasible_fedavot_cvar_a0.50_g1.00_seed1.csv.gz
adult,infeasible,fedavot_cvar,0.50,1.00,2,4000,500,0,,0.20753,White,0.377404,0.377404,0.176948,0.32956,0.122766,0.0309709,adult_infeasible_fedavot_cvar_a0.50_g1.00_seed2.csv.gz
adult,infeasible,fedavot_cvar,0.50,1.00,3,4000,500,0,,0.207543,White,0.378558,0.378558,0.178172,0.327176,0.121377,0.0324318,adult_infeasible_fedavot_cvar_a0.50_g1.00_seed3.csv.gz
adult,infeasible,fedavot_cvar,0.50,1.00,4,4000,500,0,,0.207472,White,0.380953,0.380953,0.176878,0.323392,0.124661,0.031478,adult_infeasible_fedavot_cvar_a0.50_g1.00_seed4.csv.gz
adult,infeasible,fedavot_cvar,0.60,0.10,0,4000,500,0,,0.21861,White,0.364173,0.364173,0.178682,0.305871,0.143216,0.101109,adult_infeasible_fedavot_cvar_a0.60_g0.10_seed0.csv.gz
adult,infeasible,fedavot_cvar,0.60,0.10,1,4000,500,0,,0.218065,White,0.363332,0.363332,0.177018,0.308063,0.142545,0.099366,adult_infeasible_fedavot_cvar_a0.60_g0.10_seed1.csv.gz
adult,infeasible,fedavot_cvar,0.60,0.10,2,4000,500,0,,0.218204,White,0.3624,0.3624,0.17779,0.309428,0.140651,0.100754,adult_infeasible_fedavot_cvar_a0.60_g0.10_seed2.csv.gz
adult,infeasible,fedavot_cvar,0.60,0.10,3,4000,500,0,,0.21855,White,0.363321,0.363321,0.179321,0.307582,0.140995,0.101535,adult_infeasible_fedavot_cvar_a0.60_g0.10_seed3.csv.gz
adult,infeasible,fedavot_cvar,0.60,0.10,4,4000,500,0,,0.218285,White,0.366741,0.366741,0.178454,0.303196,0.144874,0.0981616,adult_infeasible_fedavot_cvar_a0.60_g0.10_seed4.csv.gz
adult,infeasible,fedavot_cvar,0.60,0.20,0,4000,500,0,,0.214556,White,0.365273,0.365273,0.178071,0.306622,0.14252,0.0802945,adult_infeasible_fedavot_cvar_a0.60_g0.20_seed0.csv.gz
adult,infeasible,fedavot_cvar,0.60,0.20,1,4000,500,0,,0.214249,White,0.364425,0.364425,0.176398,0.308771,0.141825,0.0798253,adult_infeasible_fedavot_cvar_a0.60_g0.20_seed1.csv.gz
adult,infeasible,fedavot_cvar,0.60,0.20,2,4000,500,0,,0.21404,White,0.363636,0.363636,0.177231,0.310197,0.140025,0.0791092,adult_infeasible_fedavot_cvar_a0.60_g0.20_seed2.csv.gz
adult,infeasible,fedavot_cvar,0.60,0.20,3,4000,500,0,,0.214415,White,0.364525,0.364525,0.17874,0.308326,0.140121,0.0803626,adult_infeasible_fedavot_cvar_a0.60_g0.20_seed3.csv.gz
adult,infeasible,fedavot_cvar,0.60,0.20,4,4000,500,0,,0.214299,White,0.367892,0.367892,0.177816,0.304006,0.144081,0.0776986,adult_infeasible_fedavot_cvar_a0.60_g0.20_seed4.csv.gz
adult,infeasible,fedavot_cvar,0.60,0.30,0,4000,500,0,,0.212256,White,0.366638,0.366638,0.177558,0.307766,0.141351,0.0679654,adult_infeasible_fedavot_cvar_a0.60_g0.30_seed0.csv.gz
adult,infeasible,fedavot_cvar,0.60,0.30,1,4000,500,0,,0.212072,White,0.365784,0.365784,0.175885,0.309848,0.140719,0.0681236,adult_infeasible_fedavot_cvar_a0.60_g0.30_seed1.csv.gz
adult,infeasible,fedavot_cvar,0.60,0.30,2,4000,500,0,,0.211838,White,0.36506,0.36506,0.176741,0.311336,0.139212,0.066844,adult_infeasible_fedavot_cvar_a0.60_g0.30_seed2.csv.gz
adult,infeasible,fedavot_cvar,0.60,0.30,3,4000,500,0,,0.212147,White,0.365986,0.365986,0.178178,0.30937,0.139121,0.068082,adult_infeasible_fedavot_cvar_a0.60_g0.30_seed3.csv.gz
adult,infeasible,fedavot_cvar,0.60,0.30,4,4000,500,0,,0.212118,White,0.369272,0.369272,0.177253,0.305139,0.142983,0.0659432,adult_infeasible_fedavot_cvar_a0.60_g0.30_seed4.csv.gz
adult,infeasible,fedavot_cvar,0.60,0.40,0,4000,500,0,,0.210709,White,0.368103,0.368103,0.177105,0.309244,0.139991,0.0591018,adult_infeasible_fedavot_cvar_a0.60_g0.40_seed0.csv.gz
adult,infeasible,fedavot_cvar,0.60,0.40,1,4000,500,0,,0.210568,White,0.367266,0.367266,0.175475,0.311261,0.139403,0.0594374,adult_infeasible_fedavot_cvar_a0.60_g0.40_seed1.csv.gz
adult,infeasible,fedavot_cvar,0.60,0.40,2,4000,500,0,,0.210373,White,0.366607,0.366607,0.176347,0.312812,0.138081,0.0580157,adult_infeasible_fedavot_cvar_a0.60_g0.40_seed2.csv.gz
adult,infeasible,fedavot_cvar,0.60,0.40,3,4000,500,0,,0.210637,White,0.367544,0.367544,0.177766,0.31076,0.137739,0.0593744,adult_infeasible_fedavot_cvar_a0.60_g0.40_seed3.csv.gz
adult,infeasible,fedavot_cvar,0.60,0.40,4,4000,500,0,,0.210647,White,0.370747,0.370747,0.176788,0.306625,0.141553,0.0575225,adult_infeasible_fedavot_cvar_a0.60_g0.40_seed4.csv.gz
adult,infeasible,fedavot_cvar,0.60,0.50,0,4000,500,0,,0.209587,White,0.369646,0.369646,0.17673,0.311046,0.138346,0.052166,adult_infeasible_fedavot_cvar_a0.60_g0.50_seed0.csv.gz
adult,infeasible,fedavot_cvar,0.60,0.50,1,4000,500,0,,0.209468,White,0.368839,0.368839,0.175195,0.312937,0.137868,0.0525008,adult_infeasible_fedavot_cvar_a0.60_g0.50_seed1.csv.gz
adult,infeasible,fedavot_cvar,0.60,0.50,2,4000,500,0,,0.209327,White,0.368196,0.368196,0.176032,0.314553,0.136791,0.0510627,adult_infeasible_fedavot_cvar_a0.60_g0.50_seed2.csv.gz
adult,infeasible,fedavot_cvar,0.60,0.50,3,4000,500,0,,0.209544,White,0.369166,0.369166,0.177435,0.312412,0.136196,0.0525084,adult_infeasible_fedavot_cvar_a0.60_g0.50_seed3.csv.gz
adult,infeasible,fedavot_cvar,0.60,0.50,4,4000,500,0,,0.209579,White,0.37227,0.37227,0.176386,0.308379,0.139986,0.0508724,adult_infeasible_fedavot_cvar_a0.60_g0.50_seed4.csv.gz
adult,infeasible,fedavot_cvar,0.60,0.60,0,4000,500,0,,0.208754,White,0.371235,0.371235,0.176451,0.313142,0.136434,0.0465062,adult_infeasible_fedavot_cvar_a0.60_g0.60_seed0.csv.gz
adult,infeasible,fedavot_cvar,0.60,0.60,1,4000,500,0,,0.20866,White,0.370444,0.370444,0.174989,0.314943,0.136111,0.0468155,adult_infeasible_fedavot_cvar_a0.60_g0.60_seed1.csv.gz
adult,infeasible,fedavot_cvar,0.60,0.60,2,4000,500,0,,0.208573,White,0.369833,0.369833,0.17581,0.316604,0.135175,0.0454419,adult_infeasible_fedavot_cvar_a0.60_g0.60_seed2.csv.gz
adult,infeasible,fedavot_cvar,0.60,0.60,3,4000,500,0,,0.208738,White,0.370825,0.370825,0.177197,0.314366,0.134406,0.0468942,adult_infeasible_fedavot_cvar_a0.60_g0.60_seed3.csv.gz
adult,infeasible,fedavot_cvar,0.60,0.60,4,4000,500,0,,0.208788,White,0.37381,0.37381,0.176054,0.310407,0.138249,0.0454177,adult_infeasible_fedavot_cvar_a0.60_g0.60_seed4.csv.gz
adult,infeasible,fedavot_cvar,0.60,0.70,0,4000,500,0,,0.208142,White,0.372881,0.372881,0.176335,0.315585,0.134082,0.0418282,adult_infeasible_fedavot_cvar_a0.60_g0.70_seed0.csv.gz
adult,infeasible,fedavot_cvar,0.60,0.70,1,4000,500,0,,0.208074,White,0.372102,0.372102,0.174948,0.317252,0.133983,0.0420864,adult_infeasible_fedavot_cvar_a0.60_g0.70_seed1.csv.gz
adult,infeasible,fedavot_cvar,0.60,0.70,2,4000,500,0,,0.208037,White,0.37153,0.37153,0.175744,0.318983,0.133121,0.0408049,adult_infeasible_fedavot_cvar_a0.60_g0.70_seed2.csv.gz
adult,infeasible,fedavot_cvar,0.60,0.70,3,4000,500,0,,0.208155,White,0.37255,0.37255,0.177073,0.316659,0.132246,0.0422448,adult_infeasible_fedavot_cvar_a0.60_g0.70_seed3.csv.gz
adult,infeasible,fedavot_cvar,0.60,0.70,4,4000,500,0,,0.208201,White,0.375387,0.375387,0.175888,0.31278,0.13601,0.0409379,adult_infeasible_fedavot_cvar_a0.60_g0.70_seed4.csv.gz
adult,infeasible,fedavot_cvar,0.60,0.80,0,4000,500,0,,0.207718,White,0.374646,0.374646,0.176448,0.318468,0.131098,0.0379296,adult_infeasible_fedavot_cvar_a0.60_g0.80_seed0.csv.gz
adult,infeasible,fedavot_cvar,0.60,0.80,1,4000,500,0,,0.207671,White,0.37388,0.37388,0.175099,0.320009,0.131232,0.0381377,adult_infeasible_fedavot_cvar_a0.60_g0.80_seed1.csv.gz
adult,infeasible,fedavot_cvar,0.60,0.80,2,4000,500,0,,0.207685,White,0.373343,0.373343,0.175858,0.321856,0.130441,0.0369296,adult_infeasible_fedavot_cvar_a0.60_g0.80_seed2.csv.gz
adult,infeasible,fedavot_cvar,0.60,0.80,3,4000,500,0,,0.207758,White,0.374383,0.374383,0.177164,0.319442,0.129422,0.0383791,adult_infeasible_fedavot_cvar_a0.60_g0.80_seed3.csv.gz
adult,infeasible,fedavot_cvar,0.60,0.80,4,4000,500,0,,0.207782,White,0.377074,0.377074,0.175946,0.315613,0.133079,0.0371965,adult_infeasible_fedavot_cvar_a0.60_g0.80_seed4.csv.gz
adult,infeasible,fedavot_cvar,0.60,0.90,0,4000,500,0,,0.207477,White,0.376625,0.376625,0.176852,0.321996,0.127231,0.0346826,adult_infeasible_fedavot_cvar_a0.60_g0.90_seed0.csv.gz
adult,infeasible,fedavot_cvar,0.60,0.90,1,4000,500,0,,0.207437,White,0.375858,0.375858,0.175491,0.323448,0.127532,0.034856,adult_infeasible_fedavot_cvar_a0.60_g0.90_seed1.csv.gz
adult,infeasible,fedavot_cvar,0.60,0.90,2,4000,500,0,,0.207509,White,0.375326,0.375326,0.176217,0.325381,0.126906,0.0337146,adult_infeasible_fedavot_cvar_a0.60_g0.90_seed2.csv.gz
adult,infeasible,fedavot_cvar,0.60,0.90,3,4000,500,0,,0.207545,White,0.376414,0.376414,0.177493,0.322967,0.12568,0.0351731,adult_infeasible_fedavot_cvar_a0.60_g0.90_seed3.csv.gz
adult,infeasible,fedavot_cvar,0.60,0.90,4,4000,500,0,,0.207528,White,0.378961,0.378961,0.176237,0.319185,0.129157,0.0341014,adult_infeasible_fedavot_cvar_a0.60_g0.90_seed4.csv.gz
adult,infeasible,fedavot_cvar,0.60,1.00,0,4000,500,0,,0.207451,White,0.378738,0.378738,0.177632,0.326246,0.122677,0.0319608,adult_infeasible_fedavot_cvar_a0.60_g1.00_seed0.csv.gz
adult,infeasible,fedavot_cvar,0.60,1.00,1,4000,500,0,,0.207404,White,0.377957,0.377957,0.176328,0.327636,0.122979,0.0321195,adult_infeasible_fedavot_cvar_a0.60_g1.00_seed1.csv.gz
adult,infeasible,fedavot_cvar,0.60,1.00,2,4000,500,0,,0.20753,White,0.377404,0.377404,0.176948,0.32956,0.122766,0.0309709,adult_infeasible_fedavot_cvar_a0.60_g1.00_seed2.csv.gz
adult,infeasible,fedavot_cvar,0.60,1.00,3,4000,500,0,,0.207543,White,0.378558,0.378558,0.178172,0.327176,0.121377,0.0324318,adult_infeasible_fedavot_cvar_a0.60_g1.00_seed3.csv.gz
adult,infeasible,fedavot_cvar,0.60,1.00,4,4000,500,0,,0.207472,White,0.380953,0.380953,0.176878,0.323392,0.124661,0.031478,adult_infeasible_fedavot_cvar_a0.60_g1.00_seed4.csv.gz
adult,infeasible,fedavot_cvar,0.70,0.10,0,4000,500,0,,0.215603,White,0.368152,0.368152,0.176131,0.311403,0.128195,0.0941348,adult_infeasible_fedavot_cvar_a0.70_g0.10_seed0.csv.gz
adult,infeasible,fedavot_cvar,0.70,0.10,1,4000,500,0,,0.215779,White,0.367466,0.367466,0.174952,0.313599,0.127181,0.0956997,adult_infeasible_fedavot_cvar_a0.70_g0.10_seed1.csv.gz
adult,infeasible,fedavot_cvar,0.70,0.10,2,4000,500,0,,0.215542,White,0.366814,0.366814,0.17543,0.315246,0.125561,0.0946586,adult_infeasible_fedavot_cvar_a0.70_g0.10_seed2.csv.gz
adult,infeasible,fedavot_cvar,0.70,0.10,3,4000,500,0,,0.21606,White,0.367736,0.367736,0.177013,0.312831,0.125737,0.096985,adult_infeasible_fedavot_cvar_a0.70_g0.10_seed3.csv.gz
adult,infeasible,fedavot_cvar,0.70,0.10,4,4000,500,0,,0.215818,White,0.370556,0.370556,0.175644,0.309114,0.12906,0.0947177,adult_infeasible_fedavot_cvar_a0.70_g0.10_seed4.csv.gz
adult,infeasible,fedavot_cvar,0.70,0.20,0,4000,500,0,,0.213345,White,0.36912,0.36912,0.175938,0.31234,0.127299,0.0820287,adult_infeasible_fedavot_cvar_a0.70_g0.20_seed0.csv.gz
adult,infeasible,fedavot_cvar,0.70,0.20,1,4000,500,0,,0.213223,White,0.368401,0.368401,0.174743,0.314391,0.126724,0.0818549,adult_infeasible_fedavot_cvar_a0.70_g0.20_seed1.csv.gz
adult,infeasible,fedavot_cvar,0.70,0.20,2,4000,500,0,,0.213089,White,0.36785,0.36785,0.175296,0.31612,0.124965,0.0812163,adult_infeasible_fedavot_cvar_a0.70_g0.20_seed2.csv.gz
adult,infeasible,fedavot_cvar,0.70,0.20,3,4000,500,0,,0.213444,White,0.368771,0.368771,0.176879,0.313823,0.124853,0.0828957,adult_infeasible_fedavot_cvar_a0.70_g0.20_seed3.csv.gz
adult,infeasible,fedavot_cvar,0.70,0.20,4,4000,500,0,,0.213088,White,0.371483,0.371483,0.17543,0.309972,0.128668,0.079886,adult_infeasible_fedavot_cvar_a0.70_g0.20_seed4.csv.gz
adult,infeasible,fedavot_cvar,0.70,0.30,0,4000,500,0,,0.211226,White,0.370198,0.370198,0.175837,0.313386,0.127365,0.069341,adult_infeasible_fedavot_cvar_a0.70_g0.30_seed0.csv.gz
adult,infeasible,fedavot_cvar,0.70,0.30,1,4000,500,0,,0.211155,White,0.369462,0.369462,0.17457,0.315306,0.127004,0.0694319,adult_infeasible_fedavot_cvar_a0.70_g0.30_seed1.csv.gz
adult,infeasible,fedavot_cvar,0.70,0.30,2,4000,500,0,,0.210998,White,0.368976,0.368976,0.175213,0.317108,0.125306,0.0683856,adult_infeasible_fedavot_cvar_a0.70_g0.30_seed2.csv.gz
adult,infeasible,fedavot_cvar,0.70,0.30,3,4000,500,0,,0.211313,White,0.36989,0.36989,0.176779,0.314774,0.125028,0.0700925,adult_infeasible_fedavot_cvar_a0.70_g0.30_seed3.csv.gz
adult,infeasible,fedavot_cvar,0.70,0.30,4,4000,500,0,,0.211049,White,0.372584,0.372584,0.175324,0.310948,0.128843,0.0675465,adult_infeasible_fedavot_cvar_a0.70_g0.30_seed4.csv.gz
adult,infeasible,fedavot_cvar,0.70,0.40,0,4000,500,0,,0.20983,White,0.371376,0.371376,0.17586,0.314668,0.127295,0.0599491,adult_infeasible_fedavot_cvar_a0.70_g0.40_seed0.csv.gz
adult,infeasible,fedavot_cvar,0.70,0.40,1,4000,500,0,,0.209787,White,0.370622,0.370622,0.174536,0.316519,0.127042,0.0602167,adult_infeasible_fedavot_cvar_a0.70_g0.40_seed1.csv.gz
adult,infeasible,fedavot_cvar,0.70,0.40,2,4000,500,0,,0.209654,White,0.370173,0.370173,0.175236,0.318347,0.125515,0.0589994,adult_infeasible_fedavot_cvar_a0.70_g0.40_seed2.csv.gz
adult,infeasible,fedavot_cvar,0.70,0.40,3,4000,500,0,,0.209913,White,0.371111,0.371111,0.176774,0.315983,0.125059,0.0606372,adult_infeasible_fedavot_cvar_a0.70_g0.40_seed3.csv.gz
adult,infeasible,fedavot_cvar,0.70,0.40,4,4000,500,0,,0.20973,White,0.373759,0.373759,0.175332,0.312173,0.128851,0.0585367,adult_infeasible_fedavot_cvar_a0.70_g0.40_seed4.csv.gz
adult,infeasible,fedavot_cvar,0.70,0.50,0,4000,500,0,,0.208889,White,0.372588,0.372588,0.175972,0.316171,0.127012,0.0527027,adult_infeasible_fedavot_cvar_a0.70_g0.50_seed0.csv.gz
adult,infeasible,fedavot_cvar,0.70,0.50,1,4000,500,0,,0.20885,White,0.371836,0.371836,0.174624,0.317938,0.126871,0.0529817,adult_infeasible_fedavot_cvar_a0.70_g0.50_seed1.csv.gz
adult,infeasible,fedavot_cvar,0.70,0.50,2,4000,500,0,,0.208761,White,0.371402,0.371402,0.175377,0.319826,0.125437,0.0517613,adult_infeasible_fedavot_cvar_a0.70_g0.50_seed2.csv.gz
adult,infeasible,fedavot_cvar,0.70,0.50,3,4000,500,0,,0.208974,White,0.372359,0.372359,0.176848,0.317425,0.124868,0.0533699,adult_infeasible_fedavot_cvar_a0.70_g0.50_seed3.csv.gz
adult,infeasible,fedavot_cvar,0.70,0.50,4,4000,500,0,,0.208842,White,0.374971,0.374971,0.175429,0.313624,0.128588,0.0515963,adult_infeasible_fedavot_cvar_a0.70_g0.50_seed4.csv.gz
adult,infeasible,fedavot_cvar,0.70,0.60,0,4000,500,0,,0.20825,White,0.373821,0.373821,0.176176,0.317879,0.12646,0.0469149,adult_infeasible_fedavot_cvar_a0.70_g0.60_seed0.csv.gz
adult,infeasible,fedavot_cvar,0.70,0.60,1,4000,500,0,,0.208211,White,0.373069,0.373069,0.174794,0.319552,0.126467,0.0471749,adult_infeasible_fedavot_cvar_a0.70_g0.60_seed1.csv.gz
adult,infeasible,fedavot_cvar,0.70,0.60,2,4000,500,0,,0.208167,White,0.372628,0.372628,0.175564,0.32147,0.125229,0.0459465,adult_infeasible_fedavot_cvar_a0.70_g0.60_seed2.csv.gz
adult,infeasible,fedavot_cvar,0.70,0.60,3,4000,500,0,,0.208338,White,0.373619,0.373619,0.177,0.319057,0.124466,0.0475482,adult_infeasible_fedavot_cvar_a0.70_g0.60_seed3.csv.gz
adult,infeasible,fedavot_cvar,0.70,0.60,4,4000,500,0,,0.208236,White,0.376192,0.376192,0.1756,0.315264,0.128115,0.0460113,adult_infeasible_fedavot_cvar_a0.70_g0.60_seed4.csv.gz
adult,infeasible,fedavot_cvar,0.70,0.70,0,4000,500,0,,0.20783,White,0.375061,0.375061,0.176451,0.319761,0.125697,0.0421793,adult_infeasible_fedavot_cvar_a0.70_g0.70_seed0.csv.gz
adult,infeasible,fedavot_cvar,0.70,0.70,1,4000,500,0,,0.20779,White,0.374301,0.374301,0.175051,0.321338,0.125852,0.0424086,adult_infeasible_fedavot_cvar_a0.70_g0.70_seed1.csv.gz
adult,infeasible,fedavot_cvar,0.70,0.70,2,4000,500,0,,0.207791,White,0.373843,0.373843,0.175816,0.323297,0.124808,0.0411909,adult_infeasible_fedavot_cvar_a0.70_g0.70_seed2.csv.gz
adult,infeasible,fedavot_cvar,0.70,0.70,3,4000,500,0,,0.20792,White,0.374876,0.374876,0.177206,0.320856,0.123892,0.0427714,adult_infeasible_fedavot_cvar_a0.70_g0.70_seed3.csv.gz
adult,infeasible,fedavot_cvar,0.70,0.70,4,4000,500,0,,0.207837,White,0.377402,0.377402,0.175824,0.317089,0.127454,0.0414149,adult_infeasible_fedavot_cvar_a0.70_g0.70_seed4.csv.gz
adult,infeasible,fedavot_cvar,0.70,0.80,0,4000,500,0,,0.207575,White,0.376297,0.376297,0.176775,0.321793,0.124798,0.0382124,adult_infeasible_fedavot_cvar_a0.70_g0.80_seed0.csv.gz
adult,infeasible,fedavot_cvar,0.70,0.80,1,4000,500,0,,0.207532,White,0.375531,0.375531,0.175398,0.323303,0.125015,0.0384149,adult_infeasible_fedavot_cvar_a0.70_g0.80_seed1.csv.gz
adult,infeasible,fedavot_cvar,0.70,0.80,2,4000,500,0,,0.207579,White,0.375049,0.375049,0.17613,0.325266,0.124221,0.0372305,adult_infeasible_fedavot_cvar_a0.70_g0.80_seed2.csv.gz
adult,infeasible,fedavot_cvar,0.70,0.80,3,4000,500,0,,0.207668,White,0.376121,0.376121,0.177464,0.322819,0.12317,0.0387643,adult_infeasible_fedavot_cvar_a0.70_g0.80_seed3.csv.gz
adult,infeasible,fedavot_cvar,0.70,0.80,4,4000,500,0,,0.207594,White,0.378605,0.378605,0.176107,0.319063,0.126638,0.0375564,adult_infeasible_fedavot_cvar_a0.70_g0.80_seed4.csv.gz
adult,infeasible,fedavot_cvar,0.70,0.90,0,4000,500,0,,0.207452,White,0.377538,0.377538,0.177165,0.323949,0.123765,0.034846,adult_infeasible_fedavot_cvar_a0.70_g0.90_seed0.csv.gz
adult,infeasible,fedavot_cvar,0.70,0.90,1,4000,500,0,,0.207407,White,0.37676,0.37676,0.175825,0.325405,0.124027,0.0350193,adult_infeasible_fedavot_cvar_a0.70_g0.90_seed1.csv.gz
adult,infeasible,fedavot_cvar,0.70,0.90,2,4000,500,0,,0.207496,White,0.376243,0.376243,0.176497,0.327343,0.123551,0.0338462,adult_infeasible_fedavot_cvar_a0.70_g0.90_seed2.csv.gz
adult,infeasible,fedavot_cvar,0.70,0.90,3,4000,500,0,,0.207545,White,0.377352,0.377352,0.177777,0.324917,0.122338,0.0353387,adult_infeasible_fedavot_cvar_a0.70_g0.90_seed3.csv.gz
adult,infeasible,fedavot_cvar,0.70,0.90,4,4000,500,0,,0.207476,White,0.379799,0.379799,0.176446,0.321152,0.125709,0.0342752,adult_infeasible_fedavot_cvar_a0.70_g0.90_seed4.csv.gz
adult,infeasible,fedavot_cvar,0.70,1.00,0,4000,500,0,,0.207451,White,0.378738,0.378738,0.177632,0.326246,0.122677,0.0319608,adult_infeasible_fedavot_cvar_a0.70_g1.00_seed0.csv.gz
adult,infeasible,fedavot_cvar,0.70,1.00,1,4000,500,0,,0.207404,White,0.377957,0.377957,0.176328,0.327636,0.122979,0.0321195,adult_infeasible_fedavot_cvar_a0.70_g1.00_seed1.csv.gz
adult,infeasible,fedavot_cvar,0.70,1.00,2,4000,500,0,,0.20753,White,0.377404,0.377404,0.176948,0.32956,0.122766,0.0309709,adult_infeasible_fedavot_cvar_a0.70_g1.00_seed2.csv.gz
adult,infeasible,fedavot_cvar,0.70,1.00,3,4000,500,0,,0.207543,White,0.378558,0.378558,0.178172,0.327176,0.121377,0.0324318,adult_infeasible_fedavot_cvar_a0.70_g1.00_seed3.csv.gz
adult,infeasible,fedavot_cvar,0.70,1.00,4,4000,500,0,,0.207472,White,0.380953,0.380953,0.176878,0.323392,0.124661,0.031478,adult_infeasible_fedavot_cvar_a0.70_g1.00_seed4.csv.gz
adult,infeasible,fedavot_cvar,0.80,0.10,0,4000,500,0,,0.212115,White,0.372917,0.372917,0.177124,0.318204,0.115605,0.0767253,adult_infeasible_fedavot_cvar_a0.80_g0.10_seed0.csv.gz
adult,infeasible,fedavot_cvar,0.80,0.10,1,4000,500,0,,0.212121,White,0.372199,0.372199,0.175715,0.320065,0.115351,0.0772753,adult_infeasible_fedavot_cvar_a0.80_g0.10_seed1.csv.gz
adult,infeasible,fedavot_cvar,0.80,0.10,2,4000,500,0,,0.211826,White,0.37184,0.37184,0.176194,0.32163,0.114719,0.0747452,adult_infeasible_fedavot_cvar_a0.80_g0.10_seed2.csv.gz
adult,infeasible,fedavot_cvar,0.80,0.10,3,4000,500,0,,0.212554,White,0.372782,0.372782,0.177798,0.319205,0.113989,0.0789947,adult_infeasible_fedavot_cvar_a0.80_g0.10_seed3.csv.gz
adult,infeasible,fedavot_cvar,0.80,0.10,4,4000,500,0,,0.212111,White,0.375135,0.375135,0.176302,0.315894,0.116633,0.0765885,adult_infeasible_fedavot_cvar_a0.80_g0.10_seed4.csv.gz
adult,infeasible,fedavot_cvar,0.80,0.20,0,4000,500,0,,0.211014,White,0.373614,0.373614,0.177082,0.319011,0.115697,0.0696646,adult_infeasible_fedavot_cvar_a0.80_g0.20_seed0.csv.gz
adult,infeasible,fedavot_cvar,0.80,0.20,1,4000,500,0,,0.210943,White,0.372893,0.372893,0.175653,0.320776,0.115647,0.0697461,adult_infeasible_fedavot_cvar_a0.80_g0.20_seed1.csv.gz
adult,infeasible,fedavot_cvar,0.80,0.20,2,4000,500,0,,0.210721,White,0.372558,0.372558,0.176161,0.322341,0.115099,0.0674486,adult_infeasible_fedavot_cvar_a0.80_g0.20_seed2.csv.gz
adult,infeasible,fedavot_cvar,0.80,0.20,3,4000,500,0,,0.211374,White,0.373519,0.373519,0.177756,0.319976,0.114088,0.0715317,adult_infeasible_fedavot_cvar_a0.80_g0.20_seed3.csv.gz
adult,infeasible,fedavot_cvar,0.80,0.20,4,4000,500,0,,0.210912,White,0.375828,0.375828,0.176243,0.316622,0.116949,0.068919,adult_infeasible_fedavot_cvar_a0.80_g0.20_seed4.csv.gz
adult,infeasible,fedavot_cvar,0.80,0.30,0,4000,500,0,,0.209973,White,0.374304,0.374304,0.177013,0.319785,0.116337,0.0624257,adult_infeasible_fedavot_cvar_a0.80_g0.30_seed0.csv.gz
adult,infeasible,fedavot_cvar,0.80,0.30,1,4000,500,0,,0.209905,White,0.373581,0.373581,0.175587,0.321466,0.116391,0.0624998,adult_infeasible_fedavot_cvar_a0.80_g0.30_seed1.csv.gz
adult,infeasible,fedavot_cvar,0.80,0.30,2,4000,500,0,,0.209708,White,0.373232,0.373232,0.176107,0.323008,0.116067,0.0601272,adult_infeasible_fedavot_cvar_a0.80_g0.30_seed2.csv.gz
adult,infeasible,fedavot_cvar,0.80,0.30,3,4000,500,0,,0.210276,White,0.374227,0.374227,0.177684,0.320704,0.114759,0.0640058,adult_infeasible_fedavot_cvar_a0.80_g0.30_seed3.csv.gz
adult,infeasible,fedavot_cvar,0.80,0.30,4,4000,500,0,,0.209848,White,0.376523,0.376523,0.176165,0.317289,0.117827,0.0614344,adult_infeasible_fedavot_cvar_a0.80_g0.30_seed4.csv.gz
adult,infeasible,fedavot_cvar,0.80,0.40,0,4000,500,0,,0.209134,White,0.374997,0.374997,0.176992,0.320617,0.117157,0.0559063,adult_infeasible_fedavot_cvar_a0.80_g0.40_seed0.csv.gz
adult,infeasible,fedavot_cvar,0.80,0.40,1,4000,500,0,,0.209068,White,0.374265,0.374265,0.175561,0.322212,0.117319,0.0559804,adult_infeasible_fedavot_cvar_a0.80_g0.40_seed1.csv.gz
adult,infeasible,fedavot_cvar,0.80,0.40,2,4000,500,0,,0.208914,White,0.373893,0.373893,0.176104,0.323779,0.117169,0.0536252,adult_infeasible_fedavot_cvar_a0.80_g0.40_seed2.csv.gz
adult,infeasible,fedavot_cvar,0.80,0.40,3,4000,500,0,,0.209372,White,0.374917,0.374917,0.177641,0.321518,0.115652,0.0571334,adult_infeasible_fedavot_cvar_a0.80_g0.40_seed3.csv.gz
adult,infeasible,fedavot_cvar,0.80,0.40,4,4000,500,0,,0.20901,White,0.377215,0.377215,0.176128,0.31799,0.11893,0.0547869,adult_infeasible_fedavot_cvar_a0.80_g0.40_seed4.csv.gz
adult,infeasible,fedavot_cvar,0.80,0.50,0,4000,500,0,,0.208491,White,0.37568,0.37568,0.176994,0.321432,0.118187,0.0501619,adult_infeasible_fedavot_cvar_a0.80_g0.50_seed0.csv.gz
adult,infeasible,fedavot_cvar,0.80,0.50,1,4000,500,0,,0.20844,White,0.374941,0.374941,0.175588,0.323022,0.118288,0.0503591,adult_infeasible_fedavot_cvar_a0.80_g0.50_seed1.csv.gz
adult,infeasible,fedavot_cvar,0.80,0.50,2,4000,500,0,,0.208347,White,0.374541,0.374541,0.176155,0.324614,0.118225,0.0482033,adult_infeasible_fedavot_cvar_a0.80_g0.50_seed2.csv.gz
adult,infeasible,fedavot_cvar,0.80,0.50,3,4000,500,0,,0.208683,White,0.375585,0.375585,0.177632,0.322357,0.116708,0.0511336,adult_infeasible_fedavot_cvar_a0.80_g0.50_seed3.csv.gz
adult,infeasible,fedavot_cvar,0.80,0.50,4,4000,500,0,,0.208406,White,0.377897,0.377897,0.176152,0.318778,0.119977,0.049227,adult_infeasible_fedavot_cvar_a0.80_g0.50_seed4.csv.gz
adult,infeasible,fedavot_cvar,0.80,0.60,0,4000,500,0,,0.208035,White,0.376342,0.376342,0.17704,0.322299,0.119196,0.0452994,adult_infeasible_fedavot_cvar_a0.80_g0.60_seed0.csv.gz
adult,infeasible,fedavot_cvar,0.80,0.60,1,4000,500,0,,0.207988,White,0.375594,0.375594,0.175656,0.323852,0.119315,0.0455254,adult_infeasible_fedavot_cvar_a0.80_g0.60_seed1.csv.gz
adult,infeasible,fedavot_cvar,0.80,0.60,2,4000,500,0,,0.207957,White,0.375167,0.375167,0.176245,0.325515,0.119225,0.0436326,adult_infeasible_fedavot_cvar_a0.80_g0.60_seed2.csv.gz
adult,infeasible,fedavot_cvar,0.80,0.60,3,4000,500,0,,0.2082,White,0.376236,0.376236,0.177666,0.323219,0.117733,0.0461478,adult_infeasible_fedavot_cvar_a0.80_g0.60_seed3.csv.gz
adult,infeasible,fedavot_cvar,0.80,0.60,4,4000,500,0,,0.207985,White,0.37856,0.37856,0.176224,0.319613,0.120993,0.0445337,adult_infeasible_fedavot_cvar_a0.80_g0.60_seed4.csv.gz
adult,infeasible,fedavot_cvar,0.80,0.70,0,4000,500,0,,0.207734,White,0.376986,0.376986,0.177129,0.323203,0.120132,0.0412173,adult_infeasible_fedavot_cvar_a0.80_g0.70_seed0.csv.gz
adult,infeasible,fedavot_cvar,0.80,0.70,1,4000,500,0,,0.207688,White,0.376229,0.376229,0.175768,0.324715,0.12029,0.0414376,adult_infeasible_fedavot_cvar_a0.80_g0.70_seed1.csv.gz
adult,infeasible,fedavot_cvar,0.80,0.70,2,4000,500,0,,0.207707,White,0.375767,0.375767,0.176369,0.326454,0.120159,0.0397901,adult_infeasible_fedavot_cvar_a0.80_g0.70_seed2.csv.gz
adult,infeasible,fedavot_cvar,0.80,0.70,3,4000,500,0,,0.207878,White,0.376868,0.376868,0.177735,0.324109,0.118691,0.0419854,adult_infeasible_fedavot_cvar_a0.80_g0.70_seed3.csv.gz
adult,infeasible,fedavot_cvar,0.80,0.70,4,4000,500,0,,0.207707,White,0.379201,0.379201,0.176331,0.320473,0.121974,0.040555,adult_infeasible_fedavot_cvar_a0.80_g0.70_seed4.csv.gz
adult,infeasible,fedavot_cvar,0.80,0.80,0,4000,500,0,,0.207549,White,0.377609,0.377609,0.177256,0.324141,0.121007,0.0377336,adult_infeasible_fedavot_cvar_a0.80_g0.80_seed0.csv.gz
adult,infeasible,fedavot_cvar,0.80,0.80,1,4000,500,0,,0.207504,White,0.376838,0.376838,0.175914,0.325625,0.121218,0.0379238,adult_infeasible_fedavot_cvar_a0.80_g0.80_seed1.csv.gz
adult,infeasible,fedavot_cvar,0.80,0.80,2,4000,500,0,,0.207566,White,0.376341,0.376341,0.17652,0.327424,0.121031,0.0365126,adult_infeasible_fedavot_cvar_a0.80_g0.80_seed2.csv.gz
adult,infeasible,fedavot_cvar,0.80,0.80,3,4000,500,0,,0.207672,White,0.377462,0.377462,0.177838,0.325061,0.119614,0.0383859,adult_infeasible_fedavot_cvar_a0.80_g0.80_seed3.csv.gz
adult,infeasible,fedavot_cvar,0.80,0.80,4,4000,500,0,,0.207543,White,0.37982,0.37982,0.176471,0.321363,0.122892,0.0371687,adult_infeasible_fedavot_cvar_a0.80_g0.80_seed4.csv.gz
adult,infeasible,fedavot_cvar,0.80,0.90,0,4000,500,0,,0.207459,White,0.3782,0.3782,0.177418,0.32514,0.121833,0.0347025,adult_infeasible_fedavot_cvar_a0.80_g0.90_seed0.csv.gz
adult,infeasible,fedavot_cvar,0.80,0.90,1,4000,500,0,,0.207414,White,0.377415,0.377415,0.176097,0.326597,0.122093,0.0348721,adult_infeasible_fedavot_cvar_a0.80_g0.90_seed1.csv.gz
adult,infeasible,fedavot_cvar,0.80,0.90,2,4000,500,0,,0.207509,White,0.376886,0.376886,0.176705,0.328451,0.121877,0.0336267,adult_infeasible_fedavot_cvar_a0.80_g0.90_seed2.csv.gz
adult,infeasible,fedavot_cvar,0.80,0.90,3,4000,500,0,,0.207564,White,0.378021,0.378021,0.177982,0.3261,0.120489,0.0352304,adult_infeasible_fedavot_cvar_a0.80_g0.90_seed3.csv.gz
adult,infeasible,fedavot_cvar,0.80,0.90,4,4000,500,0,,0.207468,White,0.380406,0.380406,0.176648,0.322328,0.12377,0.0341897,adult_infeasible_fedavot_cvar_a0.80_g0.90_seed4.csv.gz
adult,infeasible,fedavot_cvar,0.80,1.00,0,4000,500,0,,0.207451,White,0.378738,0.378738,0.177632,0.326246,0.122677,0.0319608,adult_infeasible_fedavot_cvar_a0.80_g1.00_seed0.csv.gz
adult,infeasible,fedavot_cvar,0.80,1.00,1,4000,500,0,,0.207404,White,0.377957,0.377957,0.176328,0.327636,0.122979,0.0321195,adult_infeasible_fedavot_cvar_a0.80_g1.00_seed1.csv.gz
adult,infeasible,fedavot_cvar,0.80,1.00,2,4000,500,0,,0.20753,White,0.377404,0.377404,0.176948,0.32956,0.122766,0.0309709,adult_infeasible_fedavot_cvar_a0.80_g1.00_seed2.csv.gz
adult,infeasible,fedavot_cvar,0.80,1.00,3,4000,500,0,,0.207543,White,0.378558,0.378558,0.178172,0.327176,0.121377,0.0324318,adult_infeasible_fedavot_cvar_a0.80_g1.00_seed3.csv.gz
adult,infeasible,fedavot_cvar,0.80,1.00,4,4000,500,0,,0.207472,White,0.380953,0.380953,0.176878,0.323392,0.124661,0.031478,adult_infeasible_fedavot_cvar_a0.80_g1.00_seed4.csv.gz
adult,infeasible,fedavot_cvar,0.90,0.10,0,4000,500,0,,0.208027,White,0.376299,0.376299,0.177071,0.322431,0.119236,0.0451,adult_infeasible_fedavot_cvar_a0.90_g0.10_seed0.csv.gz
adult,infeasible,fedavot_cvar,0.90,0.10,1,4000,500,0,,0.20796,White,0.375595,0.375595,0.175695,0.323942,0.119386,0.0451811,adult_infeasible_fedavot_cvar_a0.90_g0.10_seed1.csv.gz
adult,infeasible,fedavot_cvar,0.90,0.10,2,4000,500,0,,0.207944,White,0.375172,0.375172,0.176269,0.325579,0.119272,0.0434281,adult_infeasible_fedavot_cvar_a0.90_g0.10_seed2.csv.gz
adult,infeasible,fedavot_cvar,0.90,0.10,3,4000,500,0,,0.208173,White,0.37627,0.37627,0.1777,0.323267,0.117829,0.0457986,adult_infeasible_fedavot_cvar_a0.90_g0.10_seed3.csv.gz
adult,infeasible,fedavot_cvar,0.90,0.10,4,4000,500,0,,0.207971,White,0.378583,0.378583,0.176239,0.319621,0.121062,0.0443489,adult_infeasible_fedavot_cvar_a0.90_g0.10_seed4.csv.gz
adult,infeasible,fedavot_cvar,0.90,0.20,0,4000,500,0,,0.207884,White,0.376598,0.376598,0.177093,0.322775,0.119642,0.043313,adult_infeasible_fedavot_cvar_a0.90_g0.20_seed0.csv.gz
adult,infeasible,fedavot_cvar,0.90,0.20,1,4000,500,0,,0.207823,White,0.375883,0.375883,0.175725,0.324274,0.119815,0.0434172,adult_infeasible_fedavot_cvar_a0.90_g0.20_seed1.csv.gz
adult,infeasible,fedavot_cvar,0.90,0.20,2,4000,500,0,,0.207826,White,0.375444,0.375444,0.176307,0.325947,0.119678,0.0417546,adult_infeasible_fedavot_cvar_a0.90_g0.20_seed2.csv.gz
adult,infeasible,fedavot_cvar,0.90,0.20,3,4000,500,0,,0.208024,White,0.376549,0.376549,0.177713,0.323616,0.118243,0.0440006,adult_infeasible_fedavot_cvar_a0.90_g0.20_seed3.csv.gz
adult,infeasible,fedavot_cvar,0.90,0.20,4,4000,500,0,,0.207839,White,0.378871,0.378871,0.176275,0.319971,0.121485,0.0425962,adult_infeasible_fedavot_cvar_a0.90_g0.20_seed4.csv.gz
adult,infeasible,fedavot_cvar,0.90,0.30,0,4000,500,0,,0.207765,White,0.376892,0.376892,0.177124,0.323129,0.120037,0.0416441,adult_infeasible_fedavot_cvar_a0.90_g0.30_seed0.csv.gz
adult,infeasible,fedavot_cvar,0.90,0.30,1,4000,500,0,,0.207707,White,0.37617,0.37617,0.175766,0.324622,0.120232,0.0417441,adult_infeasible_fedavot_cvar_a0.90_g0.30_seed1.csv.gz
adult,infeasible,fedavot_cvar,0.90,0.30,2,4000,500,0,,0.207729,White,0.375712,0.375712,0.176354,0.326327,0.12007,0.0401832,adult_infeasible_fedavot_cvar_a0.90_g0.30_seed2.csv.gz
adult,infeasible,fedavot_cvar,0.90,0.30,3,4000,500,0,,0.207897,White,0.376824,0.376824,0.177736,0.323985,0.118657,0.0422844,adult_infeasible_fedavot_cvar_a0.90_g0.30_seed3.csv.gz
adult,infeasible,fedavot_cvar,0.90,0.30,4,4000,500,0,,0.207731,White,0.379156,0.379156,0.176315,0.320324,0.121888,0.0409737,adult_infeasible_fedavot_cvar_a0.90_g0.30_seed4.csv.gz
adult,infeasible,fedavot_cvar,0.90,0.40,0,4000,500,0,,0.207666,White,0.377183,0.377183,0.177164,0.3235,0.120426,0.0400594,adult_infeasible_fedavot_cvar_a0.90_g0.40_seed0.csv.gz
adult,infeasible,fedavot_cvar,0.90,0.40,1,4000,500,0,,0.207613,White,0.376451,0.376451,0.175816,0.324986,0.120637,0.0401737,adult_infeasible_fedavot_cvar_a0.90_g0.40_seed1.csv.gz
adult,infeasible,fedavot_cvar,0.90,0.40,2,4000,500,0,,0.207652,White,0.375977,0.375977,0.176406,0.326714,0.120454,0.038712,adult_infeasible_fedavot_cvar_a0.90_g0.40_seed2.csv.gz
adult,infeasible,fedavot_cvar,0.90,0.40,3,4000,500,0,,0.207795,White,0.377095,0.377095,0.177761,0.324354,0.119046,0.040718,adult_infeasible_fedavot_cvar_a0.90_g0.40_seed3.csv.gz
adult,infeasible,fedavot_cvar,0.90,0.40,4,4000,500,0,,0.207645,White,0.379443,0.379443,0.176363,0.320669,0.122294,0.0394539,adult_infeasible_fedavot_cvar_a0.90_g0.40_seed4.csv.gz
adult,infeasible,fedavot_cvar,0.90,0.50,0,4000,500,0,,0.207589,White,0.377467,0.377467,0.177212,0.323875,0.120804,0.0385854,adult_infeasible_fedavot_cvar_a0.90_g0.50_seed0.csv.gz
adult,infeasible,fedavot_cvar,0.90,0.50,1,4000,500,0,,0.207537,White,0.376727,0.376727,0.175873,0.325362,0.121034,0.0386891,adult_infeasible_fedavot_cvar_a0.90_g0.50_seed1.csv.gz
adult,infeasible,fedavot_cvar,0.90,0.50,2,4000,500,0,,0.207593,White,0.376238,0.376238,0.176467,0.327115,0.120831,0.0373145,adult_infeasible_fedavot_cvar_a0.90_g0.50_seed2.csv.gz
adult,infeasible,fedavot_cvar,0.90,0.50,3,4000,500,0,,0.20771,White,0.377364,0.377364,0.177799,0.324744,0.119434,0.0392092,adult_infeasible_fedavot_cvar_a0.90_g0.50_seed3.csv.gz
adult,infeasible,fedavot_cvar,0.90,0.50,4,4000,500,0,,0.207575,White,0.379721,0.379721,0.17642,0.321045,0.122687,0.0380029,adult_infeasible_fedavot_cvar_a0.90_g0.50_seed4.csv.gz
adult,infeasible,fedavot_cvar,0.90,0.60,0,4000,500,0,,0.207528,White,0.377748,0.377748,0.177269,0.32427,0.121177,0.037175,adult_infeasible_fedavot_cvar_a0.90_g0.60_seed0.csv.gz
adult,infeasible,fedavot_cvar,0.90,0.60,1,4000,500,0,,0.20748,White,0.376998,0.376998,0.175941,0.325753,0.121422,0.0372845,adult_infeasible_fedavot_cvar_a0.90_g0.60_seed1.csv.gz
adult,infeasible,fedavot_cvar,0.90,0.60,2,4000,500,0,,0.20755,White,0.37649,0.37649,0.176535,0.327536,0.121205,0.0359835,adult_infeasible_fedavot_cvar_a0.90_g0.60_seed2.csv.gz
adult,infeasible,fedavot_cvar,0.90,0.60,3,4000,500,0,,0.207643,White,0.377622,0.377622,0.177847,0.325161,0.119817,0.0377682,adult_infeasible_fedavot_cvar_a0.90_g0.60_seed3.csv.gz
adult,infeasible,fedavot_cvar,0.90,0.60,4,4000,500,0,,0.207523,White,0.379992,0.379992,0.176486,0.321441,0.123077,0.0366201,adult_infeasible_fedavot_cvar_a0.90_g0.60_seed4.csv.gz
adult,infeasible,fedavot_cvar,0.90,0.70,0,4000,500,0,,0.207484,White,0.378021,0.378021,0.177335,0.324685,0.12154,0.0358401,adult_infeasible_fedavot_cvar_a0.90_g0.70_seed0.csv.gz
adult,infeasible,fedavot_cvar,0.90,0.70,1,4000,500,0,,0.207438,White,0.377257,0.377257,0.176017,0.326169,0.121803,0.0359457,adult_infeasible_fedavot_cvar_a0.90_g0.70_seed1.csv.gz
adult,infeasible,fedavot_cvar,0.90,0.70,2,4000,500,0,,0.207522,White,0.376732,0.376732,0.176618,0.327999,0.12158,0.0346802,adult_infeasible_fedavot_cvar_a0.90_g0.70_seed2.csv.gz
adult,infeasible,fedavot_cvar,0.90,0.70,3,4000,500,0,,0.207593,White,0.37787,0.37787,0.177906,0.325615,0.120189,0.0363858,adult_infeasible_fedavot_cvar_a0.90_g0.70_seed3.csv.gz
adult,infeasible,fedavot_cvar,0.90,0.70,4,4000,500,0,,0.207487,White,0.380246,0.380246,0.176562,0.321878,0.123453,0.0352986,adult_infeasible_fedavot_cvar_a0.90_g0.70_seed4.csv.gz
adult,infeasible,fedavot_cvar,0.90,0.80,0,4000,500,0,,0.207456,White,0.378274,0.378274,0.177421,0.325178,0.121909,0.0344979,adult_infeasible_fedavot_cvar_a0.90_g0.80_seed0.csv.gz
adult,infeasible,fedavot_cvar,0.90,0.80,1,4000,500,0,,0.207412,White,0.377505,0.377505,0.176105,0.326624,0.122179,0.0346478,adult_infeasible_fedavot_cvar_a0.90_g0.80_seed1.csv.gz
adult,infeasible,fedavot_cvar,0.90,0.80,2,4000,500,0,,0.207508,White,0.376961,0.376961,0.176717,0.328509,0.121968,0.0333875,adult_infeasible_fedavot_cvar_a0.90_g0.80_seed2.csv.gz
adult,infeasible,fedavot_cvar,0.90,0.80,3,4000,500,0,,0.207559,White,0.378107,0.378107,0.177981,0.326117,0.12057,0.0350217,adult_infeasible_fedavot_cvar_a0.90_g0.80_seed3.csv.gz
adult,infeasible,fedavot_cvar,0.90,0.80,4,4000,500,0,,0.207466,White,0.380488,0.380488,0.176655,0.322365,0.12385,0.033971,adult_infeasible_fedavot_cvar_a0.90_g0.80_seed4.csv.gz
adult,infeasible,fedavot_cvar,0.90,0.90,0,4000,500,0,,0.207444,White,0.378512,0.378512,0.177523,0.325716,0.122292,0.033175,adult_infeasible_fedavot_cvar_a0.90_g0.90_seed0.csv.gz
adult,infeasible,fedavot_cvar,0.90,0.90,1,4000,500,0,,0.207399,White,0.377735,0.377735,0.176211,0.327132,0.122573,0.0333472,adult_infeasible_fedavot_cvar_a0.90_g0.90_seed1.csv.gz
adult,infeasible,fedavot_cvar,0.90,0.90,2,4000,500,0,,0.20751,White,0.377187,0.377187,0.176829,0.329038,0.122366,0.0321305,adult_infeasible_fedavot_cvar_a0.90_g0.90_seed2.csv.gz
adult,infeasible,fedavot_cvar,0.90,0.90,3,4000,500,0,,0.207542,White,0.378336,0.378336,0.178071,0.326651,0.120968,0.0336815,adult_infeasible_fedavot_cvar_a0.90_g0.90_seed3.csv.gz
adult,infeasible,fedavot_cvar,0.90,0.90,4,4000,500,0,,0.20746,White,0.380725,0.380725,0.176763,0.322884,0.124256,0.0326719,adult_infeasible_fedavot_cvar_a0.90_g0.90_seed4.csv.gz
adult,infeasible,fedavot_cvar,0.90,1.00,0,4000,500,0,,0.207451,White,0.378738,0.378738,0.177632,0.326246,0.122677,0.0319608,adult_infeasible_fedavot_cvar_a0.90_g1.00_seed0.csv.gz
adult,infeasible,fedavot_cvar,0.90,1.00,1,4000,500,0,,0.207404,White,0.377957,0.377957,0.176328,0.327636,0.122979,0.0321195,adult_infeasible_fedavot_cvar_a0.90_g1.00_seed1.csv.gz
adult,infeasible,fedavot_cvar,0.90,1.00,2,4000,500,0,,0.20753,White,0.377404,0.377404,0.176948,0.32956,0.122766,0.0309709,adult_infeasible_fedavot_cvar_a0.90_g1.00_seed2.csv.gz
adult,infeasible,fedavot_cvar,0.90,1.00,3,4000,500,0,,0.207543,White,0.378558,0.378558,0.178172,0.327176,0.121377,0.0324318,adult_infeasible_fedavot_cvar_a0.90_g1.00_seed3.csv.gz
adult,infeasible,fedavot_cvar,0.90,1.00,4,4000,500,0,,0.207472,White,0.380953,0.380953,0.176878,0.323392,0.124661,0.031478,adult_infeasible_fedavot_cvar_a0.90_g1.00_seed4.csv.gz
adult,infeasible,fedavot_cvar,1.00,0.10,0,4000,500,0,,0.207451,White,0.378738,0.378738,0.177632,0.326246,0.122677,0.0319608,adult_infeasible_fedavot_cvar_a1.00_g0.10_seed0.csv.gz
adult,infeasible,fedavot_cvar,1.00,0.10,1,4000,500,0,,0.207404,White,0.377957,0.377957,0.176328,0.327636,0.122979,0.0321195,adult_infeasible_fedavot_cvar_a1.00_g0.10_seed1.csv.gz
adult,infeasible,fedavot_cvar,1.00,0.10,2,4000,500,0,,0.20753,White,0.377404,0.377404,0.176948,0.32956,0.122766,0.0309709,adult_infeasible_fedavot_cvar_a1.00_g0.10_seed2.csv.gz
adult,infeasible,fedavot_cvar,1.00,0.10,3,4000,500,0,,0.207543,White,0.378558,0.378558,0.178172,0.327176,0.121377,0.0324318,adult_infeasible_fedavot_cvar_a1.00_g0.10_seed3.csv.gz
adult,infeasible,fedavot_cvar,1.00,0.10,4,4000,500,0,,0.207472,White,0.380953,0.380953,0.176878,0.323392,0.124661,0.031478,adult_infeasible_fedavot_cvar_a1.00_g0.10_seed4.csv.gz
adult,infeasible,fedavot_cvar,1.00,0.20,0,4000,500,0,,0.207451,White,0.378738,0.378738,0.177632,0.326246,0.122677,0.0319608,adult_infeasible_fedavot_cvar_a1.00_g0.20_seed0.csv.gz
adult,infeasible,fedavot_cvar,1.00,0.20,1,4000,500,0,,0.207404,White,0.377957,0.377957,0.176328,0.327636,0.122979,0.0321195,adult_infeasible_fedavot_cvar_a1.00_g0.20_seed1.csv.gz
adult,infeasible,fedavot_cvar,1.00,0.20,2,4000,500,0,,0.20753,White,0.377404,0.377404,0.176948,0.32956,0.122766,0.0309709,adult_infeasible_fedavot_cvar_a1.00_g0.20_seed2.csv.gz
adult,infeasible,fedavot_cvar,1.00,0.20,3,4000,500,0,,0.207543,White,0.378558,0.378558,0.178172,0.327176,0.121377,0.0324318,adult_infeasible_fedavot_cvar_a1.00_g0.20_seed3.csv.gz
adult,infeasible,fedavot_cvar,1.00,0.20,4,4000,500,0,,0.207472,White,0.380953,0.380953,0.176878,0.323392,0.124661,0.031478,adult_infeasible_fedavot_cvar_a1.00_g0.20_seed4.csv.gz
adult,infeasible,fedavot_cvar,1.00,0.30,0,4000,500,0,,0.207451,White,0.378738,0.378738,0.177632,0.326246,0.122677,0.0319608,adult_infeasible_fedavot_cvar_a1.00_g0.30_seed0.csv.gz
adult,infeasible,fedavot_cvar,1.00,0.30,1,4000,500,0,,0.207404,White,0.377957,0.377957,0.176328,0.327636,0.122979,0.0321195,adult_infeasible_fedavot_cvar_a1.00_g0.30_seed1.csv.gz
adult,infeasible,fedavot_cvar,1.00,0.30,2,4000,500,0,,0.20753,White,0.377404,0.377404,0.176948,0.32956,0.122766,0.0309709,adult_infeasible_fedavot_cvar_a1.00_g0.30_seed2.csv.gz
adult,infeasible,fedavot_cvar,1.00,0.30,3,4000,500,0,,0.207543,White,0.378558,0.378558,0.178172,0.327176,0.121377,0.0324318,adult_infeasible_fedavot_cvar_a1.00_g0.30_seed3.csv.gz
adult,infeasible,fedavot_cvar,1.00,0.30,4,4000,500,0,,0.207472,White,0.380953,0.380953,0.176878,0.323392,0.124661,0.031478,adult_infeasible_fedavot_cvar_a1.00_g0.30_seed4.csv.gz
adult,infeasible,fedavot_cvar,1.00,0.40,0,4000,500,0,,0.207451,White,0.378738,0.378738,0.177632,0.326246,0.122677,0.0319608,adult_infeasible_fedavot_cvar_a1.00_g0.40_seed0.csv.gz
adult,infeasible,fedavot_cvar,1.00,0.40,1,4000,500,0,,0.207404,White,0.377957,0.377957,0.176328,0.327636,0.122979,0.0321195,adult_infeasible_fedavot_cvar_a1.00_g0.40_seed1.csv.gz
adult,infeasible,fedavot_cvar,1.00,0.40,2,4000,500,0,,0.20753,White,0.377404,0.377404,0.176948,0.32956,0.122766,0.0309709,adult_infeasible_fedavot_cvar_a1.00_g0.40_seed2.csv.gz
adult,infeasible,fedavot_cvar,1.00,0.40,3,4000,500,0,,0.207543,White,0.378558,0.378558,0.178172,0.327176,0.121377,0.0324318,adult_infeasible_fedavot_cvar_a1.00_g0.40_seed3.csv.gz
adult,infeasible,fedavot_cvar,1.00,0.40,4,4000,500,0,,0.207472,White,0.380953,0.380953,0.176878,0.323392,0.124661,0.031478,adult_infeasible_fedavot_cvar_a1.00_g0.40_seed4.csv.gz
adult,infeasible,fedavot_cvar,1.00,0.50,0,4000,500,0,,0.207451,White,0.378738,0.378738,0.177632,0.326246,0.122677,0.0319608,adult_infeasible_fedavot_cvar_a1.00_g0.50_seed0.csv.gz
adult,infeasible,fedavot_cvar,1.00,0.50,1,4000,500,0,,0.207404,White,0.377957,0.377957,0.176328,0.327636,0.122979,0.0321195,adult_infeasible_fedavot_cvar_a1.00_g0.50_seed1.csv.gz
adult,infeasible,fedavot_cvar,1.00,0.50,2,4000,500,0,,0.20753,White,0.377404,0.377404,0.176948,0.32956,0.122766,0.0309709,adult_infeasible_fedavot_cvar_a1.00_g0.50_seed2.csv.gz
adult,infeasible,fedavot_cvar,1.00,0.50,3,4000,500,0,,0.207543,White,0.378558,0.378558,0.178172,0.327176,0.121377,0.0324318,adult_infeasible_fedavot_cvar_a1.00_g0.50_seed3.csv.gz
adult,infeasible,fedavot_cvar,1.00,0.50,4,4000,500,0,,0.207472,White,0.380953,0.380953,0.176878,0.323392,0.124661,0.031478,adult_infeasible_fedavot_cvar_a1.00_g0.50_seed4.csv.gz
adult,infeasible,fedavot_cvar,1.00,0.60,0,4000,500,0,,0.207451,White,0.378738,0.378738,0.177632,0.326246,0.122677,0.0319608,adult_infeasible_fedavot_cvar_a1.00_g0.60_seed0.csv.gz
adult,infeasible,fedavot_cvar,1.00,0.60,1,4000,500,0,,0.207404,White,0.377957,0.377957,0.176328,0.327636,0.122979,0.0321195,adult_infeasible_fedavot_cvar_a1.00_g0.60_seed1.csv.gz
adult,infeasible,fedavot_cvar,1.00,0.60,2,4000,500,0,,0.20753,White,0.377404,0.377404,0.176948,0.32956,0.122766,0.0309709,adult_infeasible_fedavot_cvar_a1.00_g0.60_seed2.csv.gz
adult,infeasible,fedavot_cvar,1.00,0.60,3,4000,500,0,,0.207543,White,0.378558,0.378558,0.178172,0.327176,0.121377,0.0324318,adult_infeasible_fedavot_cvar_a1.00_g0.60_seed3.csv.gz
adult,infeasible,fedavot_cvar,1.00,0.60,4,4000,500,0,,0.207472,White,0.380953,0.380953,0.176878,0.323392,0.124661,0.031478,adult_infeasible_fedavot_cvar_a1.00_g0.60_seed4.csv.gz
adult,infeasible,fedavot_cvar,1.00,0.70,0,4000,500,0,,0.207451,White,0.378738,0.378738,0.177632,0.326246,0.122677,0.0319608,adult_infeasible_fedavot_cvar_a1.00_g0.70_seed0.csv.gz
adult,infeasible,fedavot_cvar,1.00,0.70,1,4000,500,0,,0.207404,White,0.377957,0.377957,0.176328,0.327636,0.122979,0.0321195,adult_infeasible_fedavot_cvar_a1.00_g0.70_seed1.csv.gz
adult,infeasible,fedavot_cvar,1.00,0.70,2,4000,500,0,,0.20753,White,0.377404,0.377404,0.176948,0.32956,0.122766,0.0309709,adult_infeasible_fedavot_cvar_a1.00_g0.70_seed2.csv.gz
adult,infeasible,fedavot_cvar,1.00,0.70,3,4000,500,0,,0.207543,White,0.378558,0.378558,0.178172,0.327176,0.121377,0.0324318,adult_infeasible_fedavot_cvar_a1.00_g0.70_seed3.csv.gz
adult,infeasible,fedavot_cvar,1.00,0.70,4,4000,500,0,,0.207472,White,0.380953,0.380953,0.176878,0.323392,0.124661,0.031478,adult_infeasible_fedavot_cvar_a1.00_g0.70_seed4.csv.gz
adult,infeasible,fedavot_cvar,1.00,0.80,0,4000,500,0,,0.207451,White,0.378738,0.378738,0.177632,0.326246,0.122677,0.0319608,adult_infeasible_fedavot_cvar_a1.00_g0.80_seed0.csv.gz
adult,infeasible,fedavot_cvar,1.00,0.80,1,4000,500,0,,0.207404,White,0.377957,0.377957,0.176328,0.327636,0.122979,0.0321195,adult_infeasible_fedavot_cvar_a1.00_g0.80_seed1.csv.gz
adult,infeasible,fedavot_cvar,1.00,0.80,2,4000,500,0,,0.20753,White,0.377404,0.377404,0.176948,0.32956,0.122766,0.0309709,adult_infeasible_fedavot_cvar_a1.00_g0.80_seed2.csv.gz
adult,infeasible,fedavot_cvar,1.00,0.80,3,4000,500,0,,0.207543,White,0.378558,0.378558,0.178172,0.327176,0.121377,0.0324318,adult_infeasible_fedavot_cvar_a1.00_g0.80_seed3.csv.gz
adult,infeasible,fedavot_cvar,1.00,0.80,4,4000,500,0,,0.207472,White,0.380953,0.380953,0.176878,0.323392,0.124661,0.031478,adult_infeasible_fedavot_cvar_a1.00_g0.80_seed4.csv.gz
adult,infeasible,fedavot_cvar,1.00,0.90,0,4000,500,0,,0.207451,White,0.378738,0.378738,0.177632,0.326246,0.122677,0.0319608,adult_infeasible_fedavot_cvar_a1.00_g0.90_seed0.csv.gz
adult,infeasible,fedavot_cvar,1.00,0.90,1,4000,500,0,,0.207404,White,0.377957,0.377957,0.176328,0.327636,0.122979,0.0321195,adult_infeasible_fedavot_cvar_a1.00_g0.90_seed1.csv.gz
adult,infeasible,fedavot_cvar,1.00,0.90,2,4000,500,0,,0.20753,White,0.377404,0.377404,0.176948,0.32956,0.122766,0.0309709,adult_infeasible_fedavot_cvar_a1.00_g0.90_seed2.csv.gz
adult,infeasible,fedavot_cvar,1.00,0.90,3,4000,500,0,,0.207543,White,0.378558,0.378558,0.178172,0.327176,0.121377,0.0324318,adult_infeasible_fedavot_cvar_a1.00_g0.90_seed3.csv.gz
adult,infeasible,fedavot_cvar,1.00,0.90,4,4000,500,0,,0.207472,White,0.380953,0.380953,0.176878,0.323392,0.124661,0.031478,adult_infeasible_fedavot_cvar_a1.00_g0.90_seed4.csv.gz
adult,infeasible,fedavot_cvar,1.00,1.00,0,4000,500,0,,0.207451,White,0.378738,0.378738,0.177632,0.326246,0.122677,0.0319608,adult_infeasible_fedavot_cvar_a1.00_g1.00_seed0.csv.gz
adult,infeasible,fedavot_cvar,1.00,1.00,1,4000,500,0,,0.207404,White,0.377957,0.377957,0.176328,0.327636,0.122979,0.0321195,adult_infeasible_fedavot_cvar_a1.00_g1.00_seed1.csv.gz
adult,infeasible,fedavot_cvar,1.00,1.00,2,4000,500,0,,0.20753,White,0.377404,0.377404,0.176948,0.32956,0.122766,0.0309709,adult_infeasible_fedavot_cvar_a1.00_g1.00_seed2.csv.gz
adult,infeasible,fedavot_cvar,1.00,1.00,3,4000,500,0,,0.207543,White,0.378558,0.378558,0.178172,0.327176,0.121377,0.0324318,adult_infeasible_fedavot_cvar_a1.00_g1.00_seed3.csv.gz
adult,infeasible,fedavot_cvar,1.00,1.00,4,4000,500,0,,0.207472,White,0.380953,0.380953,0.176878,0.323392,0.124661,0.031478,adult_infeasible_fedavot_cvar_a1.00_g1.00_seed4.csv.gz
adult,infeasible,fedcvar,0.10,0.10,0,4000,500,0,,0.240589,White,0.352526,0.352526,0.217283,0.332463,0.191551,0.109121,adult_infeasible_fedcvar_a0.10_g0.10_seed0.csv.gz
adult,infeasible,fedcvar,0.10,0.10,1,4000,500,0,,0.238044,White,0.35175,0.35175,0.214487,0.33029,0.188684,0.105008,adult_infeasible_fedcvar_a0.10_g0.10_seed1.csv.gz
adult,infeasible,fedcvar,0.10,0.10,2,4000,500,0,,0.238551,White,0.350696,0.350696,0.216412,0.332579,0.185475,0.107592,adult_infeasible_fedcvar_a0.10_g0.10_seed2.csv.gz
adult,infeasible,fedcvar,0.10,0.10,3,4000,500,0,,0.239283,White,0.352422,0.352422,0.216435,0.33105,0.186047,0.110459,adult_infeasible_fedcvar_a0.10_g0.10_seed3.csv.gz
adult,infeasible,fedcvar,0.10,0.10,4,4000,500,0,,0.238995,White,0.354414,0.354414,0.21594,0.327726,0.193403,0.103489,adult_infeasible_fedcvar_a0.10_g0.10_seed4.csv.gz
adult,infeasible,fedcvar,0.10,0.20,0,4000,500,0,,0.233743,White,0.352086,0.352086,0.212865,0.332925,0.185993,0.0848452,adult_infeasible_fedcvar_a0.10_g0.20_seed0.csv.gz
adult,infeasible,fedcvar,0.10,0.20,1,4000,500,0,,0.232344,White,0.351186,0.351186,0.21102,0.331461,0.182896,0.0851579,adult_infeasible_fedcvar_a0.10_g0.20_seed1.csv.gz
adult,infeasible,fedcvar,0.10,0.20,2,4000,500,0,,0.231728,White,0.350607,0.350607,0.211674,0.333124,0.179031,0.0842034,adult_infeasible_fedcvar_a0.10_g0.20_seed2.csv.gz
adult,infeasible,fedcvar,0.10,0.20,3,4000,500,0,,0.23256,White,0.352229,0.352229,0.212185,0.331763,0.181379,0.0852437,adult_infeasible_fedcvar_a0.10_g0.20_seed3.csv.gz
adult,infeasible,fedcvar,0.10,0.20,4,4000,500,0,,0.232774,White,0.354034,0.354034,0.212419,0.328746,0.187067,0.0816021,adult_infeasible_fedcvar_a0.10_g0.20_seed4.csv.gz
adult,infeasible,fedcvar,0.10,0.30,0,4000,500,0,,0.229944,White,0.351485,0.351485,0.209372,0.33326,0.180655,0.0749454,adult_infeasible_fedcvar_a0.10_g0.30_seed0.csv.gz
adult,infeasible,fedcvar,0.10,0.30,1,4000,500,0,,0.228895,White,0.351107,0.351107,0.207211,0.33223,0.177562,0.0763643,adult_infeasible_fedcvar_a0.10_g0.30_seed1.csv.gz
adult,infeasible,fedcvar,0.10,0.30,2,4000,500,0,,0.228003,White,0.350406,0.350406,0.207603,0.334337,0.174125,0.0735437,adult_infeasible_fedcvar_a0.10_g0.30_seed2.csv.gz
adult,infeasible,fedcvar,0.10,0.30,3,4000,500,0,,0.228853,White,0.352195,0.352195,0.208535,0.333132,0.175175,0.075227,adult_infeasible_fedcvar_a0.10_g0.30_seed3.csv.gz
adult,infeasible,fedcvar,0.10,0.30,4,4000,500,0,,0.229143,White,0.35349,0.35349,0.208193,0.329957,0.181487,0.0725876,adult_infeasible_fedcvar_a0.10_g0.30_seed4.csv.gz
adult,infeasible,fedcvar,0.10,0.40,0,4000,500,0,,0.226841,White,0.35123,0.35123,0.20565,0.334071,0.175209,0.0680462,adult_infeasible_fedcvar_a0.10_g0.40_seed0.csv.gz
adult,infeasible,fedcvar,0.10,0.40,1,4000,500,0,,0.225904,White,0.351015,0.351015,0.20391,0.332859,0.171628,0.0701071,adult_infeasible_fedcvar_a0.10_g0.40_seed1.csv.gz
adult,infeasible,fedcvar,0.10,0.40,2,4000,500,0,,0.225191,White,0.350299,0.350299,0.204027,0.335285,0.169436,0.0669076,adult_infeasible_fedcvar_a0.10_g0.40_seed2.csv.gz
adult,infeasible,fedcvar,0.10,0.40,3,4000,500,0,,0.225873,White,0.351673,0.351673,0.205157,0.334175,0.170072,0.0682901,adult_infeasible_fedcvar_a0.10_g0.40_seed3.csv.gz
adult,infeasible,fedcvar,0.10,0.40,4,4000,500,0,,0.226123,White,0.353114,0.353114,0.204706,0.330437,0.17582,0.0665358,adult_infeasible_fedcvar_a0.10_g0.40_seed4.csv.gz
adult,infeasible,fedcvar,0.10,0.50,0,4000,500,0,,0.223831,White,0.351272,0.351272,0.202323,0.33375,0.169185,0.0626219,adult_infeasible_fedcvar_a0.10_g0.50_seed0.csv.gz
adult,infeasible,fedcvar,0.10,0.50,1,4000,500,0,,0.223033,White,0.350956,0.350956,0.200126,0.333458,0.166102,0.0645241,adult_infeasible_fedcvar_a0.10_g0.50_seed1.csv.gz
adult,infeasible,fedcvar,0.10,0.50,2,4000,500,0,,0.22247,White,0.350583,0.350583,0.200752,0.334562,0.164979,0.0614732,adult_infeasible_fedcvar_a0.10_g0.50_seed2.csv.gz
adult,infeasible,fedcvar,0.10,0.50,3,4000,500,0,,0.223158,White,0.352124,0.352124,0.202134,0.333696,0.164368,0.06347,adult_infeasible_fedcvar_a0.10_g0.50_seed3.csv.gz
adult,infeasible,fedcvar,0.10,0.50,4,4000,500,0,,0.223062,White,0.35345,0.35345,0.200792,0.330405,0.169337,0.061327,adult_infeasible_fedcvar_a0.10_g0.50_seed4.csv.gz
adult,infeasible,fedcvar,0.10,0.60,0,4000,500,0,,0.220643,White,0.351573,0.351573,0.198438,0.332175,0.162718,0.0583121,adult_infeasible_fedcvar_a0.10_g0.60_seed0.csv.gz
adult,infeasible,fedcvar,0.10,0.60,1,4000,500,0,,0.219967,White,0.351433,0.351433,0.196588,0.331825,0.160264,0.0597271,adult_infeasible_fedcvar_a0.10_g0.60_seed1.csv.gz
adult,infeasible,fedcvar,0.10,0.60,2,4000,500,0,,0.219573,White,0.350954,0.350954,0.19722,0.333216,0.159843,0.0566328,adult_infeasible_fedcvar_a0.10_g0.60_seed2.csv.gz
adult,infeasible,fedcvar,0.10,0.60,3,4000,500,0,,0.219977,White,0.352678,0.352678,0.198385,0.331729,0.158351,0.0587415,adult_infeasible_fedcvar_a0.10_g0.60_seed3.csv.gz
adult,infeasible,fedcvar,0.10,0.60,4,4000,500,0,,0.220075,White,0.353847,0.353847,0.197138,0.328909,0.163223,0.0572559,adult_infeasible_fedcvar_a0.10_g0.60_seed4.csv.gz
adult,infeasible,fedcvar,0.10,0.70,0,4000,500,0,,0.217343,White,0.352869,0.352869,0.193685,0.329764,0.156661,0.0537365,adult_infeasible_fedcvar_a0.10_g0.70_seed0.csv.gz
adult,infeasible,fedcvar,0.10,0.70,1,4000,500,0,,0.216833,White,0.352902,0.352902,0.192249,0.329616,0.154617,0.0547796,adult_infeasible_fedcvar_a0.10_g0.70_seed1.csv.gz
adult,infeasible,fedcvar,0.10,0.70,2,4000,500,0,,0.216585,White,0.352424,0.352424,0.192892,0.331186,0.15434,0.0520858,adult_infeasible_fedcvar_a0.10_g0.70_seed2.csv.gz
adult,infeasible,fedcvar,0.10,0.70,3,4000,500,0,,0.216832,White,0.353993,0.353993,0.193884,0.329785,0.152146,0.0543523,adult_infeasible_fedcvar_a0.10_g0.70_seed3.csv.gz
adult,infeasible,fedcvar,0.10,0.70,4,4000,500,0,,0.216744,White,0.355143,0.355143,0.192268,0.326928,0.15678,0.0526023,adult_infeasible_fedcvar_a0.10_g0.70_seed4.csv.gz
adult,infeasible,fedcvar,0.10,0.80,0,4000,500,0,,0.213815,White,0.355887,0.355887,0.187753,0.327361,0.149217,0.0488567,adult_infeasible_fedcvar_a0.10_g0.80_seed0.csv.gz
adult,infeasible,fedcvar,0.10,0.80,1,4000,500,0,,0.213543,White,0.356139,0.356139,0.186616,0.327326,0.148121,0.049512,adult_infeasible_fedcvar_a0.10_g0.80_seed1.csv.gz
adult,infeasible,fedcvar,0.10,0.80,2,4000,500,0,,0.213392,White,0.355518,0.355518,0.187245,0.329255,0.147845,0.0470959,adult_infeasible_fedcvar_a0.10_g0.80_seed2.csv.gz
adult,infeasible,fedcvar,0.10,0.80,3,4000,500,0,,0.213589,White,0.356963,0.356963,0.188279,0.327678,0.145613,0.0494132,adult_infeasible_fedcvar_a0.10_g0.80_seed3.csv.gz
adult,infeasible,fedcvar,0.10,0.80,4,4000,500,0,,0.213463,White,0.358425,0.358425,0.186599,0.324846,0.149699,0.0477457,adult_infeasible_fedcvar_a0.10_g0.80_seed4.csv.gz
adult,infeasible,fedcvar,0.10,0.90,0,4000,500,0,,0.210169,White,0.362774,0.362774,0.181311,0.323858,0.140283,0.04262,adult_infeasible_fedcvar_a0.10_g0.90_seed0.csv.gz
adult,infeasible,fedcvar,0.10,0.90,1,4000,500,0,,0.210132,White,0.363014,0.363014,0.180337,0.323924,0.140309,0.0430784,adult_infeasible_fedcvar_a0.10_g0.90_seed1.csv.gz
adult,infeasible,fedcvar,0.10,0.90,2,4000,500,0,,0.210163,White,0.362255,0.362255,0.181081,0.325865,0.140367,0.0412476,adult_infeasible_fedcvar_a0.10_g0.90_seed2.csv.gz
adult,infeasible,fedcvar,0.10,0.90,3,4000,500,0,,0.210146,White,0.363705,0.363705,0.182265,0.323617,0.137997,0.0431426,adult_infeasible_fedcvar_a0.10_g0.90_seed3.csv.gz
adult,infeasible,fedcvar,0.10,0.90,4,4000,500,0,,0.210143,White,0.365227,0.365227,0.180542,0.321155,0.141973,0.0418177,adult_infeasible_fedcvar_a0.10_g0.90_seed4.csv.gz
adult,infeasible,fedcvar,0.10,1.00,0,4000,500,0,,0.207638,White,0.374319,0.374319,0.17558,0.322818,0.130032,0.0354428,adult_infeasible_fedcvar_a0.10_g1.00_seed0.csv.gz
adult,infeasible,fedcvar,0.10,1.00,1,4000,500,0,,0.207628,White,0.373824,0.373824,0.174182,0.324265,0.130292,0.0355781,adult_infeasible_fedcvar_a0.10_g1.00_seed1.csv.gz
adult,infeasible,fedcvar,0.10,1.00,2,4000,500,0,,0.207705,White,0.373077,0.373077,0.174914,0.326221,0.130028,0.034286,adult_infeasible_fedcvar_a0.10_g1.00_seed2.csv.gz
adult,infeasible,fedcvar,0.10,1.00,3,4000,500,0,,0.207703,White,0.374243,0.374243,0.176262,0.323714,0.12851,0.0357833,adult_infeasible_fedcvar_a0.10_g1.00_seed3.csv.gz
adult,infeasible,fedcvar,0.10,1.00,4,4000,500,0,,0.207691,White,0.376749,0.376749,0.174786,0.319955,0.132214,0.0347504,adult_infeasible_fedcvar_a0.10_g1.00_seed4.csv.gz
adult,infeasible,fedcvar,0.20,0.10,0,4000,500,0,,0.237894,White,0.352964,0.352964,0.216034,0.325839,0.184197,0.110434,adult_infeasible_fedcvar_a0.20_g0.10_seed0.csv.gz
adult,infeasible,fedcvar,0.20,0.10,1,4000,500,0,,0.23606,White,0.353352,0.353352,0.212439,0.323456,0.184235,0.10682,adult_infeasible_fedcvar_a0.20_g0.10_seed1.csv.gz
adult,infeasible,fedcvar,0.20,0.10,2,4000,500,0,,0.236543,White,0.352107,0.352107,0.21438,0.326047,0.17983,0.110352,adult_infeasible_fedcvar_a0.20_g0.10_seed2.csv.gz
adult,infeasible,fedcvar,0.20,0.10,3,4000,500,0,,0.237309,White,0.353413,0.353413,0.21456,0.324989,0.18191,0.111674,adult_infeasible_fedcvar_a0.20_g0.10_seed3.csv.gz
adult,infeasible,fedcvar,0.20,0.10,4,4000,500,0,,0.236709,White,0.355997,0.355997,0.214264,0.321012,0.186775,0.105499,adult_infeasible_fedcvar_a0.20_g0.10_seed4.csv.gz
adult,infeasible,fedcvar,0.20,0.20,0,4000,500,0,,0.230942,White,0.353211,0.353211,0.211696,0.325314,0.177828,0.0866624,adult_infeasible_fedcvar_a0.20_g0.20_seed0.csv.gz
adult,infeasible,fedcvar,0.20,0.20,1,4000,500,0,,0.229804,White,0.353564,0.353564,0.208563,0.322961,0.178356,0.085576,adult_infeasible_fedcvar_a0.20_g0.20_seed1.csv.gz
adult,infeasible,fedcvar,0.20,0.20,2,4000,500,0,,0.229477,White,0.352459,0.352459,0.209972,0.325772,0.17375,0.0854286,adult_infeasible_fedcvar_a0.20_g0.20_seed2.csv.gz
adult,infeasible,fedcvar,0.20,0.20,3,4000,500,0,,0.229987,White,0.353793,0.353793,0.210398,0.324486,0.174801,0.0864549,adult_infeasible_fedcvar_a0.20_g0.20_seed3.csv.gz
adult,infeasible,fedcvar,0.20,0.20,4,4000,500,0,,0.229951,White,0.355887,0.355887,0.210115,0.321066,0.179757,0.0829287,adult_infeasible_fedcvar_a0.20_g0.20_seed4.csv.gz
adult,infeasible,fedcvar,0.20,0.30,0,4000,500,0,,0.22695,White,0.353601,0.353601,0.207609,0.325142,0.172357,0.0760416,adult_infeasible_fedcvar_a0.20_g0.30_seed0.csv.gz
adult,infeasible,fedcvar,0.20,0.30,1,4000,500,0,,0.226051,White,0.353991,0.353991,0.204982,0.32308,0.172491,0.0757113,adult_infeasible_fedcvar_a0.20_g0.30_seed1.csv.gz
adult,infeasible,fedcvar,0.20,0.30,2,4000,500,0,,0.225639,White,0.352878,0.352878,0.206042,0.326128,0.168379,0.0747693,adult_infeasible_fedcvar_a0.20_g0.30_seed2.csv.gz
adult,infeasible,fedcvar,0.20,0.30,3,4000,500,0,,0.226172,White,0.354147,0.354147,0.206872,0.324623,0.169449,0.0757683,adult_infeasible_fedcvar_a0.20_g0.30_seed3.csv.gz
adult,infeasible,fedcvar,0.20,0.30,4,4000,500,0,,0.226255,White,0.356294,0.356294,0.206725,0.321058,0.174146,0.0730514,adult_infeasible_fedcvar_a0.20_g0.30_seed4.csv.gz
adult,infeasible,fedcvar,0.20,0.40,0,4000,500,0,,0.223638,White,0.354413,0.354413,0.203798,0.324571,0.167208,0.0681995,adult_infeasible_fedcvar_a0.20_g0.40_seed0.csv.gz
adult,infeasible,fedcvar,0.20,0.40,1,4000,500,0,,0.222888,White,0.354794,0.354794,0.20137,0.32289,0.166939,0.0684496,adult_infeasible_fedcvar_a0.20_g0.40_seed1.csv.gz
adult,infeasible,fedcvar,0.20,0.40,2,4000,500,0,,0.222454,White,0.3537,0.3537,0.202343,0.326043,0.163351,0.0668347,adult_infeasible_fedcvar_a0.20_g0.40_seed2.csv.gz
adult,infeasible,fedcvar,0.20,0.40,3,4000,500,0,,0.222938,White,0.35495,0.35495,0.203052,0.32467,0.163943,0.0680739,adult_infeasible_fedcvar_a0.20_g0.40_seed3.csv.gz
adult,infeasible,fedcvar,0.20,0.40,4,4000,500,0,,0.223136,White,0.356985,0.356985,0.203195,0.320936,0.168293,0.0662703,adult_infeasible_fedcvar_a0.20_g0.40_seed4.csv.gz
adult,infeasible,fedcvar,0.20,0.50,0,4000,500,0,,0.220587,White,0.355571,0.355571,0.199957,0.324092,0.161653,0.0616596,adult_infeasible_fedcvar_a0.20_g0.50_seed0.csv.gz
adult,infeasible,fedcvar,0.20,0.50,1,4000,500,0,,0.220043,White,0.356091,0.356091,0.197875,0.322702,0.161339,0.0622073,adult_infeasible_fedcvar_a0.20_g0.50_seed1.csv.gz
adult,infeasible,fedcvar,0.20,0.50,2,4000,500,0,,0.21959,White,0.354813,0.354813,0.198667,0.325866,0.158204,0.0603993,adult_infeasible_fedcvar_a0.20_g0.50_seed2.csv.gz
adult,infeasible,fedcvar,0.20,0.50,3,4000,500,0,,0.22005,White,0.356229,0.356229,0.199569,0.324206,0.158488,0.0617566,adult_infeasible_fedcvar_a0.20_g0.50_seed3.csv.gz
adult,infeasible,fedcvar,0.20,0.50,4,4000,500,0,,0.220212,White,0.358285,0.358285,0.199448,0.320754,0.162468,0.0601046,adult_infeasible_fedcvar_a0.20_g0.50_seed4.csv.gz
adult,infeasible,fedcvar,0.20,0.60,0,4000,500,0,,0.217676,White,0.357376,0.357376,0.196099,0.322492,0.156191,0.0562243,adult_infeasible_fedcvar_a0.20_g0.60_seed0.csv.gz
adult,infeasible,fedcvar,0.20,0.60,1,4000,500,0,,0.217239,White,0.357875,0.357875,0.194179,0.321504,0.155811,0.0568232,adult_infeasible_fedcvar_a0.20_g0.60_seed1.csv.gz
adult,infeasible,fedcvar,0.20,0.60,2,4000,500,0,,0.216829,White,0.356598,0.356598,0.195064,0.324524,0.15313,0.0548281,adult_infeasible_fedcvar_a0.20_g0.60_seed2.csv.gz
adult,infeasible,fedcvar,0.20,0.60,3,4000,500,0,,0.217326,White,0.357909,0.357909,0.196148,0.322933,0.153043,0.0565963,adult_infeasible_fedcvar_a0.20_g0.60_seed3.csv.gz
adult,infeasible,fedcvar,0.20,0.60,4,4000,500,0,,0.217411,White,0.360072,0.360072,0.195513,0.319395,0.157054,0.0550227,adult_infeasible_fedcvar_a0.20_g0.60_seed4.csv.gz
adult,infeasible,fedcvar,0.20,0.70,0,4000,500,0,,0.214801,White,0.359929,0.359929,0.192111,0.319693,0.150927,0.0513476,adult_infeasible_fedcvar_a0.20_g0.70_seed0.csv.gz
adult,infeasible,fedcvar,0.20,0.70,1,4000,500,0,,0.21447,White,0.360254,0.360254,0.190285,0.31929,0.150687,0.0518362,adult_infeasible_fedcvar_a0.20_g0.70_seed1.csv.gz
adult,infeasible,fedcvar,0.20,0.70,2,4000,500,0,,0.214223,White,0.359344,0.359344,0.191263,0.321894,0.148522,0.0500946,adult_infeasible_fedcvar_a0.20_g0.70_seed2.csv.gz
adult,infeasible,fedcvar,0.20,0.70,3,4000,500,0,,0.214594,White,0.360384,0.360384,0.19248,0.320098,0.148175,0.0518318,adult_infeasible_fedcvar_a0.20_g0.70_seed3.csv.gz
adult,infeasible,fedcvar,0.20,0.70,4,4000,500,0,,0.214675,White,0.362699,0.362699,0.191542,0.316761,0.151916,0.0504574,adult_infeasible_fedcvar_a0.20_g0.70_seed4.csv.gz
adult,infeasible,fedcvar,0.20,0.80,0,4000,500,0,,0.2122,White,0.363546,0.363546,0.187636,0.317575,0.145511,0.0467324,adult_infeasible_fedcvar_a0.20_g0.80_seed0.csv.gz
adult,infeasible,fedcvar,0.20,0.80,1,4000,500,0,,0.211961,White,0.363679,0.363679,0.186158,0.317498,0.145478,0.0469904,adult_infeasible_fedcvar_a0.20_g0.80_seed1.csv.gz
adult,infeasible,fedcvar,0.20,0.80,2,4000,500,0,,0.211774,White,0.362777,0.362777,0.186973,0.319808,0.144037,0.0452738,adult_infeasible_fedcvar_a0.20_g0.80_seed2.csv.gz
adult,infeasible,fedcvar,0.20,0.80,3,4000,500,0,,0.212041,White,0.363725,0.363725,0.188167,0.318148,0.142996,0.0471663,adult_infeasible_fedcvar_a0.20_g0.80_seed3.csv.gz
adult,infeasible,fedcvar,0.20,0.80,4,4000,500,0,,0.212163,White,0.366316,0.366316,0.187002,0.314686,0.146934,0.045878,adult_infeasible_fedcvar_a0.20_g0.80_seed4.csv.gz
adult,infeasible,fedcvar,0.20,0.90,0,4000,500,0,,0.209804,White,0.368288,0.368288,0.182179,0.317543,0.139305,0.0417052,adult_infeasible_fedcvar_a0.20_g0.90_seed0.csv.gz
adult,infeasible,fedcvar,0.20,0.90,1,4000,500,0,,0.209621,White,0.367716,0.367716,0.180621,0.318607,0.139245,0.0419172,adult_infeasible_fedcvar_a0.20_g0.90_seed1.csv.gz
adult,infeasible,fedcvar,0.20,0.90,2,4000,500,0,,0.209545,White,0.367041,0.367041,0.181413,0.320517,0.13852,0.0402347,adult_infeasible_fedcvar_a0.20_g0.90_seed2.csv.gz
adult,infeasible,fedcvar,0.20,0.90,3,4000,500,0,,0.209636,White,0.367931,0.367931,0.182534,0.318821,0.136955,0.0419396,adult_infeasible_fedcvar_a0.20_g0.90_seed3.csv.gz
adult,infeasible,fedcvar,0.20,0.90,4,4000,500,0,,0.209852,White,0.370716,0.370716,0.181357,0.315033,0.141252,0.0409006,adult_infeasible_fedcvar_a0.20_g0.90_seed4.csv.gz
adult,infeasible,fedcvar,0.20,1.00,0,4000,500,0,,0.207638,White,0.374319,0.374319,0.17558,0.322818,0.130032,0.0354428,adult_infeasible_fedcvar_a0.20_g1.00_seed0.csv.gz
adult,infeasible,fedcvar,0.20,1.00,1,4000,500,0,,0.207628,White,0.373824,0.373824,0.174182,0.324265,0.130292,0.0355781,adult_infeasible_fedcvar_a0.20_g1.00_seed1.csv.gz
adult,infeasible,fedcvar,0.20,1.00,2,4000,500,0,,0.207705,White,0.373077,0.373077,0.174914,0.326221,0.130028,0.034286,adult_infeasible_fedcvar_a0.20_g1.00_seed2.csv.gz
adult,infeasible,fedcvar,0.20,1.00,3,4000,500,0,,0.207703,White,0.374243,0.374243,0.176262,0.323714,0.12851,0.0357833,adult_infeasible_fedcvar_a0.20_g1.00_seed3.csv.gz
adult,infeasible,fedcvar,0.20,1.00,4,4000,500,0,,0.207691,White,0.376749,0.376749,0.174786,0.319955,0.132214,0.0347504,adult_infeasible_fedcvar_a0.20_g1.00_seed4.csv.gz
adult,infeasible,fedcvar,0.30,0.10,0,4000,500,0,,0.233797,White,0.357605,0.357605,0.210234,0.31408,0.180243,0.106822,adult_infeasible_fedcvar_a0.30_g0.10_seed0.csv.gz
adult,infeasible,fedcvar,0.30,0.10,1,4000,500,0,,0.232741,White,0.358366,0.358366,0.207013,0.312257,0.183073,0.102997,adult_infeasible_fedcvar_a0.30_g0.10_seed1.csv.gz
adult,infeasible,fedcvar,0.30,0.10,2,4000,500,0,,0.233117,White,0.356326,0.356326,0.209173,0.315783,0.177908,0.106396,adult_infeasible_fedcvar_a0.30_g0.10_seed2.csv.gz
adult,infeasible,fedcvar,0.30,0.10,3,4000,500,0,,0.23378,White,0.35753,0.35753,0.209292,0.314433,0.180019,0.107627,adult_infeasible_fedcvar_a0.30_g0.10_seed3.csv.gz
adult,infeasible,fedcvar,0.30,0.10,4,4000,500,0,,0.233416,White,0.361142,0.361142,0.209874,0.309626,0.185161,0.101275,adult_infeasible_fedcvar_a0.30_g0.10_seed4.csv.gz
adult,infeasible,fedcvar,0.30,0.20,0,4000,500,0,,0.227201,White,0.358468,0.358468,0.206607,0.313485,0.174093,0.0833508,adult_infeasible_fedcvar_a0.30_g0.20_seed0.csv.gz
adult,infeasible,fedcvar,0.30,0.20,1,4000,500,0,,0.226624,White,0.359114,0.359114,0.203626,0.311729,0.176432,0.0822198,adult_infeasible_fedcvar_a0.30_g0.20_seed1.csv.gz
adult,infeasible,fedcvar,0.30,0.20,2,4000,500,0,,0.226409,White,0.357238,0.357238,0.205682,0.315098,0.171382,0.0826444,adult_infeasible_fedcvar_a0.30_g0.20_seed2.csv.gz
adult,infeasible,fedcvar,0.30,0.20,3,4000,500,0,,0.226849,White,0.358571,0.358571,0.206055,0.313643,0.173219,0.0827576,adult_infeasible_fedcvar_a0.30_g0.20_seed3.csv.gz
adult,infeasible,fedcvar,0.30,0.20,4,4000,500,0,,0.227085,White,0.361868,0.361868,0.206365,0.309385,0.178116,0.0796934,adult_infeasible_fedcvar_a0.30_g0.20_seed4.csv.gz
adult,infeasible,fedcvar,0.30,0.30,0,4000,500,0,,0.223466,White,0.359542,0.359542,0.203296,0.31278,0.169107,0.0726053,adult_infeasible_fedcvar_a0.30_g0.30_seed0.csv.gz
adult,infeasible,fedcvar,0.30,0.30,1,4000,500,0,,0.223041,White,0.359963,0.359963,0.200417,0.311561,0.170704,0.0725571,adult_infeasible_fedcvar_a0.30_g0.30_seed1.csv.gz
adult,infeasible,fedcvar,0.30,0.30,2,4000,500,0,,0.222758,White,0.358261,0.358261,0.202218,0.314909,0.166406,0.071996,adult_infeasible_fedcvar_a0.30_g0.30_seed2.csv.gz
adult,infeasible,fedcvar,0.30,0.30,3,4000,500,0,,0.223138,White,0.3595,0.3595,0.202707,0.313628,0.167873,0.0719837,adult_infeasible_fedcvar_a0.30_g0.30_seed3.csv.gz
adult,infeasible,fedcvar,0.30,0.30,4,4000,500,0,,0.223595,White,0.363071,0.363071,0.20309,0.309112,0.172719,0.0699852,adult_infeasible_fedcvar_a0.30_g0.30_seed4.csv.gz
adult,infeasible,fedcvar,0.30,0.40,0,4000,500,0,,0.220592,White,0.36097,0.36097,0.200163,0.312513,0.164145,0.0651696,adult_infeasible_fedcvar_a0.30_g0.40_seed0.csv.gz
adult,infeasible,fedcvar,0.30,0.40,1,4000,500,0,,0.220171,White,0.360906,0.360906,0.197286,0.311843,0.165457,0.0653602,adult_infeasible_fedcvar_a0.30_g0.40_seed1.csv.gz
adult,infeasible,fedcvar,0.30,0.40,2,4000,500,0,,0.21988,White,0.359636,0.359636,0.198907,0.314937,0.161606,0.0643166,adult_infeasible_fedcvar_a0.30_g0.40_seed2.csv.gz
adult,infeasible,fedcvar,0.30,0.40,3,4000,500,0,,0.220302,White,0.36074,0.36074,0.199782,0.313742,0.1627,0.0645447,adult_infeasible_fedcvar_a0.30_g0.40_seed3.csv.gz
adult,infeasible,fedcvar,0.30,0.40,4,4000,500,0,,0.220777,White,0.364366,0.364366,0.200067,0.309134,0.167337,0.0629792,adult_infeasible_fedcvar_a0.30_g0.40_seed4.csv.gz
adult,infeasible,fedcvar,0.30,0.50,0,4000,500,0,,0.21803,White,0.362347,0.362347,0.196962,0.312872,0.158975,0.0589924,adult_infeasible_fedcvar_a0.30_g0.50_seed0.csv.gz
adult,infeasible,fedcvar,0.30,0.50,1,4000,500,0,,0.217662,White,0.362175,0.362175,0.194248,0.31242,0.160257,0.0592106,adult_infeasible_fedcvar_a0.30_g0.50_seed1.csv.gz
adult,infeasible,fedcvar,0.30,0.50,2,4000,500,0,,0.21734,White,0.361204,0.361204,0.195536,0.315277,0.156723,0.0579616,adult_infeasible_fedcvar_a0.30_g0.50_seed2.csv.gz
adult,infeasible,fedcvar,0.30,0.50,3,4000,500,0,,0.217771,White,0.362126,0.362126,0.196618,0.314113,0.157449,0.0585469,adult_infeasible_fedcvar_a0.30_g0.50_seed3.csv.gz
adult,infeasible,fedcvar,0.30,0.50,4,4000,500,0,,0.218305,White,0.365861,0.365861,0.196894,0.309462,0.162166,0.0571432,adult_infeasible_fedcvar_a0.30_g0.50_seed4.csv.gz
adult,infeasible,fedcvar,0.30,0.60,0,4000,500,0,,0.21566,White,0.363866,0.363866,0.19351,0.313406,0.153972,0.0535449,adult_infeasible_fedcvar_a0.30_g0.60_seed0.csv.gz
adult,infeasible,fedcvar,0.30,0.60,1,4000,500,0,,0.215227,White,0.36351,0.36351,0.190795,0.313374,0.154752,0.0537028,adult_infeasible_fedcvar_a0.30_g0.60_seed1.csv.gz
adult,infeasible,fedcvar,0.30,0.60,2,4000,500,0,,0.21495,White,0.362668,0.362668,0.191893,0.315958,0.151997,0.0522345,adult_infeasible_fedcvar_a0.30_g0.60_seed2.csv.gz
adult,infeasible,fedcvar,0.30,0.60,3,4000,500,0,,0.215393,White,0.363597,0.363597,0.193252,0.314795,0.15215,0.0531724,adult_infeasible_fedcvar_a0.30_g0.60_seed3.csv.gz
adult,infeasible,fedcvar,0.30,0.60,4,4000,500,0,,0.21597,White,0.367397,0.367397,0.19344,0.310192,0.156845,0.0519779,adult_infeasible_fedcvar_a0.30_g0.60_seed4.csv.gz
adult,infeasible,fedcvar,0.30,0.70,0,4000,500,0,,0.213188,White,0.365194,0.365194,0.189328,0.314272,0.148701,0.0484441,adult_infeasible_fedcvar_a0.30_g0.70_seed0.csv.gz
adult,infeasible,fedcvar,0.30,0.70,1,4000,500,0,,0.212795,White,0.364851,0.364851,0.186777,0.314721,0.148968,0.0486557,adult_infeasible_fedcvar_a0.30_g0.70_seed1.csv.gz
adult,infeasible,fedcvar,0.30,0.70,2,4000,500,0,,0.212611,White,0.364071,0.364071,0.187775,0.317162,0.14685,0.0471994,adult_infeasible_fedcvar_a0.30_g0.70_seed2.csv.gz
adult,infeasible,fedcvar,0.30,0.70,3,4000,500,0,,0.212968,White,0.364983,0.364983,0.189208,0.315741,0.146664,0.0482451,adult_infeasible_fedcvar_a0.30_g0.70_seed3.csv.gz
adult,infeasible,fedcvar,0.30,0.70,4,4000,500,0,,0.21349,White,0.368626,0.368626,0.189079,0.311241,0.15132,0.0471829,adult_infeasible_fedcvar_a0.30_g0.70_seed4.csv.gz
adult,infeasible,fedcvar,0.30,0.80,0,4000,500,0,,0.21075,White,0.367066,0.367066,0.184684,0.315175,0.143046,0.0437775,adult_infeasible_fedcvar_a0.30_g0.80_seed0.csv.gz
adult,infeasible,fedcvar,0.30,0.80,1,4000,500,0,,0.210461,White,0.366783,0.366783,0.182496,0.316012,0.142982,0.0440334,adult_infeasible_fedcvar_a0.30_g0.80_seed1.csv.gz
adult,infeasible,fedcvar,0.30,0.80,2,4000,500,0,,0.210403,White,0.365973,0.365973,0.183482,0.318487,0.141544,0.0425317,adult_infeasible_fedcvar_a0.30_g0.80_seed2.csv.gz
adult,infeasible,fedcvar,0.30,0.80,3,4000,500,0,,0.210685,White,0.366916,0.366916,0.184905,0.316691,0.141104,0.0438112,adult_infeasible_fedcvar_a0.30_g0.80_seed3.csv.gz
adult,infeasible,fedcvar,0.30,0.80,4,4000,500,0,,0.21097,White,0.370163,0.370163,0.184232,0.312289,0.145402,0.0427659,adult_infeasible_fedcvar_a0.30_g0.80_seed4.csv.gz
adult,infeasible,fedcvar,0.30,0.90,0,4000,500,0,,0.208801,White,0.369957,0.369957,0.180001,0.317591,0.137008,0.0394476,adult_infeasible_fedcvar_a0.30_g0.90_seed0.csv.gz
adult,infeasible,fedcvar,0.30,0.90,1,4000,500,0,,0.20864,White,0.369678,0.369678,0.178252,0.318597,0.136963,0.0397092,adult_infeasible_fedcvar_a0.30_g0.90_seed1.csv.gz
adult,infeasible,fedcvar,0.30,0.90,2,4000,500,0,,0.208662,White,0.368874,0.368874,0.179154,0.320882,0.136131,0.03827,adult_infeasible_fedcvar_a0.30_g0.90_seed2.csv.gz
adult,infeasible,fedcvar,0.30,0.90,3,4000,500,0,,0.208831,White,0.369867,0.369867,0.180502,0.318821,0.135274,0.0396925,adult_infeasible_fedcvar_a0.30_g0.90_seed3.csv.gz
adult,infeasible,fedcvar,0.30,0.90,4,4000,500,0,,0.208935,White,0.372763,0.372763,0.179343,0.314659,0.139229,0.0386825,adult_infeasible_fedcvar_a0.30_g0.90_seed4.csv.gz
adult,infeasible,fedcvar,0.30,1.00,0,4000,500,0,,0.207638,White,0.374319,0.374319,0.17558,0.322818,0.130032,0.0354428,adult_infeasible_fedcvar_a0.30_g1.00_seed0.csv.gz
adult,infeasible,fedcvar,0.30,1.00,1,4000,500,0,,0.207628,White,0.373824,0.373824,0.174182,0.324265,0.130292,0.0355781,adult_infeasible_fedcvar_a0.30_g1.00_seed1.csv.gz
adult,infeasible,fedcvar,0.30,1.00,2,4000,500,0,,0.207705,White,0.373077,0.373077,0.174914,0.326221,0.130028,0.034286,adult_infeasible_fedcvar_a0.30_g1.00_seed2.csv.gz
adult,infeasible,fedcvar,0.30,1.00,3,4000,500,0,,0.207703,White,0.374243,0.374243,0.176262,0.323714,0.12851,0.0357833,adult_infeasible_fedcvar_a0.30_g1.00_seed3.csv.gz
adult,infeasible,fedcvar,0.30,1.00,4,4000,500,0,,0.207691,White,0.376749,0.376749,0.174786,0.319955,0.132214,0.0347504,adult_infeasible_fedcvar_a0.30_g1.00_seed4.csv.gz
adult,infeasible,fedcvar,0.40,0.10,0,4000,500,0,,0.230056,White,0.360169,0.360169,0.201195,0.306356,0.178979,0.103582,adult_infeasible_fedcvar_a0.40_g0.10_seed0.csv.gz
adult,infeasible,fedcvar,0.40,0.10,1,4000,500,0,,0.228781,White,0.360064,0.360064,0.197418,0.306305,0.180889,0.0992282,adult_infeasible_fedcvar_a0.40_g0.10_seed1.csv.gz
adult,infeasible,fedcvar,0.40,0.10,2,4000,500,0,,0.229348,White,0.358253,0.358253,0.199625,0.308532,0.17819,0.102142,adult_infeasible_fedcvar_a0.40_g0.10_seed2.csv.gz
adult,infeasible,fedcvar,0.40,0.10,3,4000,500,0,,0.230227,White,0.359824,0.359824,0.200083,0.307705,0.180529,0.102995,adult_infeasible_fedcvar_a0.40_g0.10_seed3.csv.gz
adult,infeasible,fedcvar,0.40,0.10,4,4000,500,0,,0.230119,White,0.36422,0.36422,0.201142,0.302193,0.185278,0.0977598,adult_infeasible_fedcvar_a0.40_g0.10_seed4.csv.gz
adult,infeasible,fedcvar,0.40,0.20,0,4000,500,0,,0.223831,White,0.360873,0.360873,0.197934,0.306368,0.173281,0.0806977,adult_infeasible_fedcvar_a0.40_g0.20_seed0.csv.gz
adult,infeasible,fedcvar,0.40,0.20,1,4000,500,0,,0.223088,White,0.360459,0.360459,0.194381,0.306427,0.174973,0.079197,adult_infeasible_fedcvar_a0.40_g0.20_seed1.csv.gz
adult,infeasible,fedcvar,0.40,0.20,2,4000,500,0,,0.223192,White,0.358892,0.358892,0.196349,0.308751,0.172372,0.0795932,adult_infeasible_fedcvar_a0.40_g0.20_seed2.csv.gz
adult,infeasible,fedcvar,0.40,0.20,3,4000,500,0,,0.223656,White,0.360433,0.360433,0.197055,0.30789,0.173973,0.0789296,adult_infeasible_fedcvar_a0.40_g0.20_seed3.csv.gz
adult,infeasible,fedcvar,0.40,0.20,4,4000,500,0,,0.224064,White,0.364658,0.364658,0.197897,0.302444,0.178661,0.0766616,adult_infeasible_fedcvar_a0.40_g0.20_seed4.csv.gz
adult,infeasible,fedcvar,0.40,0.30,0,4000,500,0,,0.2204,White,0.361629,0.361629,0.194853,0.306746,0.168348,0.0704247,adult_infeasible_fedcvar_a0.40_g0.30_seed0.csv.gz
adult,infeasible,fedcvar,0.40,0.30,1,4000,500,0,,0.219794,White,0.361073,0.361073,0.191527,0.307048,0.169663,0.0696575,adult_infeasible_fedcvar_a0.40_g0.30_seed1.csv.gz
adult,infeasible,fedcvar,0.40,0.30,2,4000,500,0,,0.219749,White,0.359591,0.359591,0.193369,0.309377,0.167241,0.0691676,adult_infeasible_fedcvar_a0.40_g0.30_seed2.csv.gz
adult,infeasible,fedcvar,0.40,0.30,3,4000,500,0,,0.220142,White,0.361204,0.361204,0.194227,0.308405,0.168306,0.06857,adult_infeasible_fedcvar_a0.40_g0.30_seed3.csv.gz
adult,infeasible,fedcvar,0.40,0.30,4,4000,500,0,,0.22062,White,0.365222,0.365222,0.194795,0.303196,0.172738,0.0671461,adult_infeasible_fedcvar_a0.40_g0.30_seed4.csv.gz
adult,infeasible,fedcvar,0.40,0.40,0,4000,500,0,,0.217666,White,0.362545,0.362545,0.191927,0.307553,0.163046,0.0632589,adult_infeasible_fedcvar_a0.40_g0.40_seed0.csv.gz
adult,infeasible,fedcvar,0.40,0.40,1,4000,500,0,,0.217089,White,0.361943,0.361943,0.188696,0.30808,0.16405,0.0626754,adult_infeasible_fedcvar_a0.40_g0.40_seed1.csv.gz
adult,infeasible,fedcvar,0.40,0.40,2,4000,500,0,,0.217045,White,0.360545,0.360545,0.190489,0.310358,0.162065,0.0617676,adult_infeasible_fedcvar_a0.40_g0.40_seed2.csv.gz
adult,infeasible,fedcvar,0.40,0.40,3,4000,500,0,,0.217418,White,0.362176,0.362176,0.191482,0.309301,0.162605,0.0615265,adult_infeasible_fedcvar_a0.40_g0.40_seed3.csv.gz
adult,infeasible,fedcvar,0.40,0.40,4,4000,500,0,,0.217855,White,0.365919,0.365919,0.191738,0.304277,0.166844,0.0604972,adult_infeasible_fedcvar_a0.40_g0.40_seed4.csv.gz
adult,infeasible,fedcvar,0.40,0.50,0,4000,500,0,,0.215297,White,0.36365,0.36365,0.188999,0.308836,0.157775,0.0572227,adult_infeasible_fedcvar_a0.40_g0.50_seed0.csv.gz
adult,infeasible,fedcvar,0.40,0.50,1,4000,500,0,,0.214742,White,0.363012,0.363012,0.185963,0.309456,0.158585,0.0566921,adult_infeasible_fedcvar_a0.40_g0.50_seed1.csv.gz
adult,infeasible,fedcvar,0.40,0.50,2,4000,500,0,,0.214752,White,0.361699,0.361699,0.187591,0.3119,0.156872,0.0556964,adult_infeasible_fedcvar_a0.40_g0.50_seed2.csv.gz
adult,infeasible,fedcvar,0.40,0.50,3,4000,500,0,,0.215103,White,0.363324,0.363324,0.188789,0.310616,0.156998,0.0557855,adult_infeasible_fedcvar_a0.40_g0.50_seed3.csv.gz
adult,infeasible,fedcvar,0.40,0.50,4,4000,500,0,,0.215489,White,0.366939,0.366939,0.188679,0.305719,0.161077,0.05503,adult_infeasible_fedcvar_a0.40_g0.50_seed4.csv.gz
adult,infeasible,fedcvar,0.40,0.60,0,4000,500,0,,0.213186,White,0.364976,0.364976,0.186046,0.310541,0.152419,0.0519478,adult_infeasible_fedcvar_a0.40_g0.60_seed0.csv.gz
adult,infeasible,fedcvar,0.40,0.60,1,4000,500,0,,0.212687,White,0.364306,0.364306,0.18321,0.311355,0.153116,0.0514455,adult_infeasible_fedcvar_a0.40_g0.60_seed1.csv.gz
adult,infeasible,fedcvar,0.40,0.60,2,4000,500,0,,0.212746,White,0.363142,0.363142,0.184774,0.313749,0.151655,0.0504073,adult_infeasible_fedcvar_a0.40_g0.60_seed2.csv.gz
adult,infeasible,fedcvar,0.40,0.60,3,4000,500,0,,0.213068,White,0.364693,0.364693,0.186092,0.312184,0.151425,0.0509467,adult_infeasible_fedcvar_a0.40_g0.60_seed3.csv.gz
adult,infeasible,fedcvar,0.40,0.60,4,4000,500,0,,0.213384,White,0.368109,0.368109,0.185731,0.307538,0.155314,0.0502291,adult_infeasible_fedcvar_a0.40_g0.60_seed4.csv.gz
adult,infeasible,fedcvar,0.40,0.70,0,4000,500,0,,0.21133,White,0.366562,0.366562,0.183168,0.31268,0.147001,0.0472365,adult_infeasible_fedcvar_a0.40_g0.70_seed0.csv.gz
adult,infeasible,fedcvar,0.40,0.70,1,4000,500,0,,0.21092,White,0.365826,0.365826,0.180612,0.31365,0.147618,0.0468959,adult_infeasible_fedcvar_a0.40_g0.70_seed1.csv.gz
adult,infeasible,fedcvar,0.40,0.70,2,4000,500,0,,0.211007,White,0.36487,0.36487,0.181996,0.31611,0.146333,0.0457234,adult_infeasible_fedcvar_a0.40_g0.70_seed2.csv.gz
adult,infeasible,fedcvar,0.40,0.70,3,4000,500,0,,0.211289,White,0.366305,0.366305,0.183436,0.314259,0.145697,0.0467468,adult_infeasible_fedcvar_a0.40_g0.70_seed3.csv.gz
adult,infeasible,fedcvar,0.40,0.70,4,4000,500,0,,0.211531,White,0.36954,0.36954,0.182719,0.309891,0.149555,0.0459492,adult_infeasible_fedcvar_a0.40_g0.70_seed4.csv.gz
adult,infeasible,fedcvar,0.40,0.80,0,4000,500,0,,0.209738,White,0.368444,0.368444,0.180399,0.315392,0.141411,0.0430435,adult_infeasible_fedcvar_a0.40_g0.80_seed0.csv.gz
adult,infeasible,fedcvar,0.40,0.80,1,4000,500,0,,0.209436,White,0.367683,0.367683,0.178263,0.316476,0.141948,0.0428088,adult_infeasible_fedcvar_a0.40_g0.80_seed1.csv.gz
adult,infeasible,fedcvar,0.40,0.80,2,4000,500,0,,0.209523,White,0.36695,0.36695,0.179351,0.318843,0.140929,0.0415397,adult_infeasible_fedcvar_a0.40_g0.80_seed2.csv.gz
adult,infeasible,fedcvar,0.40,0.80,3,4000,500,0,,0.209736,White,0.368236,0.368236,0.18085,0.316716,0.14,0.0428793,adult_infeasible_fedcvar_a0.40_g0.80_seed3.csv.gz
adult,infeasible,fedcvar,0.40,0.80,4,4000,500,0,,0.209904,White,0.371304,0.371304,0.17977,0.312621,0.143848,0.0419752,adult_infeasible_fedcvar_a0.40_g0.80_seed4.csv.gz
adult,infeasible,fedcvar,0.40,0.90,0,4000,500,0,,0.208441,White,0.370915,0.370915,0.177785,0.318591,0.135762,0.0391506,adult_infeasible_fedcvar_a0.40_g0.90_seed0.csv.gz
adult,infeasible,fedcvar,0.40,0.90,1,4000,500,0,,0.208291,White,0.370211,0.370211,0.176097,0.31995,0.136117,0.0390812,adult_infeasible_fedcvar_a0.40_g0.90_seed1.csv.gz
adult,infeasible,fedcvar,0.40,0.90,2,4000,500,0,,0.20837,White,0.369476,0.369476,0.176967,0.322122,0.135511,0.0377717,adult_infeasible_fedcvar_a0.40_g0.90_seed2.csv.gz
adult,infeasible,fedcvar,0.40,0.90,3,4000,500,0,,0.208478,White,0.370788,0.370788,0.178395,0.31964,0.13432,0.0392495,adult_infeasible_fedcvar_a0.40_g0.90_seed3.csv.gz
adult,infeasible,fedcvar,0.40,0.90,4,4000,500,0,,0.208558,White,0.373558,0.373558,0.177068,0.315877,0.138045,0.0382434,adult_infeasible_fedcvar_a0.40_g0.90_seed4.csv.gz
adult,infeasible,fedcvar,0.40,1.00,0,4000,500,0,,0.207638,White,0.374319,0.374319,0.17558,0.322818,0.130032,0.0354428,adult_infeasible_fedcvar_a0.40_g1.00_seed0.csv.gz
adult,infeasible,fedcvar,0.40,1.00,1,4000,500,0,,0.207628,White,0.373824,0.373824,0.174182,0.324265,0.130292,0.0355781,adult_infeasible_fedcvar_a0.40_g1.00_seed1.csv.gz
adult,infeasible,fedcvar,0.40,1.00,2,4000,500,0,,0.207705,White,0.373077,0.373077,0.174914,0.326221,0.130028,0.034286,adult_infeasible_fedcvar_a0.40_g1.00_seed2.csv.gz
adult,infeasible,fedcvar,0.40,1.00,3,4000,500,0,,0.207703,White,0.374243,0.374243,0.176262,0.323714,0.12851,0.0357833,adult_infeasible_fedcvar_a0.40_g1.00_seed3.csv.gz
adult,infeasible,fedcvar,0.40,1.00,4,4000,500,0,,0.207691,White,0.376749,0.376749,0.174786,0.319955,0.132214,0.0347504,adult_infeasible_fedcvar_a0.40_g1.00_seed4.csv.gz
adult,infeasible,fedcvar,0.50,0.10,0,4000,500,0,,0.225413,White,0.358961,0.358961,0.188821,0.3055,0.170177,0.103604,adult_infeasible_fedcvar_a0.50_g0.10_seed0.csv.gz
adult,infeasible,fedcvar,0.50,0.10,1,4000,500,0,,0.223878,White,0.358582,0.358582,0.185021,0.306876,0.168879,0.100032,adult_infeasible_fedcvar_a0.50_g0.10_seed1.csv.gz
adult,infeasible,fedcvar,0.50,0.10,2,4000,500,0,,0.224457,White,0.356768,0.356768,0.186856,0.30867,0.168075,0.101915,adult_infeasible_fedcvar_a0.50_g0.10_seed2.csv.gz
adult,infeasible,fedcvar,0.50,0.10,3,4000,500,0,,0.225151,White,0.357879,0.357879,0.188077,0.30742,0.170007,0.102373,adult_infeasible_fedcvar_a0.50_g0.10_seed3.csv.gz
adult,infeasible,fedcvar,0.50,0.10,4,4000,500,0,,0.224939,White,0.362272,0.362272,0.188372,0.301725,0.173435,0.0988921,adult_infeasible_fedcvar_a0.50_g0.10_seed4.csv.gz
adult,infeasible,fedcvar,0.50,0.20,0,4000,500,0,,0.220131,White,0.359876,0.359876,0.186543,0.305565,0.166939,0.0817311,adult_infeasible_fedcvar_a0.50_g0.20_seed0.csv.gz
adult,infeasible,fedcvar,0.50,0.20,1,4000,500,0,,0.21917,White,0.359339,0.359339,0.183125,0.30697,0.166134,0.0802819,adult_infeasible_fedcvar_a0.50_g0.20_seed1.csv.gz
adult,infeasible,fedcvar,0.50,0.20,2,4000,500,0,,0.219284,White,0.35775,0.35775,0.184778,0.308781,0.165162,0.0799501,adult_infeasible_fedcvar_a0.50_g0.20_seed2.csv.gz
adult,infeasible,fedcvar,0.50,0.20,3,4000,500,0,,0.219782,White,0.358802,0.358802,0.186006,0.307457,0.166875,0.0797699,adult_infeasible_fedcvar_a0.50_g0.20_seed3.csv.gz
adult,infeasible,fedcvar,0.50,0.20,4,4000,500,0,,0.219885,White,0.363069,0.363069,0.18611,0.301931,0.17024,0.0780734,adult_infeasible_fedcvar_a0.50_g0.20_seed4.csv.gz
adult,infeasible,fedcvar,0.50,0.30,0,4000,500,0,,0.217149,White,0.360879,0.360879,0.184453,0.305918,0.16366,0.0708366,adult_infeasible_fedcvar_a0.50_g0.30_seed0.csv.gz
adult,infeasible,fedcvar,0.50,0.30,1,4000,500,0,,0.216434,White,0.360308,0.360308,0.181311,0.307488,0.16294,0.0701212,adult_infeasible_fedcvar_a0.50_g0.30_seed1.csv.gz
adult,infeasible,fedcvar,0.50,0.30,2,4000,500,0,,0.216427,White,0.358943,0.358943,0.182782,0.309187,0.162063,0.0691622,adult_infeasible_fedcvar_a0.50_g0.30_seed2.csv.gz
adult,infeasible,fedcvar,0.50,0.30,3,4000,500,0,,0.216844,White,0.359945,0.359945,0.184095,0.307809,0.163429,0.0689436,adult_infeasible_fedcvar_a0.50_g0.30_seed3.csv.gz
adult,infeasible,fedcvar,0.50,0.30,4,4000,500,0,,0.217016,White,0.364081,0.364081,0.183921,0.302453,0.166692,0.0679319,adult_infeasible_fedcvar_a0.50_g0.30_seed4.csv.gz
adult,infeasible,fedcvar,0.50,0.40,0,4000,500,0,,0.21486,White,0.362172,0.362172,0.182517,0.306588,0.159854,0.0631673,adult_infeasible_fedcvar_a0.50_g0.40_seed0.csv.gz
adult,infeasible,fedcvar,0.50,0.40,1,4000,500,0,,0.214333,White,0.361513,0.361513,0.179707,0.308247,0.159573,0.0626255,adult_infeasible_fedcvar_a0.50_g0.40_seed1.csv.gz
adult,infeasible,fedcvar,0.50,0.40,2,4000,500,0,,0.214283,White,0.360332,0.360332,0.181072,0.309896,0.158711,0.0614056,adult_infeasible_fedcvar_a0.50_g0.40_seed2.csv.gz
adult,infeasible,fedcvar,0.50,0.40,3,4000,500,0,,0.21464,White,0.361267,0.361267,0.182361,0.308442,0.159659,0.0614692,adult_infeasible_fedcvar_a0.50_g0.40_seed3.csv.gz
adult,infeasible,fedcvar,0.50,0.40,4,4000,500,0,,0.214811,White,0.365272,0.365272,0.181921,0.303257,0.162958,0.0606491,adult_infeasible_fedcvar_a0.50_g0.40_seed4.csv.gz
adult,infeasible,fedcvar,0.50,0.50,0,4000,500,0,,0.212961,White,0.363648,0.363648,0.180761,0.307712,0.155809,0.0568767,adult_infeasible_fedcvar_a0.50_g0.50_seed0.csv.gz
adult,infeasible,fedcvar,0.50,0.50,1,4000,500,0,,0.212577,White,0.362953,0.362953,0.178246,0.309371,0.155885,0.0564294,adult_infeasible_fedcvar_a0.50_g0.50_seed1.csv.gz
adult,infeasible,fedcvar,0.50,0.50,2,4000,500,0,,0.212524,White,0.361922,0.361922,0.179536,0.311046,0.154957,0.0551579,adult_infeasible_fedcvar_a0.50_g0.50_seed2.csv.gz
adult,infeasible,fedcvar,0.50,0.50,3,4000,500,0,,0.212814,White,0.362831,0.362831,0.180839,0.309445,0.155411,0.0555412,adult_infeasible_fedcvar_a0.50_g0.50_seed3.csv.gz
adult,infeasible,fedcvar,0.50,0.50,4,4000,500,0,,0.212983,White,0.366596,0.366596,0.180132,0.304497,0.158989,0.0546997,adult_infeasible_fedcvar_a0.50_g0.50_seed4.csv.gz
adult,infeasible,fedcvar,0.50,0.60,0,4000,500,0,,0.211355,White,0.365343,0.365343,0.17926,0.309261,0.151359,0.0515532,adult_infeasible_fedcvar_a0.50_g0.60_seed0.csv.gz
adult,infeasible,fedcvar,0.50,0.60,1,4000,500,0,,0.211085,White,0.364626,0.364626,0.176986,0.31092,0.151763,0.0511318,adult_infeasible_fedcvar_a0.50_g0.60_seed1.csv.gz
adult,infeasible,fedcvar,0.50,0.60,2,4000,500,0,,0.211056,White,0.363708,0.363708,0.178225,0.312609,0.150943,0.0497929,adult_infeasible_fedcvar_a0.50_g0.60_seed2.csv.gz
adult,infeasible,fedcvar,0.50,0.60,3,4000,500,0,,0.211271,White,0.364638,0.364638,0.179496,0.310866,0.150783,0.0505703,adult_infeasible_fedcvar_a0.50_g0.60_seed3.csv.gz
adult,infeasible,fedcvar,0.50,0.60,4,4000,500,0,,0.21143,White,0.368162,0.368162,0.178598,0.306185,0.154546,0.0496607,adult_infeasible_fedcvar_a0.50_g0.60_seed4.csv.gz
adult,infeasible,fedcvar,0.50,0.70,0,4000,500,0,,0.210009,White,0.367233,0.367233,0.17801,0.311437,0.146472,0.0468918,adult_infeasible_fedcvar_a0.50_g0.70_seed0.csv.gz
adult,infeasible,fedcvar,0.50,0.70,1,4000,500,0,,0.209839,White,0.366541,0.366541,0.175974,0.312989,0.147169,0.0465212,adult_infeasible_fedcvar_a0.50_g0.70_seed1.csv.gz
adult,infeasible,fedcvar,0.50,0.70,2,4000,500,0,,0.209826,White,0.365711,0.365711,0.177164,0.314774,0.146271,0.045213,adult_infeasible_fedcvar_a0.50_g0.70_seed2.csv.gz
adult,infeasible,fedcvar,0.50,0.70,3,4000,500,0,,0.209978,White,0.36669,0.36669,0.178455,0.31284,0.145615,0.0462882,adult_infeasible_fedcvar_a0.50_g0.70_seed3.csv.gz
adult,infeasible,fedcvar,0.50,0.70,4,4000,500,0,,0.210099,White,0.369949,0.369949,0.177352,0.308459,0.149456,0.0452815,adult_infeasible_fedcvar_a0.50_g0.70_seed4.csv.gz
adult,infeasible,fedcvar,0.50,0.80,0,4000,500,0,,0.208929,White,0.369355,0.369355,0.176995,0.314235,0.141359,0.0427014,adult_infeasible_fedcvar_a0.50_g0.80_seed0.csv.gz
adult,infeasible,fedcvar,0.50,0.80,1,4000,500,0,,0.208814,White,0.368721,0.368721,0.175254,0.315763,0.141843,0.0424854,adult_infeasible_fedcvar_a0.50_g0.80_seed1.csv.gz
adult,infeasible,fedcvar,0.50,0.80,2,4000,500,0,,0.208844,White,0.367925,0.367925,0.176267,0.317589,0.141285,0.0411549,adult_infeasible_fedcvar_a0.50_g0.80_seed2.csv.gz
adult,infeasible,fedcvar,0.50,0.80,3,4000,500,0,,0.208936,White,0.368954,0.368954,0.177596,0.315535,0.140113,0.0424814,adult_infeasible_fedcvar_a0.50_g0.80_seed3.csv.gz
adult,infeasible,fedcvar,0.50,0.80,4,4000,500,0,,0.20901,White,0.371997,0.371997,0.176329,0.311378,0.143909,0.0414372,adult_infeasible_fedcvar_a0.50_g0.80_seed4.csv.gz
adult,infeasible,fedcvar,0.50,0.90,0,4000,500,0,,0.208118,White,0.371714,0.371714,0.176189,0.317938,0.13586,0.0388869,adult_infeasible_fedcvar_a0.50_g0.90_seed0.csv.gz
adult,infeasible,fedcvar,0.50,0.90,1,4000,500,0,,0.208057,White,0.371196,0.371196,0.174645,0.319382,0.136192,0.0388701,adult_infeasible_fedcvar_a0.50_g0.90_seed1.csv.gz
adult,infeasible,fedcvar,0.50,0.90,2,4000,500,0,,0.208116,White,0.370374,0.370374,0.1755,0.321338,0.135801,0.0375665,adult_infeasible_fedcvar_a0.50_g0.90_seed2.csv.gz
adult,infeasible,fedcvar,0.50,0.90,3,4000,500,0,,0.208162,White,0.371498,0.371498,0.176843,0.319004,0.134483,0.0389816,adult_infeasible_fedcvar_a0.50_g0.90_seed3.csv.gz
adult,infeasible,fedcvar,0.50,0.90,4,4000,500,0,,0.208193,White,0.374278,0.374278,0.175478,0.315067,0.138197,0.0379431,adult_infeasible_fedcvar_a0.50_g0.90_seed4.csv.gz
adult,infeasible,fedcvar,0.50,1.00,0,4000,500,0,,0.207638,White,0.374319,0.374319,0.17558,0.322818,0.130032,0.0354428,adult_infeasible_fedcvar_a0.50_g1.00_seed0.csv.gz
adult,infeasible,fedcvar,0.50,1.00,1,4000,500,0,,0.207628,White,0.373824,0.373824,0.174182,0.324265,0.130292,0.0355781,adult_infeasible_fedcvar_a0.50_g1.00_seed1.csv.gz
adult,infeasible,fedcvar,0.50,1.00,2,4000,500,0,,0.207705,White,0.373077,0.373077,0.174914,0.326221,0.130028,0.034286,adult_infeasible_fedcvar_a0.50_g1.00_seed2.csv.gz
adult,infeasible,fedcvar,0.50,1.00,3,4000,500,0,,0.207703,White,0.374243,0.374243,0.176262,0.323714,0.12851,0.0357833,adult_infeasible_fedcvar_a0.50_g1.00_seed3.csv.gz
adult,infeasible,fedcvar,0.50,1.00,4,4000,500,0,,0.207691,White,0.376749,0.376749,0.174786,0.319955,0.132214,0.0347504,adult_infeasible_fedcvar_a0.50_g1.00_seed4.csv.gz
adult,infeasible,fedcvar,0.60,0.10,0,4000,500,0,,0.221004,White,0.360644,0.360644,0.180347,0.306421,0.152912,0.104694,adult_infeasible_fedcvar_a0.60_g0.10_seed0.csv.gz
adult,infeasible,fedcvar,0.60,0.10,1,4000,500,0,,0.220312,White,0.359966,0.359966,0.178094,0.308522,0.152446,0.102534,adult_infeasible_fedcvar_a0.60_g0.10_seed1.csv.gz
adult,infeasible,fedcvar,0.60,0.10,2,4000,500,0,,0.220486,White,0.35877,0.35877,0.17928,0.309817,0.150623,0.10394,adult_infeasible_fedcvar_a0.60_g0.10_seed2.csv.gz
adult,infeasible,fedcvar,0.60,0.10,3,4000,500,0,,0.221026,White,0.359699,0.359699,0.180806,0.308071,0.151295,0.105261,adult_infeasible_fedcvar_a0.60_g0.10_seed3.csv.gz
adult,infeasible,fedcvar,0.60,0.10,4,4000,500,0,,0.220639,White,0.363285,0.363285,0.180059,0.303412,0.155276,0.101163,adult_infeasible_fedcvar_a0.60_g0.10_seed4.csv.gz
adult,infeasible,fedcvar,0.60,0.20,0,4000,500,0,,0.216617,White,0.361638,0.361638,0.179458,0.306865,0.151756,0.083369,adult_infeasible_fedcvar_a0.60_g0.20_seed0.csv.gz
adult,infeasible,fedcvar,0.60,0.20,1,4000,500,0,,0.216218,White,0.360968,0.360968,0.177261,0.308922,0.151141,0.0827947,adult_infeasible_fedcvar_a0.60_g0.20_seed1.csv.gz
adult,infeasible,fedcvar,0.60,0.20,2,4000,500,0,,0.216014,White,0.359895,0.359895,0.17847,0.310234,0.149597,0.0818761,adult_infeasible_fedcvar_a0.60_g0.20_seed2.csv.gz
adult,infeasible,fedcvar,0.60,0.20,3,4000,500,0,,0.216447,White,0.360814,0.360814,0.179945,0.308487,0.149911,0.0830769,adult_infeasible_fedcvar_a0.60_g0.20_seed3.csv.gz
adult,infeasible,fedcvar,0.60,0.20,4,4000,500,0,,0.216302,White,0.364324,0.364324,0.179145,0.303955,0.153816,0.08027,adult_infeasible_fedcvar_a0.60_g0.20_seed4.csv.gz
adult,infeasible,fedcvar,0.60,0.30,0,4000,500,0,,0.214143,White,0.362815,0.362815,0.178607,0.307645,0.150251,0.071398,adult_infeasible_fedcvar_a0.60_g0.30_seed0.csv.gz
adult,infeasible,fedcvar,0.60,0.30,1,4000,500,0,,0.213899,White,0.362139,0.362139,0.176487,0.309636,0.1497,0.0715344,adult_infeasible_fedcvar_a0.60_g0.30_seed1.csv.gz
adult,infeasible,fedcvar,0.60,0.30,2,4000,500,0,,0.213645,White,0.361188,0.361188,0.177727,0.311068,0.148124,0.0701202,adult_infeasible_fedcvar_a0.60_g0.30_seed2.csv.gz
adult,infeasible,fedcvar,0.60,0.30,3,4000,500,0,,0.21399,White,0.362101,0.362101,0.179118,0.309204,0.148377,0.0711496,adult_infeasible_fedcvar_a0.60_g0.30_seed3.csv.gz
adult,infeasible,fedcvar,0.60,0.30,4,4000,500,0,,0.213948,White,0.365506,0.365506,0.178273,0.304842,0.152142,0.0689757,adult_infeasible_fedcvar_a0.60_g0.30_seed4.csv.gz
adult,infeasible,fedcvar,0.60,0.40,0,4000,500,0,,0.212412,White,0.36413,0.36413,0.177826,0.308747,0.148453,0.0629017,adult_infeasible_fedcvar_a0.60_g0.40_seed0.csv.gz
adult,infeasible,fedcvar,0.60,0.40,1,4000,500,0,,0.212213,White,0.3635,0.3635,0.175813,0.310674,0.147817,0.0632595,adult_infeasible_fedcvar_a0.60_g0.40_seed1.csv.gz
adult,infeasible,fedcvar,0.60,0.40,2,4000,500,0,,0.212,White,0.362612,0.362612,0.176965,0.312186,0.14663,0.0616059,adult_infeasible_fedcvar_a0.60_g0.40_seed2.csv.gz
adult,infeasible,fedcvar,0.60,0.40,3,4000,500,0,,0.212284,White,0.363545,0.363545,0.178341,0.310234,0.146497,0.0628041,adult_infeasible_fedcvar_a0.60_g0.40_seed3.csv.gz
adult,infeasible,fedcvar,0.60,0.40,4,4000,500,0,,0.21229,White,0.366842,0.366842,0.177478,0.306006,0.150136,0.0609875,adult_infeasible_fedcvar_a0.60_g0.40_seed4.csv.gz
adult,infeasible,fedcvar,0.60,0.50,0,4000,500,0,,0.21107,White,0.365574,0.365574,0.177101,0.310148,0.146385,0.0561422,adult_infeasible_fedcvar_a0.60_g0.50_seed0.csv.gz
adult,infeasible,fedcvar,0.60,0.50,1,4000,500,0,,0.210915,White,0.364965,0.364965,0.175173,0.312061,0.145801,0.056575,adult_infeasible_fedcvar_a0.60_g0.50_seed1.csv.gz
adult,infeasible,fedcvar,0.60,0.50,2,4000,500,0,,0.210738,White,0.364116,0.364116,0.176316,0.313628,0.14473,0.0549012,adult_infeasible_fedcvar_a0.60_g0.50_seed2.csv.gz
adult,infeasible,fedcvar,0.60,0.50,3,4000,500,0,,0.210978,White,0.365083,0.365083,0.177593,0.311537,0.144498,0.05618,adult_infeasible_fedcvar_a0.60_g0.50_seed3.csv.gz
adult,infeasible,fedcvar,0.60,0.50,4,4000,500,0,,0.21101,White,0.36827,0.36827,0.176693,0.307411,0.148139,0.0545357,adult_infeasible_fedcvar_a0.60_g0.50_seed4.csv.gz
adult,infeasible,fedcvar,0.60,0.60,0,4000,500,0,,0.209997,White,0.367095,0.367095,0.176463,0.311855,0.144041,0.0505325,adult_infeasible_fedcvar_a0.60_g0.60_seed0.csv.gz
adult,infeasible,fedcvar,0.60,0.60,1,4000,500,0,,0.209873,White,0.366525,0.366525,0.174651,0.313706,0.14356,0.0509251,adult_infeasible_fedcvar_a0.60_g0.60_seed1.csv.gz
adult,infeasible,fedcvar,0.60,0.60,2,4000,500,0,,0.209756,White,0.365699,0.365699,0.175696,0.31534,0.142711,0.0493344,adult_infeasible_fedcvar_a0.60_g0.60_seed2.csv.gz
adult,infeasible,fedcvar,0.60,0.60,3,4000,500,0,,0.209941,White,0.366679,0.366679,0.176972,0.313154,0.142213,0.0506852,adult_infeasible_fedcvar_a0.60_g0.60_seed3.csv.gz
adult,infeasible,fedcvar,0.60,0.60,4,4000,500,0,,0.209985,White,0.369788,0.369788,0.175992,0.309136,0.145798,0.0492095,adult_infeasible_fedcvar_a0.60_g0.60_seed4.csv.gz
adult,infeasible,fedcvar,0.60,0.70,0,4000,500,0,,0.209148,White,0.368707,0.368707,0.175854,0.313869,0.141522,0.0457902,adult_infeasible_fedcvar_a0.60_g0.70_seed0.csv.gz
adult,infeasible,fedcvar,0.60,0.70,1,4000,500,0,,0.209055,White,0.368158,0.368158,0.174208,0.315648,0.141145,0.0461161,adult_infeasible_fedcvar_a0.60_g0.70_seed1.csv.gz
adult,infeasible,fedcvar,0.60,0.70,2,4000,500,0,,0.208988,White,0.36735,0.36735,0.175156,0.317316,0.140523,0.0445972,adult_infeasible_fedcvar_a0.60_g0.70_seed2.csv.gz
adult,infeasible,fedcvar,0.60,0.70,3,4000,500,0,,0.20912,White,0.36836,0.36836,0.176436,0.31504,0.139774,0.0459906,adult_infeasible_fedcvar_a0.60_g0.70_seed3.csv.gz
adult,infeasible,fedcvar,0.60,0.70,4,4000,500,0,,0.20917,White,0.371373,0.371373,0.175358,0.311106,0.143344,0.0446712,adult_infeasible_fedcvar_a0.60_g0.70_seed4.csv.gz
adult,infeasible,fedcvar,0.60,0.80,0,4000,500,0,,0.208484,White,0.370384,0.370384,0.175405,0.316253,0.138639,0.0417386,adult_infeasible_fedcvar_a0.60_g0.80_seed0.csv.gz
adult,infeasible,fedcvar,0.60,0.80,1,4000,500,0,,0.208426,White,0.369868,0.369868,0.173907,0.317886,0.138481,0.0419899,adult_infeasible_fedcvar_a0.60_g0.80_seed1.csv.gz
adult,infeasible,fedcvar,0.60,0.80,2,4000,500,0,,0.208405,White,0.369075,0.369075,0.174746,0.319619,0.138057,0.0405282,adult_infeasible_fedcvar_a0.60_g0.80_seed2.csv.gz
adult,infeasible,fedcvar,0.60,0.80,3,4000,500,0,,0.208483,White,0.370147,0.370147,0.176057,0.317227,0.137014,0.0419709,adult_infeasible_fedcvar_a0.60_g0.80_seed3.csv.gz
adult,infeasible,fedcvar,0.60,0.80,4,4000,500,0,,0.208537,White,0.373011,0.373011,0.174828,0.313405,0.140689,0.0407513,adult_infeasible_fedcvar_a0.60_g0.80_seed4.csv.gz
adult,infeasible,fedcvar,0.60,0.90,0,4000,500,0,,0.207975,White,0.372211,0.372211,0.175237,0.319114,0.135035,0.0382798,adult_infeasible_fedcvar_a0.60_g0.90_seed0.csv.gz
adult,infeasible,fedcvar,0.60,0.90,1,4000,500,0,,0.207955,White,0.371711,0.371711,0.173832,0.320598,0.135191,0.038442,adult_infeasible_fedcvar_a0.60_g0.90_seed1.csv.gz
adult,infeasible,fedcvar,0.60,0.90,2,4000,500,0,,0.207976,White,0.370952,0.370952,0.174597,0.32245,0.134799,0.0370815,adult_infeasible_fedcvar_a0.60_g0.90_seed2.csv.gz
adult,infeasible,fedcvar,0.60,0.90,3,4000,500,0,,0.208005,White,0.372074,0.372074,0.175944,0.319947,0.133516,0.0385457,adult_infeasible_fedcvar_a0.60_g0.90_seed3.csv.gz
adult,infeasible,fedcvar,0.60,0.90,4,4000,500,0,,0.208043,White,0.374752,0.374752,0.174572,0.31621,0.137242,0.037437,adult_infeasible_fedcvar_a0.60_g0.90_seed4.csv.gz
adult,infeasible,fedcvar,0.60,1.00,0,4000,500,0,,0.207638,White,0.374319,0.374319,0.17558,0.322818,0.130032,0.0354428,adult_infeasible_fedcvar_a0.60_g1.00_seed0.csv.gz
adult,infeasible,fedcvar,0.60,1.00,1,4000,500,0,,0.207628,White,0.373824,0.373824,0.174182,0.324265,0.130292,0.0355781,adult_infeasible_fedcvar_a0.60_g1.00_seed1.csv.gz
adult,infeasible,fedcvar,0.60,1.00,2,4000,500,0,,0.207705,White,0.373077,0.373077,0.174914,0.326221,0.130028,0.034286,adult_infeasible_fedcvar_a0.60_g1.00_seed2.csv.gz
adult,infeasible,fedcvar,0.60,1.00,3,4000,500,0,,0.207703,White,0.374243,0.374243,0.176262,0.323714,0.12851,0.0357833,adult_infeasible_fedcvar_a0.60_g1.00_seed3.csv.gz
adult,infeasible,fedcvar,0.60,1.00,4,4000,500,0,,0.207691,White,0.376749,0.376749,0.174786,0.319955,0.132214,0.0347504,adult_infeasible_fedcvar_a0.60_g1.00_seed4.csv.gz
adult,infeasible,fedcvar,0.70,0.10,0,4000,500,0,,0.218127,White,0.363967,0.363967,0.175873,0.310368,0.138318,0.102111,adult_infeasible_fedcvar_a0.70_g0.10_seed0.csv.gz
adult,infeasible,fedcvar,0.70,0.10,1,4000,500,0,,0.217993,White,0.363464,0.363464,0.174512,0.312513,0.137234,0.10224,adult_infeasible_fedcvar_a0.70_g0.10_seed1.csv.gz
adult,infeasible,fedcvar,0.70,0.10,2,4000,500,0,,0.217919,White,0.362435,0.362435,0.175129,0.314037,0.13579,0.102204,adult_infeasible_fedcvar_a0.70_g0.10_seed2.csv.gz
adult,infeasible,fedcvar,0.70,0.10,3,4000,500,0,,0.218372,White,0.363501,0.363501,0.17674,0.311876,0.135545,0.1042,adult_infeasible_fedcvar_a0.70_g0.10_seed3.csv.gz
adult,infeasible,fedcvar,0.70,0.10,4,4000,500,0,,0.218066,White,0.366509,0.366509,0.175479,0.307799,0.139486,0.101055,adult_infeasible_fedcvar_a0.70_g0.10_seed4.csv.gz
adult,infeasible,fedcvar,0.70,0.20,0,4000,500,0,,0.214749,White,0.364806,0.364806,0.175524,0.310985,0.137914,0.0845166,adult_infeasible_fedcvar_a0.70_g0.20_seed0.csv.gz
adult,infeasible,fedcvar,0.70,0.20,1,4000,500,0,,0.214558,White,0.364282,0.364282,0.17416,0.312992,0.137099,0.0842592,adult_infeasible_fedcvar_a0.70_g0.20_seed1.csv.gz
adult,infeasible,fedcvar,0.70,0.20,2,4000,500,0,,0.214387,White,0.363316,0.363316,0.174828,0.314587,0.135714,0.0834912,adult_infeasible_fedcvar_a0.70_g0.20_seed2.csv.gz
adult,infeasible,fedcvar,0.70,0.20,3,4000,500,0,,0.214749,White,0.364384,0.364384,0.176426,0.312397,0.135319,0.0852158,adult_infeasible_fedcvar_a0.70_g0.20_seed3.csv.gz
adult,infeasible,fedcvar,0.70,0.20,4,4000,500,0,,0.214404,White,0.367377,0.367377,0.175111,0.308368,0.139403,0.0817616,adult_infeasible_fedcvar_a0.70_g0.20_seed4.csv.gz
adult,infeasible,fedcvar,0.70,0.30,0,4000,500,0,,0.212518,White,0.365804,0.365804,0.175233,0.311795,0.13773,0.0720255,adult_infeasible_fedcvar_a0.70_g0.30_seed0.csv.gz
adult,infeasible,fedcvar,0.70,0.30,1,4000,500,0,,0.212414,White,0.36528,0.36528,0.173893,0.313725,0.136864,0.072308,adult_infeasible_fedcvar_a0.70_g0.30_seed1.csv.gz
adult,infeasible,fedcvar,0.70,0.30,2,4000,500,0,,0.212185,White,0.364392,0.364392,0.174604,0.31536,0.135639,0.0709318,adult_infeasible_fedcvar_a0.70_g0.30_seed2.csv.gz
adult,infeasible,fedcvar,0.70,0.30,3,4000,500,0,,0.212494,White,0.36545,0.36545,0.176181,0.313113,0.135141,0.0725813,adult_infeasible_fedcvar_a0.70_g0.30_seed3.csv.gz
adult,infeasible,fedcvar,0.70,0.30,4,4000,500,0,,0.212283,White,0.368389,0.368389,0.174839,0.30917,0.13917,0.069847,adult_infeasible_fedcvar_a0.70_g0.30_seed4.csv.gz
adult,infeasible,fedcvar,0.70,0.40,0,4000,500,0,,0.211038,White,0.366882,0.366882,0.175037,0.312833,0.137333,0.0631047,adult_infeasible_fedcvar_a0.70_g0.40_seed0.csv.gz
adult,infeasible,fedcvar,0.70,0.40,1,4000,500,0,,0.210967,White,0.366377,0.366377,0.173679,0.314667,0.136586,0.0635251,adult_infeasible_fedcvar_a0.70_g0.40_seed1.csv.gz
adult,infeasible,fedcvar,0.70,0.40,2,4000,500,0,,0.21076,White,0.365537,0.365537,0.174464,0.316353,0.135428,0.062019,adult_infeasible_fedcvar_a0.70_g0.40_seed2.csv.gz
adult,infeasible,fedcvar,0.70,0.40,3,4000,500,0,,0.211006,White,0.366617,0.366617,0.176004,0.314054,0.134788,0.0635641,adult_infeasible_fedcvar_a0.70_g0.40_seed3.csv.gz
adult,infeasible,fedcvar,0.70,0.40,4,4000,500,0,,0.21089,White,0.369496,0.369496,0.174636,0.310156,0.138826,0.0613376,adult_infeasible_fedcvar_a0.70_g0.40_seed4.csv.gz
adult,infeasible,fedcvar,0.70,0.50,0,4000,500,0,,0.209969,White,0.368035,0.368035,0.174929,0.314023,0.136747,0.0561105,adult_infeasible_fedcvar_a0.70_g0.50_seed0.csv.gz
adult,infeasible,fedcvar,0.70,0.50,1,4000,500,0,,0.209912,White,0.367537,0.367537,0.173583,0.315806,0.136081,0.0565539,adult_infeasible_fedcvar_a0.70_g0.50_seed1.csv.gz
adult,infeasible,fedcvar,0.70,0.50,2,4000,500,0,,0.209749,White,0.366729,0.366729,0.174393,0.317531,0.135055,0.055039,adult_infeasible_fedcvar_a0.70_g0.50_seed2.csv.gz
adult,infeasible,fedcvar,0.70,0.50,3,4000,500,0,,0.209945,White,0.367816,0.367816,0.175903,0.315173,0.134289,0.0565427,adult_infeasible_fedcvar_a0.70_g0.50_seed3.csv.gz
adult,infeasible,fedcvar,0.70,0.50,4,4000,500,0,,0.209888,White,0.370627,0.370627,0.174505,0.311333,0.138291,0.0546854,adult_infeasible_fedcvar_a0.70_g0.50_seed4.csv.gz
adult,infeasible,fedcvar,0.70,0.60,0,4000,500,0,,0.209177,White,0.369212,0.369212,0.174906,0.315402,0.135914,0.0504489,adult_infeasible_fedcvar_a0.70_g0.60_seed0.csv.gz
adult,infeasible,fedcvar,0.70,0.60,1,4000,500,0,,0.209133,White,0.368714,0.368714,0.173535,0.317111,0.135481,0.0508227,adult_infeasible_fedcvar_a0.70_g0.60_seed1.csv.gz
adult,infeasible,fedcvar,0.70,0.60,2,4000,500,0,,0.209011,White,0.367946,0.367946,0.174405,0.318909,0.134415,0.0493792,adult_infeasible_fedcvar_a0.70_g0.60_seed2.csv.gz
adult,infeasible,fedcvar,0.70,0.60,3,4000,500,0,,0.209166,White,0.369029,0.369029,0.175866,0.316467,0.133625,0.0508446,adult_infeasible_fedcvar_a0.70_g0.60_seed3.csv.gz
adult,infeasible,fedcvar,0.70,0.60,4,4000,500,0,,0.209144,White,0.371783,0.371783,0.174435,0.312682,0.137584,0.049235,adult_infeasible_fedcvar_a0.70_g0.60_seed4.csv.gz
adult,infeasible,fedcvar,0.70,0.70,0,4000,500,0,,0.20858,White,0.370422,0.370422,0.174969,0.316946,0.134841,0.0457239,adult_infeasible_fedcvar_a0.70_g0.70_seed0.csv.gz
adult,infeasible,fedcvar,0.70,0.70,1,4000,500,0,,0.20855,White,0.369929,0.369929,0.173592,0.318581,0.134601,0.0460467,adult_infeasible_fedcvar_a0.70_g0.70_seed1.csv.gz
adult,infeasible,fedcvar,0.70,0.70,2,4000,500,0,,0.208472,White,0.369189,0.369189,0.174462,0.320464,0.133598,0.0446459,adult_infeasible_fedcvar_a0.70_g0.70_seed2.csv.gz
adult,infeasible,fedcvar,0.70,0.70,3,4000,500,0,,0.20859,White,0.370267,0.370267,0.17588,0.317926,0.13277,0.0461067,adult_infeasible_fedcvar_a0.70_g0.70_seed3.csv.gz
adult,infeasible,fedcvar,0.70,0.70,4,4000,500,0,,0.208578,White,0.372963,0.372963,0.174481,0.314189,0.136563,0.0446956,adult_infeasible_fedcvar_a0.70_g0.70_seed4.csv.gz
adult,infeasible,fedcvar,0.70,0.80,0,4000,500,0,,0.208138,White,0.371683,0.371683,0.175101,0.318659,0.13353,0.0417187,adult_infeasible_fedcvar_a0.70_g0.80_seed0.csv.gz
adult,infeasible,fedcvar,0.70,0.80,1,4000,500,0,,0.208116,White,0.371192,0.371192,0.173733,0.320249,0.133419,0.0419846,adult_infeasible_fedcvar_a0.70_g0.80_seed1.csv.gz
adult,infeasible,fedcvar,0.70,0.80,2,4000,500,0,,0.208088,White,0.370469,0.370469,0.174588,0.322197,0.132523,0.0406608,adult_infeasible_fedcvar_a0.70_g0.80_seed2.csv.gz
adult,infeasible,fedcvar,0.70,0.80,3,4000,500,0,,0.208164,White,0.371558,0.371558,0.175978,0.319645,0.131505,0.0421364,adult_infeasible_fedcvar_a0.70_g0.80_seed3.csv.gz
adult,infeasible,fedcvar,0.70,0.80,4,4000,500,0,,0.208159,White,0.374187,0.374187,0.174575,0.315892,0.135291,0.0408483,adult_infeasible_fedcvar_a0.70_g0.80_seed4.csv.gz
adult,infeasible,fedcvar,0.70,0.90,0,4000,500,0,,0.207825,White,0.373,0.373,0.175309,0.320629,0.131848,0.0383393,adult_infeasible_fedcvar_a0.70_g0.90_seed0.csv.gz
adult,infeasible,fedcvar,0.70,0.90,1,4000,500,0,,0.207809,White,0.372507,0.372507,0.173938,0.322149,0.131912,0.038537,adult_infeasible_fedcvar_a0.70_g0.90_seed1.csv.gz
adult,infeasible,fedcvar,0.70,0.90,2,4000,500,0,,0.207832,White,0.371777,0.371777,0.174756,0.324123,0.13126,0.0372439,adult_infeasible_fedcvar_a0.70_g0.90_seed2.csv.gz
adult,infeasible,fedcvar,0.70,0.90,3,4000,500,0,,0.207869,White,0.372892,0.372892,0.176119,0.321591,0.130018,0.0387269,adult_infeasible_fedcvar_a0.70_g0.90_seed3.csv.gz
adult,infeasible,fedcvar,0.70,0.90,4,4000,500,0,,0.207859,White,0.375464,0.375464,0.174714,0.317844,0.133677,0.0375956,adult_infeasible_fedcvar_a0.70_g0.90_seed4.csv.gz
adult,infeasible,fedcvar,0.70,1.00,0,4000,500,0,,0.207638,White,0.374319,0.374319,0.17558,0.322818,0.130032,0.0354428,adult_infeasible_fedcvar_a0.70_g1.00_seed0.csv.gz
adult,infeasible,fedcvar,0.70,1.00,1,4000,500,0,,0.207628,White,0.373824,0.373824,0.174182,0.324265,0.130292,0.0355781,adult_infeasible_fedcvar_a0.70_g1.00_seed1.csv.gz
adult,infeasible,fedcvar,0.70,1.00,2,4000,500,0,,0.207705,White,0.373077,0.373077,0.174914,0.326221,0.130028,0.034286,adult_infeasible_fedcvar_a0.70_g1.00_seed2.csv.gz
adult,infeasible,fedcvar,0.70,1.00,3,4000,500,0,,0.207703,White,0.374243,0.374243,0.176262,0.323714,0.12851,0.0357833,adult_infeasible_fedcvar_a0.70_g1.00_seed3.csv.gz
adult,infeasible,fedcvar,0.70,1.00,4,4000,500,0,,0.207691,White,0.376749,0.376749,0.174786,0.319955,0.132214,0.0347504,adult_infeasible_fedcvar_a0.70_g1.00_seed4.csv.gz
adult,infeasible,fedcvar,0.80,0.10,0,4000,500,0,,0.214335,White,0.368082,0.368082,0.175294,0.315767,0.124591,0.0879417,adult_infeasible_fedcvar_a0.80_g0.10_seed0.csv.gz
adult,infeasible,fedcvar,0.80,0.10,1,4000,500,0,,0.214402,White,0.367562,0.367562,0.17391,0.317697,0.124204,0.0886365,adult_infeasible_fedcvar_a0.80_g0.10_seed1.csv.gz
adult,infeasible,fedcvar,0.80,0.10,2,4000,500,0,,0.214168,White,0.366929,0.366929,0.17456,0.319457,0.122768,0.087125,adult_infeasible_fedcvar_a0.80_g0.10_seed2.csv.gz
adult,infeasible,fedcvar,0.80,0.10,3,4000,500,0,,0.214805,White,0.367909,0.367909,0.176189,0.316826,0.122592,0.0905107,adult_infeasible_fedcvar_a0.80_g0.10_seed3.csv.gz
adult,infeasible,fedcvar,0.80,0.10,4,4000,500,0,,0.214329,White,0.370398,0.370398,0.174507,0.31337,0.125888,0.0874839,adult_infeasible_fedcvar_a0.80_g0.10_seed4.csv.gz
adult,infeasible,fedcvar,0.80,0.20,0,4000,500,0,,0.212875,White,0.368744,0.368744,0.175227,0.316387,0.124256,0.0797589,adult_infeasible_fedcvar_a0.80_g0.20_seed0.csv.gz
adult,infeasible,fedcvar,0.80,0.20,1,4000,500,0,,0.212869,White,0.36822,0.36822,0.173814,0.318231,0.124042,0.080037,adult_infeasible_fedcvar_a0.80_g0.20_seed1.csv.gz
adult,infeasible,fedcvar,0.80,0.20,2,4000,500,0,,0.2127,White,0.367635,0.367635,0.174473,0.320019,0.122667,0.0787082,adult_infeasible_fedcvar_a0.80_g0.20_seed2.csv.gz
adult,infeasible,fedcvar,0.80,0.20,3,4000,500,0,,0.213262,White,0.368648,0.368648,0.176125,0.317431,0.122181,0.0819237,adult_infeasible_fedcvar_a0.80_g0.20_seed3.csv.gz
adult,infeasible,fedcvar,0.80,0.20,4,4000,500,0,,0.212734,White,0.37107,0.37107,0.174397,0.313925,0.125777,0.0784986,adult_infeasible_fedcvar_a0.80_g0.20_seed4.csv.gz
adult,infeasible,fedcvar,0.80,0.30,0,4000,500,0,,0.21148,White,0.36943,0.36943,0.175136,0.31703,0.1245,0.0713053,adult_infeasible_fedcvar_a0.80_g0.30_seed0.csv.gz
adult,infeasible,fedcvar,0.80,0.30,1,4000,500,0,,0.211422,White,0.368898,0.368898,0.173684,0.318737,0.12459,0.071202,adult_infeasible_fedcvar_a0.80_g0.30_seed1.csv.gz
adult,infeasible,fedcvar,0.80,0.30,2,4000,500,0,,0.211302,White,0.368344,0.368344,0.17438,0.320577,0.123189,0.0700182,adult_infeasible_fedcvar_a0.80_g0.30_seed2.csv.gz
adult,infeasible,fedcvar,0.80,0.30,3,4000,500,0,,0.21179,White,0.369365,0.369365,0.176046,0.318041,0.122417,0.0730779,adult_infeasible_fedcvar_a0.80_g0.30_seed3.csv.gz
adult,infeasible,fedcvar,0.80,0.30,4,4000,500,0,,0.211322,White,0.37177,0.37177,0.174295,0.314506,0.126198,0.0698431,adult_infeasible_fedcvar_a0.80_g0.30_seed4.csv.gz
adult,infeasible,fedcvar,0.80,0.40,0,4000,500,0,,0.210318,White,0.370148,0.370148,0.175058,0.317688,0.125159,0.0635372,adult_infeasible_fedcvar_a0.80_g0.40_seed0.csv.gz
adult,infeasible,fedcvar,0.80,0.40,1,4000,500,0,,0.210255,White,0.369596,0.369596,0.173589,0.319311,0.125468,0.0633115,adult_infeasible_fedcvar_a0.80_g0.40_seed1.csv.gz
adult,infeasible,fedcvar,0.80,0.40,2,4000,500,0,,0.210153,White,0.369059,0.369059,0.174315,0.321198,0.124098,0.0620958,adult_infeasible_fedcvar_a0.80_g0.40_seed2.csv.gz
adult,infeasible,fedcvar,0.80,0.40,3,4000,500,0,,0.210524,White,0.370085,0.370085,0.175962,0.318696,0.123166,0.0647098,adult_infeasible_fedcvar_a0.80_g0.40_seed3.csv.gz
adult,infeasible,fedcvar,0.80,0.40,4,4000,500,0,,0.210181,White,0.372497,0.372497,0.174237,0.315152,0.126934,0.0620878,adult_infeasible_fedcvar_a0.80_g0.40_seed4.csv.gz
adult,infeasible,fedcvar,0.80,0.50,0,4000,500,0,,0.209406,White,0.370872,0.370872,0.175031,0.318405,0.126032,0.0566911,adult_infeasible_fedcvar_a0.80_g0.50_seed0.csv.gz
adult,infeasible,fedcvar,0.80,0.50,1,4000,500,0,,0.20938,White,0.370315,0.370315,0.173576,0.320004,0.126301,0.056704,adult_infeasible_fedcvar_a0.80_g0.50_seed1.csv.gz
adult,infeasible,fedcvar,0.80,0.50,2,4000,500,0,,0.209285,White,0.369757,0.369757,0.174306,0.321896,0.125179,0.0552889,adult_infeasible_fedcvar_a0.80_g0.50_seed2.csv.gz
adult,infeasible,fedcvar,0.80,0.50,3,4000,500,0,,0.209556,White,0.370815,0.370815,0.175915,0.31942,0.124093,0.0575401,adult_infeasible_fedcvar_a0.80_g0.50_seed3.csv.gz
adult,infeasible,fedcvar,0.80,0.50,4,4000,500,0,,0.209319,White,0.373244,0.373244,0.174221,0.31582,0.127866,0.0554424,adult_infeasible_fedcvar_a0.80_g0.50_seed4.csv.gz
adult,infeasible,fedcvar,0.80,0.60,0,4000,500,0,,0.208741,White,0.371603,0.371603,0.175062,0.319211,0.126851,0.0509793,adult_infeasible_fedcvar_a0.80_g0.60_seed0.csv.gz
adult,infeasible,fedcvar,0.80,0.60,1,4000,500,0,,0.208734,White,0.371039,0.371039,0.173617,0.320801,0.127075,0.0511392,adult_infeasible_fedcvar_a0.80_g0.60_seed1.csv.gz
adult,infeasible,fedcvar,0.80,0.60,2,4000,500,0,,0.20866,White,0.370461,0.370461,0.174354,0.32267,0.126217,0.0495993,adult_infeasible_fedcvar_a0.80_g0.60_seed2.csv.gz
adult,infeasible,fedcvar,0.80,0.60,3,4000,500,0,,0.20885,White,0.371547,0.371547,0.17592,0.320202,0.12505,0.0515325,adult_infeasible_fedcvar_a0.80_g0.60_seed3.csv.gz
adult,infeasible,fedcvar,0.80,0.60,4,4000,500,0,,0.208689,White,0.373986,0.373986,0.174262,0.316563,0.128803,0.0498309,adult_infeasible_fedcvar_a0.80_g0.60_seed4.csv.gz
adult,infeasible,fedcvar,0.80,0.70,0,4000,500,0,,0.208268,White,0.372335,0.372335,0.175137,0.3201,0.127582,0.0461841,adult_infeasible_fedcvar_a0.80_g0.70_seed0.csv.gz
adult,infeasible,fedcvar,0.80,0.70,1,4000,500,0,,0.208262,White,0.371766,0.371766,0.173708,0.321645,0.127858,0.0463306,adult_infeasible_fedcvar_a0.80_g0.70_seed1.csv.gz
adult,infeasible,fedcvar,0.80,0.70,2,4000,500,0,,0.208226,White,0.371146,0.371146,0.174446,0.323505,0.127229,0.0448059,adult_infeasible_fedcvar_a0.80_g0.70_seed2.csv.gz
adult,infeasible,fedcvar,0.80,0.70,3,4000,500,0,,0.208358,White,0.372259,0.372259,0.175964,0.321022,0.125984,0.046559,adult_infeasible_fedcvar_a0.80_g0.70_seed3.csv.gz
adult,infeasible,fedcvar,0.80,0.70,4,4000,500,0,,0.208246,White,0.374717,0.374717,0.174345,0.317379,0.129683,0.0451059,adult_infeasible_fedcvar_a0.80_g0.70_seed4.csv.gz
adult,infeasible,fedcvar,0.80,0.80,0,4000,500,0,,0.207942,White,0.373023,0.373023,0.175253,0.320999,0.128402,0.042031,adult_infeasible_fedcvar_a0.80_g0.80_seed0.csv.gz
adult,infeasible,fedcvar,0.80,0.80,1,4000,500,0,,0.207934,White,0.372484,0.372484,0.173829,0.322511,0.128662,0.0421823,adult_infeasible_fedcvar_a0.80_g0.80_seed1.csv.gz
adult,infeasible,fedcvar,0.80,0.80,2,4000,500,0,,0.207941,White,0.371806,0.371806,0.174575,0.324387,0.128205,0.0407304,adult_infeasible_fedcvar_a0.80_g0.80_seed2.csv.gz
adult,infeasible,fedcvar,0.80,0.80,3,4000,500,0,,0.208022,White,0.372952,0.372952,0.176034,0.321902,0.126859,0.0423621,adult_infeasible_fedcvar_a0.80_g0.80_seed3.csv.gz
adult,infeasible,fedcvar,0.80,0.80,4,4000,500,0,,0.20795,White,0.375425,0.375425,0.174464,0.318222,0.130537,0.0411003,adult_infeasible_fedcvar_a0.80_g0.80_seed4.csv.gz
adult,infeasible,fedcvar,0.80,0.90,0,4000,500,0,,0.207737,White,0.373695,0.373695,0.175398,0.321903,0.129219,0.0384689,adult_infeasible_fedcvar_a0.80_g0.90_seed0.csv.gz
adult,infeasible,fedcvar,0.80,0.90,1,4000,500,0,,0.207727,White,0.373177,0.373177,0.173986,0.323395,0.129461,0.0386143,adult_infeasible_fedcvar_a0.80_g0.90_seed1.csv.gz
adult,infeasible,fedcvar,0.80,0.90,2,4000,500,0,,0.20777,White,0.372468,0.372468,0.174724,0.3253,0.12912,0.0372394,adult_infeasible_fedcvar_a0.80_g0.90_seed2.csv.gz
adult,infeasible,fedcvar,0.80,0.90,3,4000,500,0,,0.207809,White,0.373624,0.373624,0.176126,0.322807,0.127697,0.0387897,adult_infeasible_fedcvar_a0.80_g0.90_seed3.csv.gz
adult,infeasible,fedcvar,0.80,0.90,4,4000,500,0,,0.20777,White,0.376115,0.376115,0.1746,0.319077,0.131389,0.0376701,adult_infeasible_fedcvar_a0.80_g0.90_seed4.csv.gz
adult,infeasible,fedcvar,0.80,1.00,0,4000,500,0,,0.207638,White,0.374319,0.374319,0.17558,0.322818,0.130032,0.0354428,adult_infeasible_fedcvar_a0.80_g1.00_seed0.csv.gz
adult,infeasible,fedcvar,0.80,1.00,1,4000,500,0,,0.207628,White,0.373824,0.373824,0.174182,0.324265,0.130292,0.0355781,adult_infeasible_fedcvar_a0.80_g1.00_seed1.csv.gz
adult,infeasible,fedcvar,0.80,1.00,2,4000,500,0,,0.207705,White,0.373077,0.373077,0.174914,0.326221,0.130028,0.034286,adult_infeasible_fedcvar_a0.80_g1.00_seed2.csv.gz
adult,infeasible,fedcvar,0.80,1.00,3,4000,500,0,,0.207703,White,0.374243,0.374243,0.176262,0.323714,0.12851,0.0357833,adult_infeasible_fedcvar_a0.80_g1.00_seed3.csv.gz
adult,infeasible,fedcvar,0.80,1.00,4,4000,500,0,,0.207691,White,0.376749,0.376749,0.174786,0.319955,0.132214,0.0347504,adult_infeasible_fedcvar_a0.80_g1.00_seed4.csv.gz
adult,infeasible,fedcvar,0.90,0.10,0,4000,500,0,,0.208766,White,0.371548,0.371548,0.175218,0.319643,0.126343,0.0510789,adult_infeasible_fedcvar_a0.90_g0.10_seed0.csv.gz
adult,infeasible,fedcvar,0.90,0.10,1,4000,500,0,,0.208707,White,0.371083,0.371083,0.173763,0.321167,0.126469,0.0510544,adult_infeasible_fedcvar_a0.90_g0.10_seed1.csv.gz
adult,infeasible,fedcvar,0.90,0.10,2,4000,500,0,,0.208617,White,0.370475,0.370475,0.174432,0.322824,0.126348,0.0490058,adult_infeasible_fedcvar_a0.90_g0.10_seed2.csv.gz
adult,infeasible,fedcvar,0.90,0.10,3,4000,500,0,,0.208854,White,0.371604,0.371604,0.175996,0.320426,0.124799,0.0514473,adult_infeasible_fedcvar_a0.90_g0.10_seed3.csv.gz
adult,infeasible,fedcvar,0.90,0.10,4,4000,500,0,,0.208688,White,0.373995,0.373995,0.174343,0.316832,0.128389,0.0498818,adult_infeasible_fedcvar_a0.90_g0.10_seed4.csv.gz
adult,infeasible,fedcvar,0.90,0.20,0,4000,500,0,,0.208538,White,0.371875,0.371875,0.175211,0.319914,0.126786,0.0489052,adult_infeasible_fedcvar_a0.90_g0.20_seed0.csv.gz
adult,infeasible,fedcvar,0.90,0.20,1,4000,500,0,,0.208486,White,0.371408,0.371408,0.173764,0.32144,0.126935,0.0488829,adult_infeasible_fedcvar_a0.90_g0.20_seed1.csv.gz
adult,infeasible,fedcvar,0.90,0.20,2,4000,500,0,,0.208424,White,0.370786,0.370786,0.174443,0.323126,0.126767,0.0469981,adult_infeasible_fedcvar_a0.90_g0.20_seed2.csv.gz
adult,infeasible,fedcvar,0.90,0.20,3,4000,500,0,,0.208626,White,0.371917,0.371917,0.175981,0.320702,0.125241,0.0492895,adult_infeasible_fedcvar_a0.90_g0.20_seed3.csv.gz
adult,infeasible,fedcvar,0.90,0.20,4,4000,500,0,,0.208483,White,0.37432,0.37432,0.174347,0.317096,0.12884,0.0478097,adult_infeasible_fedcvar_a0.90_g0.20_seed4.csv.gz
adult,infeasible,fedcvar,0.90,0.30,0,4000,500,0,,0.208341,White,0.372199,0.372199,0.175219,0.320208,0.127217,0.046861,adult_infeasible_fedcvar_a0.90_g0.30_seed0.csv.gz
adult,infeasible,fedcvar,0.90,0.30,1,4000,500,0,,0.208296,White,0.37173,0.37173,0.173779,0.321731,0.127385,0.046857,adult_infeasible_fedcvar_a0.90_g0.30_seed1.csv.gz
adult,infeasible,fedcvar,0.90,0.30,2,4000,500,0,,0.208257,White,0.371092,0.371092,0.174466,0.323446,0.127194,0.0450845,adult_infeasible_fedcvar_a0.90_g0.30_seed2.csv.gz
adult,infeasible,fedcvar,0.90,0.30,3,4000,500,0,,0.208427,White,0.372231,0.372231,0.175979,0.320999,0.125671,0.0472545,adult_infeasible_fedcvar_a0.90_g0.30_seed3.csv.gz
adult,infeasible,fedcvar,0.90,0.30,4,4000,500,0,,0.208304,White,0.374646,0.374646,0.174365,0.317381,0.12928,0.0458503,adult_infeasible_fedcvar_a0.90_g0.30_seed4.csv.gz
adult,infeasible,fedcvar,0.90,0.40,0,4000,500,0,,0.208172,White,0.372523,0.372523,0.175236,0.320514,0.127638,0.0449502,adult_infeasible_fedcvar_a0.90_g0.40_seed0.csv.gz
adult,infeasible,fedcvar,0.90,0.40,1,4000,500,0,,0.208135,White,0.372048,0.372048,0.173803,0.322032,0.127822,0.0449718,adult_infeasible_fedcvar_a0.90_g0.40_seed1.csv.gz
adult,infeasible,fedcvar,0.90,0.40,2,4000,500,0,,0.208117,White,0.371398,0.371398,0.174497,0.323772,0.127604,0.0433143,adult_infeasible_fedcvar_a0.90_g0.40_seed2.csv.gz
adult,infeasible,fedcvar,0.90,0.40,3,4000,500,0,,0.208257,White,0.372538,0.372538,0.175986,0.321317,0.12609,0.0453515,adult_infeasible_fedcvar_a0.90_g0.40_seed3.csv.gz
adult,infeasible,fedcvar,0.90,0.40,4,4000,500,0,,0.208154,White,0.374966,0.374966,0.174391,0.317678,0.12971,0.0440251,adult_infeasible_fedcvar_a0.90_g0.40_seed4.csv.gz
adult,infeasible,fedcvar,0.90,0.50,0,4000,500,0,,0.208029,White,0.372843,0.372843,0.175265,0.320835,0.128051,0.0431529,adult_infeasible_fedcvar_a0.90_g0.50_seed0.csv.gz
adult,infeasible,fedcvar,0.90,0.50,1,4000,500,0,,0.207999,White,0.372366,0.372366,0.173839,0.322345,0.128252,0.043193,adult_infeasible_fedcvar_a0.90_g0.50_seed1.csv.gz
adult,infeasible,fedcvar,0.90,0.50,2,4000,500,0,,0.208001,White,0.3717,0.3717,0.174537,0.324108,0.128006,0.0416516,adult_infeasible_fedcvar_a0.90_g0.50_seed2.csv.gz
adult,infeasible,fedcvar,0.90,0.50,3,4000,500,0,,0.208113,White,0.372847,0.372847,0.176001,0.321632,0.126502,0.0435821,adult_infeasible_fedcvar_a0.90_g0.50_seed3.csv.gz
adult,infeasible,fedcvar,0.90,0.50,4,4000,500,0,,0.208027,White,0.375292,0.375292,0.174429,0.317977,0.130138,0.0422983,adult_infeasible_fedcvar_a0.90_g0.50_seed4.csv.gz
adult,infeasible,fedcvar,0.90,0.60,0,4000,500,0,,0.207912,White,0.373161,0.373161,0.175301,0.321162,0.12845,0.0414842,adult_infeasible_fedcvar_a0.90_g0.60_seed0.csv.gz
adult,infeasible,fedcvar,0.90,0.60,1,4000,500,0,,0.207886,White,0.37268,0.37268,0.173884,0.322665,0.128675,0.041528,adult_infeasible_fedcvar_a0.90_g0.60_seed1.csv.gz
adult,infeasible,fedcvar,0.90,0.60,2,4000,500,0,,0.207905,White,0.371997,0.371997,0.174586,0.324462,0.128399,0.0400826,adult_infeasible_fedcvar_a0.90_g0.60_seed2.csv.gz
adult,infeasible,fedcvar,0.90,0.60,3,4000,500,0,,0.20799,White,0.373147,0.373147,0.176026,0.321978,0.126906,0.0418945,adult_infeasible_fedcvar_a0.90_g0.60_seed3.csv.gz
adult,infeasible,fedcvar,0.90,0.60,4,4000,500,0,,0.207922,White,0.375606,0.375606,0.174473,0.318302,0.130546,0.040683,adult_infeasible_fedcvar_a0.90_g0.60_seed4.csv.gz
adult,infeasible,fedcvar,0.90,0.70,0,4000,500,0,,0.207816,White,0.373472,0.373472,0.175346,0.321503,0.128837,0.0399205,adult_infeasible_fedcvar_a0.90_g0.70_seed0.csv.gz
adult,infeasible,fedcvar,0.90,0.70,1,4000,500,0,,0.207794,White,0.372987,0.372987,0.173939,0.323012,0.129079,0.0399517,adult_infeasible_fedcvar_a0.90_g0.70_seed1.csv.gz
adult,infeasible,fedcvar,0.90,0.70,2,4000,500,0,,0.207829,White,0.372291,0.372291,0.174643,0.32483,0.128788,0.0385925,adult_infeasible_fedcvar_a0.90_g0.70_seed2.csv.gz
adult,infeasible,fedcvar,0.90,0.70,3,4000,500,0,,0.20789,White,0.373442,0.373442,0.17606,0.32234,0.127297,0.0403121,adult_infeasible_fedcvar_a0.90_g0.70_seed3.csv.gz
adult,infeasible,fedcvar,0.90,0.70,4,4000,500,0,,0.207838,White,0.375917,0.375917,0.174527,0.31864,0.130946,0.03916,adult_infeasible_fedcvar_a0.90_g0.70_seed4.csv.gz
adult,infeasible,fedcvar,0.90,0.80,0,4000,500,0,,0.207738,White,0.373776,0.373776,0.175403,0.321876,0.129218,0.0384167,adult_infeasible_fedcvar_a0.90_g0.80_seed0.csv.gz
adult,infeasible,fedcvar,0.90,0.80,1,4000,500,0,,0.207721,White,0.373286,0.373286,0.174005,0.323383,0.129477,0.0384521,adult_infeasible_fedcvar_a0.90_g0.80_seed1.csv.gz
adult,infeasible,fedcvar,0.90,0.80,2,4000,500,0,,0.20777,White,0.372569,0.372569,0.174712,0.325244,0.129174,0.0371492,adult_infeasible_fedcvar_a0.90_g0.80_seed2.csv.gz
adult,infeasible,fedcvar,0.90,0.80,3,4000,500,0,,0.207808,White,0.373725,0.373725,0.176107,0.322748,0.127681,0.03878,adult_infeasible_fedcvar_a0.90_g0.80_seed3.csv.gz
adult,infeasible,fedcvar,0.90,0.80,4,4000,500,0,,0.207771,White,0.376212,0.376212,0.174593,0.319023,0.131344,0.037683,adult_infeasible_fedcvar_a0.90_g0.80_seed4.csv.gz
adult,infeasible,fedcvar,0.90,0.90,0,4000,500,0,,0.207677,White,0.374062,0.374062,0.17548,0.32232,0.129602,0.0369216,adult_infeasible_fedcvar_a0.90_g0.90_seed0.csv.gz
adult,infeasible,fedcvar,0.90,0.90,1,4000,500,0,,0.207665,White,0.373571,0.373571,0.174083,0.323794,0.129865,0.0370145,adult_infeasible_fedcvar_a0.90_g0.90_seed1.csv.gz
adult,infeasible,fedcvar,0.90,0.90,2,4000,500,0,,0.207727,White,0.372828,0.372828,0.174802,0.325724,0.12958,0.0357002,adult_infeasible_fedcvar_a0.90_g0.90_seed2.csv.gz
adult,infeasible,fedcvar,0.90,0.90,3,4000,500,0,,0.207744,White,0.373994,0.373994,0.176173,0.323212,0.128075,0.0372664,adult_infeasible_fedcvar_a0.90_g0.90_seed3.csv.gz
adult,infeasible,fedcvar,0.90,0.90,4,4000,500,0,,0.20772,White,0.376487,0.376487,0.174679,0.319477,0.131761,0.0361978,adult_infeasible_fedcvar_a0.90_g0.90_seed4.csv.gz
adult,infeasible,fedcvar,0.90,1.00,0,4000,500,0,,0.207638,White,0.374319,0.374319,0.17558,0.322818,0.130032,0.0354428,adult_infeasible_fedcvar_a0.90_g1.00_seed0.csv.gz
adult,infeasible,fedcvar,0.90,1.00,1,4000,500,0,,0.207628,White,0.373824,0.373824,0.174182,0.324265,0.130292,0.0355781,adult_infeasible_fedcvar_a0.90_g1.00_seed1.csv.gz
adult,infeasible,fedcvar,0.90,1.00,2,4000,500,0,,0.207705,White,0.373077,0.373077,0.174914,0.326221,0.130028,0.034286,adult_infeasible_fedcvar_a0.90_g1.00_seed2.csv.gz
adult,infeasible,fedcvar,0.90,1.00,3,4000,500,0,,0.207703,White,0.374243,0.374243,0.176262,0.323714,0.12851,0.0357833,adult_infeasible_fedcvar_a0.90_g1.00_seed3.csv.gz
adult,infeasible,fedcvar,0.90,1.00,4,4000,500,0,,0.207691,White,0.376749,0.376749,0.174786,0.319955,0.132214,0.0347504,adult_infeasible_fedcvar_a0.90_g1.00_seed4.csv.gz
adult,infeasible,fedcvar,1.00,0.10,0,4000,500,0,,0.207638,White,0.374319,0.374319,0.17558,0.322818,0.130032,0.0354428,adult_infeasible_fedcvar_a1.00_g0.10_seed0.csv.gz
adult,infeasible,fedcvar,1.00,0.10,1,4000,500,0,,0.207628,White,0.373824,0.373824,0.174182,0.324265,0.130292,0.0355781,adult_infeasible_fedcvar_a1.00_g0.10_seed1.csv.gz
adult,infeasible,fedcvar,1.00,0.10,2,4000,500,0,,0.207705,White,0.373077,0.373077,0.174914,0.326221,0.130028,0.034286,adult_infeasible_fedcvar_a1.00_g0.10_seed2.csv.gz
adult,infeasible,fedcvar,1.00,0.10,3,4000,500,0,,0.207703,White,0.374243,0.374243,0.176262,0.323714,0.12851,0.0357833,adult_infeasible_fedcvar_a1.00_g0.10_seed3.csv.gz
adult,infeasible,fedcvar,1.00,0.10,4,4000,500,0,,0.207691,White,0.376749,0.376749,0.174786,0.319955,0.132214,0.0347504,adult_infeasible_fedcvar_a1.00_g0.10_seed4.csv.gz
adult,infeasible,fedcvar,1.00,0.20,0,4000,500,0,,0.207638,White,0.374319,0.374319,0.17558,0.322818,0.130032,0.0354428,adult_infeasible_fedcvar_a1.00_g0.20_seed0.csv.gz
adult,infeasible,fedcvar,1.00,0.20,1,4000,500,0,,0.207628,White,0.373824,0.373824,0.174182,0.324265,0.130292,0.0355781,adult_infeasible_fedcvar_a1.00_g0.20_seed1.csv.gz
adult,infeasible,fedcvar,1.00,0.20,2,4000,500,0,,0.207705,White,0.373077,0.373077,0.174914,0.326221,0.130028,0.034286,adult_infeasible_fedcvar_a1.00_g0.20_seed2.csv.gz
adult,infeasible,fedcvar,1.00,0.20,3,4000,500,0,,0.207703,White,0.374243,0.374243,0.176262,0.323714,0.12851,0.0357833,adult_infeasible_fedcvar_a1.00_g0.20_seed3.csv.gz
adult,infeasible,fedcvar,1.00,0.20,4,4000,500,0,,0.207691,White,0.376749,0.376749,0.174786,0.319955,0.132214,0.0347504,adult_infeasible_fedcvar_a1.00_g0.20_seed4.csv.gz
adult,infeasible,fedcvar,1.00,0.30,0,4000,500,0,,0.207638,White,0.374319,0.374319,0.17558,0.322818,0.130032,0.0354428,adult_infeasible_fedcvar_a1.00_g0.30_seed0.csv.gz
adult,infeasible,fedcvar,1.00,0.30,1,4000,500,0,,0.207628,White,0.373824,0.373824,0.174182,0.324265,0.130292,0.0355781,adult_infeasible_fedcvar_a1.00_g0.30_seed1.csv.gz
adult,infeasible,fedcvar,1.00,0.30,2,4000,500,0,,0.207705,White,0.373077,0.373077,0.174914,0.326221,0.130028,0.034286,adult_infeasible_fedcvar_a1.00_g0.30_seed2.csv.gz
adult,infeasible,fedcvar,1.00,0.30,3,4000,500,0,,0.207703,White,0.374243,0.374243,0.176262,0.323714,0.12851,0.0357833,adult_infeasible_fedcvar_a1.00_g0.30_seed3.csv.gz
adult,infeasible,fedcvar,1.00,0.30,4,4000,500,0,,0.207691,White,0.376749,0.376749,0.174786,0.319955,0.132214,0.0347504,adult_infeasible_fedcvar_a1.00_g0.30_seed4.csv.gz
adult,infeasible,fedcvar,1.00,0.40,0,4000,500,0,,0.207638,White,0.374319,0.374319,0.17558,0.322818,0.130032,0.0354428,adult_infeasible_fedcvar_a1.00_g0.40_seed0.csv.gz
adult,infeasible,fedcvar,1.00,0.40,1,4000,500,0,,0.207628,White,0.373824,0.373824,0.174182,0.324265,0.130292,0.0355781,adult_infeasible_fedcvar_a1.00_g0.40_seed1.csv.gz
adult,infeasible,fedcvar,1.00,0.40,2,4000,500,0,,0.207705,White,0.373077,0.373077,0.174914,0.326221,0.130028,0.034286,adult_infeasible_fedcvar_a1.00_g0.40_seed2.csv.gz
adult,infeasible,fedcvar,1.00,0.40,3,4000,500,0,,0.207703,White,0.374243,0.374243,0.176262,0.323714,0.12851,0.0357833,adult_infeasible_fedcvar_a1.00_g0.40_seed3.csv.gz
adult,infeasible,fedcvar,1.00,0.40,4,4000,500,0,,0.207691,White,0.376749,0.376749,0.174786,0.319955,0.132214,0.0347504,adult_infeasible_fedcvar_a1.00_g0.40_seed4.csv.gz
adult,infeasible,fedcvar,1.00,0.50,0,4000,500,0,,0.207638,White,0.374319,0.374319,0.17558,0.322818,0.130032,0.0354428,adult_infeasible_fedcvar_a1.00_g0.50_seed0.csv.gz
adult,infeasible,fedcvar,1.00,0.50,1,4000,500,0,,0.207628,White,0.373824,0.373824,0.174182,0.324265,0.130292,0.0355781,adult_infeasible_fedcvar_a1.00_g0.50_seed1.csv.gz
adult,infeasible,fedcvar,1.00,0.50,2,4000,500,0,,0.207705,White,0.373077,0.373077,0.174914,0.326221,0.130028,0.034286,adult_infeasible_fedcvar_a1.00_g0.50_seed2.csv.gz
adult,infeasible,fedcvar,1.00,0.50,3,4000,500,0,,0.207703,White,0.374243,0.374243,0.176262,0.323714,0.12851,0.0357833,adult_infeasible_fedcvar_a1.00_g0.50_seed3.csv.gz
adult,infeasible,fedcvar,1.00,0.50,4,4000,500,0,,0.207691,White,0.376749,0.376749,0.174786,0.319955,0.132214,0.0347504,adult_infeasible_fedcvar_a1.00_g0.50_seed4.csv.gz
adult,infeasible,fedcvar,1.00,0.60,0,4000,500,0,,0.207638,White,0.374319,0.374319,0.17558,0.322818,0.130032,0.0354428,adult_infeasible_fedcvar_a1.00_g0.60_seed0.csv.gz
adult,infeasible,fedcvar,1.00,0.60,1,4000,500,0,,0.207628,White,0.373824,0.373824,0.174182,0.324265,0.130292,0.0355781,adult_infeasible_fedcvar_a1.00_g0.60_seed1.csv.gz
adult,infeasible,fedcvar,1.00,0.60,2,4000,500,0,,0.207705,White,0.373077,0.373077,0.174914,0.326221,0.130028,0.034286,adult_infeasible_fedcvar_a1.00_g0.60_seed2.csv.gz
adult,infeasible,fedcvar,1.00,0.60,3,4000,500,0,,0.207703,White,0.374243,0.374243,0.176262,0.323714,0.12851,0.0357833,adult_infeasible_fedcvar_a1.00_g0.60_seed3.csv.gz
adult,infeasible,fedcvar,1.00,0.60,4,4000,500,0,,0.207691,White,0.376749,0.376749,0.174786,0.319955,0.132214,0.0347504,adult_infeasible_fedcvar_a1.00_g0.60_seed4.csv.gz
adult,infeasible,fedcvar,1.00,0.70,0,4000,500,0,,0.207638,White,0.374319,0.374319,0.17558,0.322818,0.130032,0.0354428,adult_infeasible_fedcvar_a1.00_g0.70_seed0.csv.gz
adult,infeasible,fedcvar,1.00,0.70,1,4000,500,0,,0.207628,White,0.373824,0.373824,0.174182,0.324265,0.130292,0.0355781,adult_infeasible_fedcvar_a1.00_g0.70_seed1.csv.gz
adult,infeasible,fedcvar,1.00,0.70,2,4000,500,0,,0.207705,White,0.373077,0.373077,0.174914,0.326221,0.130028,0.034286,adult_infeasible_fedcvar_a1.00_g0.70_seed2.csv.gz
adult,infeasible,fedcvar,1.00,0.70,3,4000,500,0,,0.207703,White,0.374243,0.374243,0.176262,0.323714,0.12851,0.0357833,adult_infeasible_fedcvar_a1.00_g0.70_seed3.csv.gz
adult,infeasible,fedcvar,1.00,0.70,4,4000,500,0,,0.207691,White,0.376749,0.376749,0.174786,0.319955,0.132214,0.0347504,adult_infeasible_fedcvar_a1.00_g0.70_seed4.csv.gz
adult,infeasible,fedcvar,1.00,0.80,0,4000,500,0,,0.207638,White,0.374319,0.374319,0.17558,0.322818,0.130032,0.0354428,adult_infeasible_fedcvar_a1.00_g0.80_seed0.csv.gz
adult,infeasible,fedcvar,1.00,0.80,1,4000,500,0,,0.207628,White,0.373824,0.373824,0.174182,0.324265,0.130292,0.0355781,adult_infeasible_fedcvar_a1.00_g0.80_seed1.csv.gz
adult,infeasible,fedcvar,1.00,0.80,2,4000,500,0,,0.207705,White,0.373077,0.373077,0.174914,0.326221,0.130028,0.034286,adult_infeasible_fedcvar_a1.00_g0.80_seed2.csv.gz
adult,infeasible,fedcvar,1.00,0.80,3,4000,500,0,,0.207703,White,0.374243,0.374243,0.176262,0.323714,0.12851,0.0357833,adult_infeasible_fedcvar_a1.00_g0.80_seed3.csv.gz
adult,infeasible,fedcvar,1.00,0.80,4,4000,500,0,,0.207691,White,0.376749,0.376749,0.174786,0.319955,0.132214,0.0347504,adult_infeasible_fedcvar_a1.00_g0.80_seed4.csv.gz
adult,infeasible,fedcvar,1.00,0.90,0,4000,500,0,,0.207638,White,0.374319,0.374319,0.17558,0.322818,0.130032,0.0354428,adult_infeasible_fedcvar_a1.00_g0.90_seed0.csv.gz
adult,infeasible,fedcvar,1.00,0.90,1,4000,500,0,,0.207628,White,0.373824,0.373824,0.174182,0.324265,0.130292,0.0355781,adult_infeasible_fedcvar_a1.00_g0.90_seed1.csv.gz
adult,infeasible,fedcvar,1.00,0.90,2,4000,500,0,,0.207705,White,0.373077,0.373077,0.174914,0.326221,0.130028,0.034286,adult_infeasible_fedcvar_a1.00_g0.90_seed2.csv.gz
adult,infeasible,fedcvar,1.00,0.90,3,4000,500,0,,0.207703,White,0.374243,0.374243,0.176262,0.323714,0.12851,0.0357833,adult_infeasible_fedcvar_a1.00_g0.90_seed3.csv.gz
adult,infeasible,fedcvar,1.00,0.90,4,4000,500,0,,0.207691,White,0.376749,0.376749,0.174786,0.319955,0.132214,0.0347504,adult_infeasible_fedcvar_a1.00_g0.90_seed4.csv.gz
adult,infeasible,fedcvar,1.00,1.00,0,4000,500,0,,0.207638,White,0.374319,0.374319,0.17558,0.322818,0.130032,0.0354428,adult_infeasible_fedcvar_a1.00_g1.00_seed0.csv.gz
adult,infeasible,fedcvar,1.00,1.00,1,4000,500,0,,0.207628,White,0.373824,0.373824,0.174182,0.324265,0.130292,0.0355781,adult_infeasible_fedcvar_a1.00_g1.00_seed1.csv.gz
adult,infeasible,fedcvar,1.00,1.00,2,4000,500,0,,0.207705,White,0.373077,0.373077,0.174914,0.326221,0.130028,0.034286,adult_infeasible_fedcvar_a1.00_g1.00_seed2.csv.gz
adult,infeasible,fedcvar,1.00,1.00,3,4000,500,0,,0.207703,White,0.374243,0.374243,0.176262,0.323714,0.12851,0.0357833,adult_infeasible_fedcvar_a1.00_g1.00_seed3.csv.gz
adult,infeasible,fedcvar,1.00,1.00,4,4000,500,0,,0.207691,White,0.376749,0.376749,0.174786,0.319955,0.132214,0.0347504,adult_infeasible_fedcvar_a1.00_g1.00_seed4.csv.gz
adult,infeasible,full,,,0,4000,500,0,,0.207304,White,0.378582,0.378582,0.17684,0.327462,0.122714,0.0309206,adult_infeasible_full_seed0.csv.gz
adult,infeasible,full,,,1,4000,500,0,,0.207304,White,0.378582,0.378582,0.17684,0.327462,0.122714,0.0309206,adult_infeasible_full_seed1.csv.gz
adult,infeasible,full,,,2,4000,500,0,,0.207304,White,0.378582,0.378582,0.17684,0.327462,0.122714,0.0309206,adult_infeasible_full_seed2.csv.gz
adult,infeasible,full,,,3,4000,500,0,,0.207304,White,0.378582,0.378582,0.17684,0.327462,0.122714,0.0309206,adult_infeasible_full_seed3.csv.gz
adult,infeasible,full,,,4,4000,500,0,,0.207304,White,0.378582,0.378582,0.17684,0.327462,0.122714,0.0309206,adult_infeasible_full_seed4.csv.gz
adult,infeasible,downsample,,,0,4000,500,0,,0.207462,White,0.377498,0.377498,0.177091,0.325733,0.124281,0.0327062,adult_infeasible_downsample_seed0.csv.gz
adult,infeasible,downsample,,,1,4000,500,0,,0.207425,White,0.376786,0.376786,0.175762,0.32714,0.124574,0.032866,adult_infeasible_downsample_seed1.csv.gz
adult,infeasible,downsample,,,2,4000,500,0,,0.207544,White,0.376179,0.376179,0.176407,0.329106,0.124337,0.0316921,adult_infeasible_downsample_seed2.csv.gz
adult,infeasible,downsample,,,3,4000,500,0,,0.207551,White,0.377346,0.377346,0.177666,0.326652,0.122937,0.0331514,adult_infeasible_downsample_seed3.csv.gz
adult,infeasible,downsample,,,4,4000,500,0,,0.207487,White,0.37975,0.37975,0.176311,0.322875,0.126322,0.0321772,adult_infeasible_downsample_seed4.csv.gz
adult,infeasible,ipw,,,0,4000,500,0,,0.207462,White,0.377498,0.377498,0.177091,0.325733,0.124281,0.0327062,adult_infeasible_ipw_seed0.csv.gz
adult,infeasible,ipw,,,1,4000,500,0,,0.207425,White,0.376786,0.376786,0.175762,0.32714,0.124574,0.032866,adult_infeasible_ipw_seed1.csv.gz
adult,infeasible,ipw,,,2,4000,500,0,,0.207544,White,0.376179,0.376179,0.176407,0.329106,0.124337,0.0316921,adult_infeasible_ipw_seed2.csv.gz
adult,infeasible,ipw,,,3,4000,500,0,,0.207551,White,0.377346,0.377346,0.177666,0.326652,0.122937,0.0331514,adult_infeasible_ipw_seed3.csv.gz
adult,infeasible,ipw,,,4,4000,500,0,,0.207487,White,0.37975,0.37975,0.176311,0.322875,0.126322,0.0321772,adult_infeasible_ipw_seed4.csv.gz
