dataset,regime,model,alpha,gamma,seed,rounds,tail,diverged,death_round,overall_tail,worst_group,worst_group_tail,group_tail_White,group_tail_Black,group_tail_Asian-Pac-Islander,group_tail_Amer-Indian-Eskimo,group_tail_Other,file
adult,infeasible,fedavg,,,0,4000,500,0,,0.246885,Asian-Pac-Islander,0.399635,0.332113,0.200648,0.399635,0.191188,0.110841,adult_infeasible_fedavg_seed0.csv.gz
adult,infeasible,fedavg,,,1,4000,500,0,,0.246788,Asian-Pac-Islander,0.397544,0.332652,0.197583,0.397544,0.187137,0.119026,adult_infeasible_fedavg_seed1.csv.gz
adult,infeasible,fedavg,,,2,4000,500,0,,0.249132,Asian-Pac-Islander,0.398424,0.3323,0.200047,0.398424,0.191071,0.123817,adult_infeasible_fedavg_seed2.csv.gz
adult,infeasible,fedavg,,,3,4000,500,0,,0.248121,Asian-Pac-Islander,0.400655,0.332439,0.197797,0.400655,0.186969,0.122747,adult_infeasible_fedavg_seed3.csv.gz
adult,infeasible,fedavg,,,4,4000,500,0,,0.248412,Asian-Pac-Islander,0.400587,0.332195,0.201517,0.400587,0.187398,0.120366,adult_infeasible_fedavg_seed4.csv.gz
adult,infeasible,fedavg_mk,,,0,4000,500,0,,0.671001,Asian-Pac-Islander,0.722623,0.699921,0.661036,0.722623,0.672928,0.598496,adult_infeasible_fedavg_mk_seed0.csv.gz
adult,infeasible,fedavg_mk,,,1,4000,500,0,,0.726869,Asian-Pac-Islander,0.817833,0.78357,0.725569,0.817833,0.749154,0.55822,adult_infeasible_fedavg_mk_seed1.csv.gz
adult,infeasible,fedavg_mk,,,2,4000,500,0,,0.647344,Asian-Pac-Islander,0.703662,0.67105,0.634329,0.703662,0.64873,0.578945,adult_infeasible_fedavg_mk_seed2.csv.gz
adult,infeasible,fedavg_mk,,,3,4000,500,0,,0.668502,Asian-Pac-Islander,0.720908,0.6979,0.659422,0.720908,0.669259,0.595018,adult_infeasible_fedavg_mk_seed3.csv.gz
adult,infeasible,fedavg_mk,,,4,4000,500,0,,0.637021,Asian-Pac-Islander,0.684975,0.661681,0.626089,0.684975,0.641053,0.571308,adult_infeasible_fedavg_mk_seed4.csv.gz
adult,infeasible,fedavot,,,0,4000,500,0,,0.226952,Asian-Pac-Islander,0.369769,0.338347,0.180065,0.369769,0.178153,0.0684234,adult_infeasible_fedavot_seed0.csv.gz
adult,infeasible,fedavot,,,1,4000,500,0,,0.226419,Asian-Pac-Islander,0.365834,0.340192,0.176868,0.365834,0.176765,0.0724348,adult_infeasible_fedavot_seed1.csv.gz
adult,infeasible,fedavot,,,2,4000,500,0,,0.227829,Asian-Pac-Islander,0.367336,0.338472,0.180141,0.367336,0.177013,0.0761799,adult_infeasible_fedavot_seed2.csv.gz
adult,infeasible,fedavot,,,3,4000,500,0,,0.226943,Asian-Pac-Islander,0.368769,0.339339,0.178242,0.368769,0.173178,0.0751875,adult_infeasible_fedavot_seed3.csv.gz
adult,infeasible,fedavot,,,4,4000,500,0,,0.226336,Asian-Pac-Islander,0.367867,0.338931,0.180506,0.367867,0.170807,0.0735701,adult_infeasible_fedavot_seed4.csv.gz
adult,infeasible,fedavot_cvar,0.10,0.10,0,4000,500,0,,0.272918,Asian-Pac-Islander,0.373409,0.343165,0.219955,0.373409,0.223048,0.205016,adult_infeasible_fedavot_cvar_a0.10_g0.10_seed0.csv.gz
adult,infeasible,fedavot_cvar,0.10,0.10,1,4000,500,0,,0.271004,Asian-Pac-Islander,0.369854,0.34411,0.215936,0.369854,0.223647,0.201471,adult_infeasible_fedavot_cvar_a0.10_g0.10_seed1.csv.gz
adult,infeasible,fedavot_cvar,0.10,0.10,2,4000,500,0,,0.276437,Asian-Pac-Islander,0.37451,0.344049,0.217689,0.37451,0.22752,0.218417,adult_infeasible_fedavot_cvar_a0.10_g0.10_seed2.csv.gz
adult,infeasible,fedavot_cvar,0.10,0.10,3,4000,500,0,,0.273425,Asian-Pac-Islander,0.371093,0.343674,0.217995,0.371093,0.22318,0.211183,adult_infeasible_fedavot_cvar_a0.10_g0.10_seed3.csv.gz
adult,infeasible,fedavot_cvar,0.10,0.10,4,4000,500,0,,0.269625,Asian-Pac-Islander,0.371712,0.34364,0.217366,0.371712,0.217997,0.197409,adult_infeasible_fedavot_cvar_a0.10_g0.10_seed4.csv.gz
adult,infeasible,fedavot_cvar,0.10,0.20,0,4000,500,0,,0.259518,Asian-Pac-Islander,0.372681,0.342555,0.215822,0.372681,0.212484,0.154046,adult_infeasible_fedavot_cvar_a0.10_g0.20_seed0.csv.gz
adult,infeasible,fedavot_cvar,0.10,0.20,1,4000,500,0,,0.259744,Asian-Pac-Islander,0.368828,0.34341,0.211465,0.368828,0.212578,0.16244,adult_infeasible_fedavot_cvar_a0.10_g0.20_seed1.csv.gz
adult,infeasible,fedavot_cvar,0.10,0.20,2,4000,500,0,,0.263812,Asian-Pac-Islander,0.373364,0.343435,0.214428,0.373364,0.217116,0.170719,adult_infeasible_fedavot_cvar_a0.10_g0.20_seed2.csv.gz
adult,infeasible,fedavot_cvar,0.10,0.20,3,4000,500,0,,0.262139,Asian-Pac-Islander,0.370903,0.34282,0.213604,0.370903,0.211742,0.171625,adult_infeasible_fedavot_cvar_a0.10_g0.20_seed3.csv.gz
adult,infeasible,fedavot_cvar,0.10,0.20,4,4000,500,0,,0.261013,Asian-Pac-Islander,0.372017,0.342921,0.213615,0.372017,0.208957,0.167557,adult_infeasible_fedavot_cvar_a0.10_g0.20_seed4.csv.gz
adult,infeasible,fedavot_cvar,0.10,0.30,0,4000,500,0,,0.252289,Asian-Pac-Islander,0.371619,0.341963,0.212763,0.371619,0.207244,0.127859,adult_infeasible_fedavot_cvar_a0.10_g0.30_seed0.csv.gz
adult,infeasible,fedavot_cvar,0.10,0.30,1,4000,500,0,,0.252165,Asian-Pac-Islander,0.368599,0.342687,0.208631,0.368599,0.206039,0.134868,adult_infeasible_fedavot_cvar_a0.10_g0.30_seed1.csv.gz
adult,infeasible,fedavot_cvar,0.10,0.30,2,4000,500,0,,0.255873,Asian-Pac-Islander,0.370981,0.34284,0.211358,0.370981,0.211186,0.142999,adult_infeasible_fedavot_cvar_a0.10_g0.30_seed2.csv.gz
adult,infeasible,fedavot_cvar,0.10,0.30,3,4000,500,0,,0.254308,Asian-Pac-Islander,0.369413,0.342324,0.210736,0.369413,0.206114,0.14295,adult_infeasible_fedavot_cvar_a0.10_g0.30_seed3.csv.gz
adult,infeasible,fedavot_cvar,0.10,0.30,4,4000,500,0,,0.253581,Asian-Pac-Islander,0.370814,0.342203,0.21083,0.370814,0.20391,0.140146,adult_infeasible_fedavot_cvar_a0.10_g0.30_seed4.csv.gz
adult,infeasible,fedavot_cvar,0.10,0.40,0,4000,500,0,,0.247187,Asian-Pac-Islander,0.369435,0.341119,0.209604,0.369435,0.20395,0.111827,adult_infeasible_fedavot_cvar_a0.10_g0.40_seed0.csv.gz
adult,infeasible,fedavot_cvar,0.10,0.40,1,4000,500,0,,0.246908,Asian-Pac-Islander,0.366587,0.342039,0.205373,0.366587,0.202918,0.117621,adult_infeasible_fedavot_cvar_a0.10_g0.40_seed1.csv.gz
adult,infeasible,fedavot_cvar,0.10,0.40,2,4000,500,0,,0.250117,Asian-Pac-Islander,0.368955,0.342081,0.207986,0.368955,0.207068,0.124492,adult_infeasible_fedavot_cvar_a0.10_g0.40_seed2.csv.gz
adult,infeasible,fedavot_cvar,0.10,0.40,3,4000,500,0,,0.248945,Asian-Pac-Islander,0.368864,0.341356,0.207239,0.368864,0.202184,0.125083,adult_infeasible_fedavot_cvar_a0.10_g0.40_seed3.csv.gz
adult,infeasible,fedavot_cvar,0.10,0.40,4,4000,500,0,,0.248177,Asian-Pac-Islander,0.369673,0.341543,0.207793,0.369673,0.20042,0.121454,adult_infeasible_fedavot_cvar_a0.10_g0.40_seed4.csv.gz
adult,infeasible,fedavot_cvar,0.10,0.50,0,4000,500,0,,0.243414,Asian-Pac-Islander,0.368556,0.340234,0.205858,0.368556,0.200927,0.101492,adult_infeasible_fedavot_cvar_a0.10_g0.50_seed0.csv.gz
adult,infeasible,fedavot_cvar,0.10,0.50,1,4000,500,0,,0.242844,Asian-Pac-Islander,0.364746,0.341565,0.202048,0.364746,0.19967,0.106192,adult_infeasible_fedavot_cvar_a0.10_g0.50_seed1.csv.gz
adult,infeasible,fedavot_cvar,0.10,0.50,2,4000,500,0,,0.245837,Asian-Pac-Islander,0.367374,0.341125,0.204614,0.367374,0.204351,0.11172,adult_infeasible_fedavot_cvar_a0.10_g0.50_seed2.csv.gz
adult,infeasible,fedavot_cvar,0.10,0.50,3,4000,500,0,,0.244756,Asian-Pac-Islander,0.368073,0.340464,0.203931,0.368073,0.198863,0.112449,adult_infeasible_fedavot_cvar_a0.10_g0.50_seed3.csv.gz
adult,infeasible,fedavot_cvar,0.10,0.50,4,4000,500,0,,0.244049,Asian-Pac-Islander,0.368993,0.34055,0.204362,0.368993,0.197216,0.109125,adult_infeasible_fedavot_cvar_a0.10_g0.50_seed4.csv.gz
adult,infeasible,fedavot_cvar,0.10,0.60,0,4000,500,0,,0.239818,Asian-Pac-Islander,0.366921,0.339498,0.202046,0.366921,0.197124,0.0935014,adult_infeasible_fedavot_cvar_a0.10_g0.60_seed0.csv.gz
adult,infeasible,fedavot_cvar,0.10,0.60,1,4000,500,0,,0.239115,Asian-Pac-Islander,0.363576,0.340828,0.197907,0.363576,0.195934,0.0973316,adult_infeasible_fedavot_cvar_a0.10_g0.60_seed1.csv.gz
adult,infeasible,fedavot_cvar,0.10,0.60,2,4000,500,0,,0.241945,Asian-Pac-Islander,0.366041,0.340208,0.200684,0.366041,0.200664,0.102128,adult_infeasible_fedavot_cvar_a0.10_g0.60_seed2.csv.gz
adult,infeasible,fedavot_cvar,0.10,0.60,3,4000,500,0,,0.241128,Asian-Pac-Islander,0.367718,0.339507,0.200075,0.367718,0.195296,0.103042,adult_infeasible_fedavot_cvar_a0.10_g0.60_seed3.csv.gz
adult,infeasible,fedavot_cvar,0.10,0.60,4,4000,500,0,,0.240114,Asian-Pac-Islander,0.36731,0.339551,0.200738,0.36731,0.193002,0.0999681,adult_infeasible_fedavot_cvar_a0.10_g0.60_seed4.csv.gz
adult,infeasible,fedavot_cvar,0.10,0.70,0,4000,500,0,,0.236534,Asian-Pac-Islander,0.366245,0.338407,0.197375,0.366245,0.193294,0.0873474,adult_infeasible_fedavot_cvar_a0.10_g0.70_seed0.csv.gz
adult,infeasible,fedavot_cvar,0.10,0.70,1,4000,500,0,,0.235828,Asian-Pac-Islander,0.362896,0.339875,0.193441,0.362896,0.19238,0.0905464,adult_infeasible_fedavot_cvar_a0.10_g0.70_seed1.csv.gz
adult,infeasible,fedavot_cvar,0.10,0.70,2,4000,500,0,,0.238282,Asian-Pac-Islander,0.364897,0.339189,0.19629,0.364897,0.196244,0.0947924,adult_infeasible_fedavot_cvar_a0.10_g0.70_seed2.csv.gz
adult,infeasible,fedavot_cvar,0.10,0.70,3,4000,500,0,,0.237491,Asian-Pac-Islander,0.367163,0.338616,0.195514,0.367163,0.190539,0.0956227,adult_infeasible_fedavot_cvar_a0.10_g0.70_seed3.csv.gz
adult,infeasible,fedavot_cvar,0.10,0.70,4,4000,500,0,,0.236595,Asian-Pac-Islander,0.366173,0.338569,0.196385,0.366173,0.189145,0.0927031,adult_infeasible_fedavot_cvar_a0.10_g0.70_seed4.csv.gz
adult,infeasible,fedavot_cvar,0.10,0.80,0,4000,500,0,,0.233173,Asian-Pac-Islander,0.365805,0.337495,0.192224,0.365805,0.188638,0.0817009,adult_infeasible_fedavot_cvar_a0.10_g0.80_seed0.csv.gz
adult,infeasible,fedavot_cvar,0.10,0.80,1,4000,500,0,,0.232925,Asian-Pac-Islander,0.36305,0.339271,0.188374,0.36305,0.18865,0.0852787,adult_infeasible_fedavot_cvar_a0.10_g0.80_seed1.csv.gz
adult,infeasible,fedavot_cvar,0.10,0.80,2,4000,500,0,,0.234972,Asian-Pac-Islander,0.364712,0.338127,0.191329,0.364712,0.191099,0.0895931,adult_infeasible_fedavot_cvar_a0.10_g0.80_seed2.csv.gz
adult,infeasible,fedavot_cvar,0.10,0.80,3,4000,500,0,,0.23399,Asian-Pac-Islander,0.366727,0.33799,0.1901,0.366727,0.185479,0.089653,adult_infeasible_fedavot_cvar_a0.10_g0.80_seed3.csv.gz
adult,infeasible,fedavot_cvar,0.10,0.80,4,4000,500,0,,0.233218,Asian-Pac-Islander,0.365894,0.337802,0.191532,0.365894,0.183929,0.0869342,adult_infeasible_fedavot_cvar_a0.10_g0.80_seed4.csv.gz
adult,infeasible,fedavot_cvar,0.10,0.90,0,4000,500,0,,0.229932,Asian-Pac-Islander,0.36536,0.337219,0.186532,0.36536,0.184155,0.0763953,adult_infeasible_fedavot_cvar_a0.10_g0.90_seed0.csv.gz
adult,infeasible,fedavot_cvar,0.10,0.90,1,4000,500,0,,0.229947,Asian-Pac-Islander,0.363542,0.339106,0.182848,0.363542,0.184006,0.0802338,adult_infeasible_fedavot_cvar_a0.10_g0.90_seed1.csv.gz
adult,infeasible,fedavot_cvar,0.10,0.90,2,4000,500,0,,0.231413,Asian-Pac-Islander,0.364232,0.337672,0.185955,0.364232,0.185268,0.0839389,adult_infeasible_fedavot_cvar_a0.10_g0.90_seed2.csv.gz
adult,infeasible,fedavot_cvar,0.10,0.90,3,4000,500,0,,0.230195,Asian-Pac-Islander,0.366093,0.337953,0.184313,0.366093,0.179759,0.0828566,adult_infeasible_fedavot_cvar_a0.10_g0.90_seed3.csv.gz
adult,infeasible,fedavot_cvar,0.10,0.90,4,4000,500,0,,0.229783,Asian-Pac-Islander,0.365651,0.337543,0.186367,0.365651,0.17821,0.0811415,adult_infeasible_fedavot_cvar_a0.10_g0.90_seed4.csv.gz
adult,infeasible,fedavot_cvar,0.10,1.00,0,4000,500,0,,0.226952,Asian-Pac-Islander,0.369769,0.338347,0.180065,0.369769,0.178153,0.0684234,adult_infeasible_fedavot_cvar_a0.10_g1.00_seed0.csv.gz
adult,infeasible,fedavot_cvar,0.10,1.00,1,4000,500,0,,0.226419,Asian-Pac-Islander,0.365834,0.340192,0.176868,0.365834,0.176765,0.0724348,adult_infeasible_fedavot_cvar_a0.10_g1.00_seed1.csv.gz
adult,infeasible,fedavot_cvar,0.10,1.00,2,4000,500,0,,0.227829,Asian-Pac-Islander,0.367336,0.338472,0.180141,0.367336,0.177013,0.0761799,adult_infeasible_fedavot_cvar_a0.10_g1.00_seed2.csv.gz
adult,infeasible,fedavot_cvar,0.10,1.00,3,4000,500,0,,0.226943,Asian-Pac-Islander,0.368769,0.339339,0.178242,0.368769,0.173178,0.0751875,adult_infeasible_fedavot_cvar_a0.10_g1.00_seed3.csv.gz
adult,infeasible,fedavot_cvar,0.10,1.00,4,4000,500,0,,0.226336,Asian-Pac-Islander,0.367867,0.338931,0.180506,0.367867,0.170807,0.0735701,adult_infeasible_fedavot_cvar_a0.10_g1.00_seed4.csv.gz
adult,infeasible,fedavot_cvar,0.20,0.10,0,4000,500,0,,0.270312,Asian-Pac-Islander,0.372368,0.342206,0.219481,0.372368,0.21885,0.198654,adult_infeasible_fedavot_cvar_a0.20_g0.10_seed0.csv.gz
adult,infeasible,fedavot_cvar,0.20,0.10,1,4000,500,0,,0.271208,Asian-Pac-Islander,0.368196,0.343231,0.216222,0.368196,0.221012,0.207379,adult_infeasible_fedavot_cvar_a0.20_g0.10_seed1.csv.gz
adult,infeasible,fedavot_cvar,0.20,0.10,2,4000,500,0,,0.275725,Asian-Pac-Islander,0.372164,0.343334,0.21776,0.372164,0.225029,0.220336,adult_infeasible_fedavot_cvar_a0.20_g0.10_seed2.csv.gz
adult,infeasible,fedavot_cvar,0.20,0.10,3,4000,500,0,,0.272508,Asian-Pac-Islander,0.36923,0.342994,0.21796,0.36923,0.220473,0.211883,adult_infeasible_fedavot_cvar_a0.20_g0.10_seed3.csv.gz
adult,infeasible,fedavot_cvar,0.20,0.10,4,4000,500,0,,0.270324,Asian-Pac-Islander,0.370527,0.34274,0.217313,0.370527,0.214587,0.206454,adult_infeasible_fedavot_cvar_a0.20_g0.10_seed4.csv.gz
adult,infeasible,fedavot_cvar,0.20,0.20,0,4000,500,0,,0.257463,Asian-Pac-Islander,0.371028,0.341387,0.215263,0.371028,0.207546,0.152088,adult_infeasible_fedavot_cvar_a0.20_g0.20_seed0.csv.gz
adult,infeasible,fedavot_cvar,0.20,0.20,1,4000,500,0,,0.259062,Asian-Pac-Islander,0.367525,0.342563,0.211662,0.367525,0.208473,0.165088,adult_infeasible_fedavot_cvar_a0.20_g0.20_seed1.csv.gz
adult,infeasible,fedavot_cvar,0.20,0.20,2,4000,500,0,,0.262952,Asian-Pac-Islander,0.370989,0.342427,0.213833,0.370989,0.212878,0.174633,adult_infeasible_fedavot_cvar_a0.20_g0.20_seed2.csv.gz
adult,infeasible,fedavot_cvar,0.20,0.20,3,4000,500,0,,0.260951,Asian-Pac-Islander,0.368408,0.342,0.213316,0.368408,0.208017,0.173013,adult_infeasible_fedavot_cvar_a0.20_g0.20_seed3.csv.gz
adult,infeasible,fedavot_cvar,0.20,0.20,4,4000,500,0,,0.259721,Asian-Pac-Islander,0.369463,0.342056,0.213443,0.369463,0.20438,0.169264,adult_infeasible_fedavot_cvar_a0.20_g0.20_seed4.csv.gz
adult,infeasible,fedavot_cvar,0.20,0.30,0,4000,500,0,,0.250196,Asian-Pac-Islander,0.3693,0.340559,0.211998,0.3693,0.201453,0.12767,adult_infeasible_fedavot_cvar_a0.20_g0.30_seed0.csv.gz
adult,infeasible,fedavot_cvar,0.20,0.30,1,4000,500,0,,0.251261,Asian-Pac-Islander,0.366333,0.341919,0.208198,0.366333,0.202297,0.137557,adult_infeasible_fedavot_cvar_a0.20_g0.30_seed1.csv.gz
adult,infeasible,fedavot_cvar,0.20,0.30,2,4000,500,0,,0.254708,Asian-Pac-Islander,0.369379,0.341453,0.210561,0.369379,0.205865,0.146284,adult_infeasible_fedavot_cvar_a0.20_g0.30_seed2.csv.gz
adult,infeasible,fedavot_cvar,0.20,0.30,3,4000,500,0,,0.253023,Asian-Pac-Islander,0.367836,0.341042,0.209774,0.367836,0.201638,0.144823,adult_infeasible_fedavot_cvar_a0.20_g0.30_seed3.csv.gz
adult,infeasible,fedavot_cvar,0.20,0.30,4,4000,500,0,,0.251987,Asian-Pac-Islander,0.36829,0.341069,0.210398,0.36829,0.199124,0.141052,adult_infeasible_fedavot_cvar_a0.20_g0.30_seed4.csv.gz
adult,infeasible,fedavot_cvar,0.20,0.40,0,4000,500,0,,0.244886,Asian-Pac-Islander,0.367713,0.33962,0.208861,0.367713,0.196956,0.111277,adult_infeasible_fedavot_cvar_a0.20_g0.40_seed0.csv.gz
adult,infeasible,fedavot_cvar,0.20,0.40,1,4000,500,0,,0.245772,Asian-Pac-Islander,0.364307,0.341283,0.205097,0.364307,0.197351,0.120821,adult_infeasible_fedavot_cvar_a0.20_g0.40_seed1.csv.gz
adult,infeasible,fedavot_cvar,0.20,0.40,2,4000,500,0,,0.248743,Asian-Pac-Islander,0.3675,0.340461,0.207374,0.3675,0.200755,0.127626,adult_infeasible_fedavot_cvar_a0.20_g0.40_seed2.csv.gz
adult,infeasible,fedavot_cvar,0.20,0.40,3,4000,500,0,,0.247244,Asian-Pac-Islander,0.366473,0.340091,0.206374,0.366473,0.196534,0.12675,adult_infeasible_fedavot_cvar_a0.20_g0.40_seed3.csv.gz
adult,infeasible,fedavot_cvar,0.20,0.40,4,4000,500,0,,0.246397,Asian-Pac-Islander,0.366824,0.340127,0.20724,0.366824,0.194282,0.123514,adult_infeasible_fedavot_cvar_a0.20_g0.40_seed4.csv.gz
adult,infeasible,fedavot_cvar,0.20,0.50,0,4000,500,0,,0.240747,Asian-Pac-Islander,0.365888,0.338742,0.205134,0.365888,0.192857,0.101111,adult_infeasible_fedavot_cvar_a0.20_g0.50_seed0.csv.gz
adult,infeasible,fedavot_cvar,0.20,0.50,1,4000,500,0,,0.241435,Asian-Pac-Islander,0.362624,0.340427,0.201442,0.362624,0.193605,0.109077,adult_infeasible_fedavot_cvar_a0.20_g0.50_seed1.csv.gz
adult,infeasible,fedavot_cvar,0.20,0.50,2,4000,500,0,,0.24406,Asian-Pac-Islander,0.365363,0.339585,0.203792,0.365363,0.196497,0.115064,adult_infeasible_fedavot_cvar_a0.20_g0.50_seed2.csv.gz
adult,infeasible,fedavot_cvar,0.20,0.50,3,4000,500,0,,0.242655,Asian-Pac-Islander,0.365422,0.339094,0.202694,0.365422,0.192111,0.113952,adult_infeasible_fedavot_cvar_a0.20_g0.50_seed3.csv.gz
adult,infeasible,fedavot_cvar,0.20,0.50,4,4000,500,0,,0.241906,Asian-Pac-Islander,0.365344,0.339291,0.20375,0.365344,0.189859,0.111285,adult_infeasible_fedavot_cvar_a0.20_g0.50_seed4.csv.gz
adult,infeasible,fedavot_cvar,0.20,0.60,0,4000,500,0,,0.237091,Asian-Pac-Islander,0.364185,0.337976,0.201033,0.364185,0.189088,0.0931749,adult_infeasible_fedavot_cvar_a0.20_g0.60_seed0.csv.gz
adult,infeasible,fedavot_cvar,0.20,0.60,1,4000,500,0,,0.237632,Asian-Pac-Islander,0.361084,0.339696,0.19737,0.361084,0.189568,0.100442,adult_infeasible_fedavot_cvar_a0.20_g0.60_seed1.csv.gz
adult,infeasible,fedavot_cvar,0.20,0.60,2,4000,500,0,,0.239766,Asian-Pac-Islander,0.363242,0.338763,0.199827,0.363242,0.191894,0.105102,adult_infeasible_fedavot_cvar_a0.20_g0.60_seed2.csv.gz
adult,infeasible,fedavot_cvar,0.20,0.60,3,4000,500,0,,0.238782,Asian-Pac-Islander,0.364309,0.338355,0.198777,0.364309,0.188043,0.104427,adult_infeasible_fedavot_cvar_a0.20_g0.60_seed3.csv.gz
adult,infeasible,fedavot_cvar,0.20,0.60,4,4000,500,0,,0.237891,Asian-Pac-Islander,0.363693,0.338489,0.199885,0.363693,0.185383,0.102007,adult_infeasible_fedavot_cvar_a0.20_g0.60_seed4.csv.gz
adult,infeasible,fedavot_cvar,0.20,0.70,0,4000,500,0,,0.233963,Asian-Pac-Islander,0.363477,0.337293,0.19625,0.363477,0.185376,0.087418,adult_infeasible_fedavot_cvar_a0.20_g0.70_seed0.csv.gz
adult,infeasible,fedavot_cvar,0.20,0.70,1,4000,500,0,,0.234294,Asian-Pac-Islander,0.360103,0.339148,0.192765,0.360103,0.186143,0.0933091,adult_infeasible_fedavot_cvar_a0.20_g0.70_seed1.csv.gz
adult,infeasible,fedavot_cvar,0.20,0.70,2,4000,500,0,,0.236105,Asian-Pac-Islander,0.361975,0.338108,0.195506,0.361975,0.187854,0.0970842,adult_infeasible_fedavot_cvar_a0.20_g0.70_seed2.csv.gz
adult,infeasible,fedavot_cvar,0.20,0.70,3,4000,500,0,,0.235194,Asian-Pac-Islander,0.363841,0.337716,0.194324,0.363841,0.183951,0.0961375,adult_infeasible_fedavot_cvar_a0.20_g0.70_seed3.csv.gz
adult,infeasible,fedavot_cvar,0.20,0.70,4,4000,500,0,,0.23427,Asian-Pac-Islander,0.362487,0.33779,0.195607,0.362487,0.18107,0.0943954,adult_infeasible_fedavot_cvar_a0.20_g0.70_seed4.csv.gz
adult,infeasible,fedavot_cvar,0.20,0.80,0,4000,500,0,,0.231184,Asian-Pac-Islander,0.36404,0.336845,0.191267,0.36404,0.182211,0.0815594,adult_infeasible_fedavot_cvar_a0.20_g0.80_seed0.csv.gz
adult,infeasible,fedavot_cvar,0.20,0.80,1,4000,500,0,,0.231309,Asian-Pac-Islander,0.360244,0.338833,0.18787,0.360244,0.183022,0.0865772,adult_infeasible_fedavot_cvar_a0.20_g0.80_seed1.csv.gz
adult,infeasible,fedavot_cvar,0.20,0.80,2,4000,500,0,,0.232653,Asian-Pac-Islander,0.361807,0.337652,0.190676,0.361807,0.183696,0.089433,adult_infeasible_fedavot_cvar_a0.20_g0.80_seed2.csv.gz
adult,infeasible,fedavot_cvar,0.20,0.80,3,4000,500,0,,0.231927,Asian-Pac-Islander,0.364255,0.337412,0.189328,0.364255,0.179964,0.0886768,adult_infeasible_fedavot_cvar_a0.20_g0.80_seed3.csv.gz
adult,infeasible,fedavot_cvar,0.20,0.80,4,4000,500,0,,0.231187,Asian-Pac-Islander,0.362899,0.337393,0.190763,0.362899,0.177159,0.0877214,adult_infeasible_fedavot_cvar_a0.20_g0.80_seed4.csv.gz
adult,infeasible,fedavot_cvar,0.20,0.90,0,4000,500,0,,0.228879,Asian-Pac-Islander,0.366376,0.336967,0.185843,0.366376,0.179706,0.0755007,adult_infeasible_fedavot_cvar_a0.20_g0.90_seed0.csv.gz
adult,infeasible,fedavot_cvar,0.20,0.90,1,4000,500,0,,0.228719,Asian-Pac-Islander,0.362315,0.338993,0.18251,0.362315,0.179794,0.0799839,adult_infeasible_fedavot_cvar_a0.20_g0.90_seed1.csv.gz
adult,infeasible,fedavot_cvar,0.20,0.90,2,4000,500,0,,0.229935,Asian-Pac-Islander,0.363913,0.337506,0.185531,0.363913,0.180041,0.0826817,adult_infeasible_fedavot_cvar_a0.20_g0.90_seed2.csv.gz
adult,infeasible,fedavot_cvar,0.20,0.90,3,4000,500,0,,0.229288,Asian-Pac-Islander,0.365911,0.337698,0.183947,0.365911,0.17651,0.0823773,adult_infeasible_fedavot_cvar_a0.20_g0.90_seed3.csv.gz
adult,infeasible,fedavot_cvar,0.20,0.90,4,4000,500,0,,0.228536,Asian-Pac-Islander,0.364706,0.337568,0.185771,0.364706,0.173582,0.0810512,adult_infeasible_fedavot_cvar_a0.20_g0.90_seed4.csv.gz
adult,infeasible,fedavot_cvar,0.20,1.00,0,4000,500,0,,0.226952,Asian-Pac-Islander,0.369769,0.338347,0.180065,0.369769,0.178153,0.0684234,adult_infeasible_fedavot_cvar_a0.20_g1.00_seed0.csv.gz
adult,infeasible,fedavot_cvar,0.20,1.00,1,4000,500,0,,0.226419,Asian-Pac-Islander,0.365834,0.340192,0.176868,0.365834,0.176765,0.0724348,adult_infeasible_fedavot_cvar_a0.20_g1.00_seed1.csv.gz
adult,infeasible,fedavot_cvar,0.20,1.00,2,4000,500,0,,0.227829,Asian-Pac-Islander,0.367336,0.338472,0.180141,0.367336,0.177013,0.0761799,adult_infeasible_fedavot_cvar_a0.20_g1.00_seed2.csv.gz
adult,infeasible,fedavot_cvar,0.20,1.00,3,4000,500,0,,0.226943,Asian-Pac-Islander,0.368769,0.339339,0.178242,0.368769,0.173178,0.0751875,adult_infeasible_fedavot_cvar_a0.20_g1.00_seed3.csv.gz
adult,infeasible,fedavot_cvar,0.20,1.00,4,4000,500,0,,0.226336,Asian-Pac-Islander,0.367867,0.338931,0.180506,0.367867,0.170807,0.0735701,adult_infeasible_fedavot_cvar_a0.20_g1.00_seed4.csv.gz
adult,infeasible,fedavot_cvar,0.30,0.10,0,4000,500,0,,0.266352,Asian-Pac-Islander,0.369805,0.339766,0.218663,0.369805,0.211695,0.191829,adult_infeasible_fedavot_cvar_a0.30_g0.10_seed0.csv.gz
adult,infeasible,fedavot_cvar,0.30,0.10,1,4000,500,0,,0.268553,Asian-Pac-Islander,0.366013,0.341663,0.215489,0.366013,0.217177,0.202421,adult_infeasible_fedavot_cvar_a0.30_g0.10_seed1.csv.gz
adult,infeasible,fedavot_cvar,0.30,0.10,2,4000,500,0,,0.273434,Asian-Pac-Islander,0.369316,0.340971,0.217034,0.369316,0.2203,0.21955,adult_infeasible_fedavot_cvar_a0.30_g0.10_seed2.csv.gz
adult,infeasible,fedavot_cvar,0.30,0.10,3,4000,500,0,,0.26915,Asian-Pac-Islander,0.366472,0.34068,0.216249,0.366472,0.21437,0.207979,adult_infeasible_fedavot_cvar_a0.30_g0.10_seed3.csv.gz
adult,infeasible,fedavot_cvar,0.30,0.10,4,4000,500,0,,0.268705,Asian-Pac-Islander,0.366714,0.340511,0.215863,0.366714,0.208998,0.211437,adult_infeasible_fedavot_cvar_a0.30_g0.10_seed4.csv.gz
adult,infeasible,fedavot_cvar,0.30,0.20,0,4000,500,0,,0.254297,Asian-Pac-Islander,0.369013,0.339038,0.213829,0.369013,0.201592,0.148014,adult_infeasible_fedavot_cvar_a0.30_g0.20_seed0.csv.gz
adult,infeasible,fedavot_cvar,0.30,0.20,1,4000,500,0,,0.257699,Asian-Pac-Islander,0.365213,0.340945,0.210467,0.365213,0.205605,0.166263,adult_infeasible_fedavot_cvar_a0.30_g0.20_seed1.csv.gz
adult,infeasible,fedavot_cvar,0.30,0.20,2,4000,500,0,,0.261052,Asian-Pac-Islander,0.368533,0.340113,0.212597,0.368533,0.207602,0.176415,adult_infeasible_fedavot_cvar_a0.30_g0.20_seed2.csv.gz
adult,infeasible,fedavot_cvar,0.30,0.20,3,4000,500,0,,0.259058,Asian-Pac-Islander,0.366265,0.340012,0.211509,0.366265,0.203458,0.174048,adult_infeasible_fedavot_cvar_a0.30_g0.20_seed3.csv.gz
adult,infeasible,fedavot_cvar,0.30,0.20,4,4000,500,0,,0.257334,Asian-Pac-Islander,0.366223,0.339694,0.211781,0.366223,0.198565,0.170407,adult_infeasible_fedavot_cvar_a0.30_g0.20_seed4.csv.gz
adult,infeasible,fedavot_cvar,0.30,0.30,0,4000,500,0,,0.247308,Asian-Pac-Islander,0.36807,0.338326,0.209966,0.36807,0.195956,0.124224,adult_infeasible_fedavot_cvar_a0.30_g0.30_seed0.csv.gz
adult,infeasible,fedavot_cvar,0.30,0.30,1,4000,500,0,,0.249927,Asian-Pac-Islander,0.364664,0.340159,0.206621,0.364664,0.198641,0.139552,adult_infeasible_fedavot_cvar_a0.30_g0.30_seed1.csv.gz
adult,infeasible,fedavot_cvar,0.30,0.30,2,4000,500,0,,0.252607,Asian-Pac-Islander,0.367336,0.339235,0.208823,0.367336,0.200848,0.146791,adult_infeasible_fedavot_cvar_a0.30_g0.30_seed2.csv.gz
adult,infeasible,fedavot_cvar,0.30,0.30,3,4000,500,0,,0.250895,Asian-Pac-Islander,0.366025,0.339161,0.207746,0.366025,0.196565,0.14498,adult_infeasible_fedavot_cvar_a0.30_g0.30_seed3.csv.gz
adult,infeasible,fedavot_cvar,0.30,0.30,4,4000,500,0,,0.249506,Asian-Pac-Islander,0.365408,0.338938,0.20867,0.365408,0.192782,0.14173,adult_infeasible_fedavot_cvar_a0.30_g0.30_seed4.csv.gz
adult,infeasible,fedavot_cvar,0.30,0.40,0,4000,500,0,,0.242641,Asian-Pac-Islander,0.367575,0.337594,0.206665,0.367575,0.192087,0.109284,adult_infeasible_fedavot_cvar_a0.30_g0.40_seed0.csv.gz
adult,infeasible,fedavot_cvar,0.30,0.40,1,4000,500,0,,0.244327,Asian-Pac-Islander,0.363734,0.33948,0.203214,0.363734,0.194228,0.120979,adult_infeasible_fedavot_cvar_a0.30_g0.40_seed1.csv.gz
adult,infeasible,fedavot_cvar,0.30,0.40,2,4000,500,0,,0.246767,Asian-Pac-Islander,0.36636,0.338473,0.205506,0.36636,0.195937,0.127556,adult_infeasible_fedavot_cvar_a0.30_g0.40_seed2.csv.gz
adult,infeasible,fedavot_cvar,0.30,0.40,3,4000,500,0,,0.245294,Asian-Pac-Islander,0.36545,0.338454,0.204129,0.36545,0.192285,0.126152,adult_infeasible_fedavot_cvar_a0.30_g0.40_seed3.csv.gz
adult,infeasible,fedavot_cvar,0.30,0.40,4,4000,500,0,,0.244086,Asian-Pac-Islander,0.364693,0.338281,0.205463,0.364693,0.188874,0.123121,adult_infeasible_fedavot_cvar_a0.30_g0.40_seed4.csv.gz
adult,infeasible,fedavot_cvar,0.30,0.50,0,4000,500,0,,0.239028,Asian-Pac-Islander,0.366818,0.336948,0.202917,0.366818,0.189385,0.0990716,adult_infeasible_fedavot_cvar_a0.30_g0.50_seed0.csv.gz
adult,infeasible,fedavot_cvar,0.30,0.50,1,4000,500,0,,0.240117,Asian-Pac-Islander,0.363047,0.338851,0.19944,0.363047,0.190792,0.108455,adult_infeasible_fedavot_cvar_a0.30_g0.50_seed1.csv.gz
adult,infeasible,fedavot_cvar,0.30,0.50,2,4000,500,0,,0.24221,Asian-Pac-Islander,0.365427,0.337754,0.201867,0.365427,0.19229,0.113711,adult_infeasible_fedavot_cvar_a0.30_g0.50_seed2.csv.gz
adult,infeasible,fedavot_cvar,0.30,0.50,3,4000,500,0,,0.240829,Asian-Pac-Islander,0.365257,0.337716,0.20042,0.365257,0.188904,0.111847,adult_infeasible_fedavot_cvar_a0.30_g0.50_seed3.csv.gz
adult,infeasible,fedavot_cvar,0.30,0.50,4,4000,500,0,,0.239762,Asian-Pac-Islander,0.363897,0.33769,0.202062,0.363897,0.185055,0.110108,adult_infeasible_fedavot_cvar_a0.30_g0.50_seed4.csv.gz
adult,infeasible,fedavot_cvar,0.30,0.60,0,4000,500,0,,0.235946,Asian-Pac-Islander,0.366192,0.336454,0.198978,0.366192,0.187109,0.0909967,adult_infeasible_fedavot_cvar_a0.30_g0.60_seed0.csv.gz
adult,infeasible,fedavot_cvar,0.30,0.60,1,4000,500,0,,0.236631,Asian-Pac-Islander,0.362124,0.338396,0.195564,0.362124,0.188068,0.0990057,adult_infeasible_fedavot_cvar_a0.30_g0.60_seed1.csv.gz
adult,infeasible,fedavot_cvar,0.30,0.60,2,4000,500,0,,0.238519,Asian-Pac-Islander,0.364811,0.337154,0.198151,0.364811,0.189319,0.103159,adult_infeasible_fedavot_cvar_a0.30_g0.60_seed2.csv.gz
adult,infeasible,fedavot_cvar,0.30,0.60,3,4000,500,0,,0.237126,Asian-Pac-Islander,0.365124,0.337208,0.196585,0.365124,0.185746,0.100966,adult_infeasible_fedavot_cvar_a0.30_g0.60_seed3.csv.gz
adult,infeasible,fedavot_cvar,0.30,0.60,4,4000,500,0,,0.236322,Asian-Pac-Islander,0.363426,0.337242,0.198392,0.363426,0.182416,0.100134,adult_infeasible_fedavot_cvar_a0.30_g0.60_seed4.csv.gz
adult,infeasible,fedavot_cvar,0.30,0.70,0,4000,500,0,,0.233315,Asian-Pac-Islander,0.366198,0.336182,0.194683,0.366198,0.185201,0.0843124,adult_infeasible_fedavot_cvar_a0.30_g0.70_seed0.csv.gz
adult,infeasible,fedavot_cvar,0.30,0.70,1,4000,500,0,,0.233627,Asian-Pac-Islander,0.361949,0.338124,0.191309,0.361949,0.18552,0.0912318,adult_infeasible_fedavot_cvar_a0.30_g0.70_seed1.csv.gz
adult,infeasible,fedavot_cvar,0.30,0.70,2,4000,500,0,,0.235273,Asian-Pac-Islander,0.364479,0.336812,0.194124,0.364479,0.186391,0.0945602,adult_infeasible_fedavot_cvar_a0.30_g0.70_seed2.csv.gz
adult,infeasible,fedavot_cvar,0.30,0.70,3,4000,500,0,,0.234075,Asian-Pac-Islander,0.365211,0.336962,0.192453,0.365211,0.182867,0.0928845,adult_infeasible_fedavot_cvar_a0.30_g0.70_seed3.csv.gz
adult,infeasible,fedavot_cvar,0.30,0.70,4,4000,500,0,,0.233233,Asian-Pac-Islander,0.363025,0.336968,0.194496,0.363025,0.179649,0.0920283,adult_infeasible_fedavot_cvar_a0.30_g0.70_seed4.csv.gz
adult,infeasible,fedavot_cvar,0.30,0.80,0,4000,500,0,,0.230993,Asian-Pac-Islander,0.366702,0.336272,0.190076,0.366702,0.183329,0.078586,adult_infeasible_fedavot_cvar_a0.30_g0.80_seed0.csv.gz
adult,infeasible,fedavot_cvar,0.30,0.80,1,4000,500,0,,0.230954,Asian-Pac-Islander,0.362446,0.338187,0.186697,0.362446,0.182995,0.084447,adult_infeasible_fedavot_cvar_a0.30_g0.80_seed1.csv.gz
adult,infeasible,fedavot_cvar,0.30,0.80,2,4000,500,0,,0.232491,Asian-Pac-Islander,0.36476,0.336762,0.189731,0.36476,0.183737,0.0874672,adult_infeasible_fedavot_cvar_a0.30_g0.80_seed2.csv.gz
adult,infeasible,fedavot_cvar,0.30,0.80,3,4000,500,0,,0.231432,Asian-Pac-Islander,0.365608,0.337091,0.188147,0.365608,0.17986,0.0864551,adult_infeasible_fedavot_cvar_a0.30_g0.80_seed3.csv.gz
adult,infeasible,fedavot_cvar,0.30,0.80,4,4000,500,0,,0.230605,Asian-Pac-Islander,0.363547,0.337027,0.190144,0.363547,0.177069,0.0852381,adult_infeasible_fedavot_cvar_a0.30_g0.80_seed4.csv.gz
adult,infeasible,fedavot_cvar,0.30,0.90,0,4000,500,0,,0.228754,Asian-Pac-Islander,0.367618,0.336929,0.185128,0.367618,0.180996,0.0730962,adult_infeasible_fedavot_cvar_a0.30_g0.90_seed0.csv.gz
adult,infeasible,fedavot_cvar,0.30,0.90,1,4000,500,0,,0.228437,Asian-Pac-Islander,0.363433,0.338836,0.181779,0.363433,0.179976,0.0781599,adult_infeasible_fedavot_cvar_a0.30_g0.90_seed1.csv.gz
adult,infeasible,fedavot_cvar,0.30,0.90,2,4000,500,0,,0.229992,Asian-Pac-Islander,0.365457,0.337269,0.184933,0.365457,0.180657,0.0816425,adult_infeasible_fedavot_cvar_a0.30_g0.90_seed2.csv.gz
adult,infeasible,fedavot_cvar,0.30,0.90,3,4000,500,0,,0.228942,Asian-Pac-Islander,0.36654,0.33787,0.183248,0.36654,0.176536,0.080516,adult_infeasible_fedavot_cvar_a0.30_g0.90_seed3.csv.gz
adult,infeasible,fedavot_cvar,0.30,0.90,4,4000,500,0,,0.228225,Asian-Pac-Islander,0.365122,0.337604,0.185361,0.365122,0.174128,0.0789106,adult_infeasible_fedavot_cvar_a0.30_g0.90_seed4.csv.gz
adult,infeasible,fedavot_cvar,0.30,1.00,0,4000,500,0,,0.226952,Asian-Pac-Islander,0.369769,0.338347,0.180065,0.369769,0.178153,0.0684234,adult_infeasible_fedavot_cvar_a0.30_g1.00_seed0.csv.gz
adult,infeasible,fedavot_cvar,0.30,1.00,1,4000,500,0,,0.226419,Asian-Pac-Islander,0.365834,0.340192,0.176868,0.365834,0.176765,0.0724348,adult_infeasible_fedavot_cvar_a0.30_g1.00_seed1.csv.gz
adult,infeasible,fedavot_cvar,0.30,1.00,2,4000,500,0,,0.227829,Asian-Pac-Islander,0.367336,0.338472,0.180141,0.367336,0.177013,0.0761799,adult_infeasible_fedavot_cvar_a0.30_g1.00_seed2.csv.gz
adult,infeasible,fedavot_cvar,0.30,1.00,3,4000,500,0,,0.226943,Asian-Pac-Islander,0.368769,0.339339,0.178242,0.368769,0.173178,0.0751875,adult_infeasible_fedavot_cvar_a0.30_g1.00_seed3.csv.gz
adult,infeasible,fedavot_cvar,0.30,1.00,4,4000,500,0,,0.226336,Asian-Pac-Islander,0.367867,0.338931,0.180506,0.367867,0.170807,0.0735701,adult_infeasible_fedavot_cvar_a0.30_g1.00_seed4.csv.gz
adult,infeasible,fedavot_cvar,0.40,0.10,0,4000,500,0,,0.263099,Asian-Pac-Islander,0.369975,0.337415,0.215645,0.369975,0.207151,0.185309,adult_infeasible_fedavot_cvar_a0.40_g0.10_seed0.csv.gz
adult,infeasible,fedavot_cvar,0.40,0.10,1,4000,500,0,,0.266912,Asian-Pac-Islander,0.365504,0.339236,0.213355,0.365504,0.214083,0.20238,adult_infeasible_fedavot_cvar_a0.40_g0.10_seed1.csv.gz
adult,infeasible,fedavot_cvar,0.40,0.10,2,4000,500,0,,0.270264,Asian-Pac-Islander,0.368022,0.338339,0.214947,0.368022,0.218117,0.211897,adult_infeasible_fedavot_cvar_a0.40_g0.10_seed2.csv.gz
adult,infeasible,fedavot_cvar,0.40,0.10,3,4000,500,0,,0.265779,Asian-Pac-Islander,0.367059,0.338115,0.212609,0.367059,0.211463,0.199647,adult_infeasible_fedavot_cvar_a0.40_g0.10_seed3.csv.gz
adult,infeasible,fedavot_cvar,0.40,0.10,4,4000,500,0,,0.264451,Asian-Pac-Islander,0.365307,0.338064,0.212147,0.365307,0.204964,0.201771,adult_infeasible_fedavot_cvar_a0.40_g0.10_seed4.csv.gz
adult,infeasible,fedavot_cvar,0.40,0.20,0,4000,500,0,,0.252557,Asian-Pac-Islander,0.369966,0.3369,0.210733,0.369966,0.198876,0.146309,adult_infeasible_fedavot_cvar_a0.40_g0.20_seed0.csv.gz
adult,infeasible,fedavot_cvar,0.40,0.20,1,4000,500,0,,0.255213,Asian-Pac-Islander,0.365133,0.338675,0.207478,0.365133,0.203262,0.161517,adult_infeasible_fedavot_cvar_a0.40_g0.20_seed1.csv.gz
adult,infeasible,fedavot_cvar,0.40,0.20,2,4000,500,0,,0.259537,Asian-Pac-Islander,0.368156,0.337708,0.210139,0.368156,0.20679,0.17489,adult_infeasible_fedavot_cvar_a0.40_g0.20_seed2.csv.gz
adult,infeasible,fedavot_cvar,0.40,0.20,3,4000,500,0,,0.256416,Asian-Pac-Islander,0.366929,0.337636,0.207978,0.366929,0.201701,0.167835,adult_infeasible_fedavot_cvar_a0.40_g0.20_seed3.csv.gz
adult,infeasible,fedavot_cvar,0.40,0.20,4,4000,500,0,,0.254621,Asian-Pac-Islander,0.36527,0.337537,0.20841,0.36527,0.196297,0.165589,adult_infeasible_fedavot_cvar_a0.40_g0.20_seed4.csv.gz
adult,infeasible,fedavot_cvar,0.40,0.30,0,4000,500,0,,0.245972,Asian-Pac-Islander,0.369694,0.336392,0.206753,0.369694,0.194386,0.122634,adult_infeasible_fedavot_cvar_a0.40_g0.30_seed0.csv.gz
adult,infeasible,fedavot_cvar,0.40,0.30,1,4000,500,0,,0.248228,Asian-Pac-Islander,0.365044,0.338217,0.203211,0.365044,0.197234,0.137435,adult_infeasible_fedavot_cvar_a0.40_g0.30_seed1.csv.gz
adult,infeasible,fedavot_cvar,0.40,0.30,2,4000,500,0,,0.251276,Asian-Pac-Islander,0.368181,0.337113,0.206208,0.368181,0.199951,0.144925,adult_infeasible_fedavot_cvar_a0.40_g0.30_seed2.csv.gz
adult,infeasible,fedavot_cvar,0.40,0.30,3,4000,500,0,,0.248659,Asian-Pac-Islander,0.36702,0.337121,0.204062,0.36702,0.19575,0.139343,adult_infeasible_fedavot_cvar_a0.40_g0.30_seed3.csv.gz
adult,infeasible,fedavot_cvar,0.40,0.30,4,4000,500,0,,0.247633,Asian-Pac-Islander,0.365109,0.33702,0.205062,0.365109,0.191474,0.139499,adult_infeasible_fedavot_cvar_a0.40_g0.30_seed4.csv.gz
adult,infeasible,fedavot_cvar,0.40,0.40,0,4000,500,0,,0.241403,Asian-Pac-Islander,0.369509,0.335988,0.203114,0.369509,0.191386,0.107015,adult_infeasible_fedavot_cvar_a0.40_g0.40_seed0.csv.gz
adult,infeasible,fedavot_cvar,0.40,0.40,1,4000,500,0,,0.243087,Asian-Pac-Islander,0.364816,0.337827,0.199611,0.364816,0.19332,0.119859,adult_infeasible_fedavot_cvar_a0.40_g0.40_seed1.csv.gz
adult,infeasible,fedavot_cvar,0.40,0.40,2,4000,500,0,,0.245396,Asian-Pac-Islander,0.367928,0.336658,0.202603,0.367928,0.195512,0.124276,adult_infeasible_fedavot_cvar_a0.40_g0.40_seed2.csv.gz
adult,infeasible,fedavot_cvar,0.40,0.40,3,4000,500,0,,0.243447,Asian-Pac-Islander,0.36697,0.336779,0.200543,0.36697,0.192022,0.120924,adult_infeasible_fedavot_cvar_a0.40_g0.40_seed3.csv.gz
adult,infeasible,fedavot_cvar,0.40,0.40,4,4000,500,0,,0.242576,Asian-Pac-Islander,0.36531,0.336618,0.202037,0.36531,0.188068,0.120846,adult_infeasible_fedavot_cvar_a0.40_g0.40_seed4.csv.gz
adult,infeasible,fedavot_cvar,0.40,0.50,0,4000,500,0,,0.237921,Asian-Pac-Islander,0.369306,0.33572,0.199545,0.369306,0.188932,0.0961011,adult_infeasible_fedavot_cvar_a0.40_g0.50_seed0.csv.gz
adult,infeasible,fedavot_cvar,0.40,0.50,1,4000,500,0,,0.239128,Asian-Pac-Islander,0.364784,0.337519,0.196082,0.364784,0.190409,0.106847,adult_infeasible_fedavot_cvar_a0.40_g0.50_seed1.csv.gz
adult,infeasible,fedavot_cvar,0.40,0.50,2,4000,500,0,,0.241234,Asian-Pac-Islander,0.36737,0.336297,0.199135,0.36737,0.192352,0.111019,adult_infeasible_fedavot_cvar_a0.40_g0.50_seed2.csv.gz
adult,infeasible,fedavot_cvar,0.40,0.50,3,4000,500,0,,0.239365,Asian-Pac-Islander,0.366975,0.336524,0.197038,0.366975,0.188802,0.107488,adult_infeasible_fedavot_cvar_a0.40_g0.50_seed3.csv.gz
adult,infeasible,fedavot_cvar,0.40,0.50,4,4000,500,0,,0.238702,Asian-Pac-Islander,0.365545,0.336337,0.1988,0.365545,0.185151,0.107675,adult_infeasible_fedavot_cvar_a0.40_g0.50_seed4.csv.gz
adult,infeasible,fedavot_cvar,0.40,0.60,0,4000,500,0,,0.235128,Asian-Pac-Islander,0.36902,0.335592,0.195974,0.36902,0.186909,0.0881428,adult_infeasible_fedavot_cvar_a0.40_g0.60_seed0.csv.gz
adult,infeasible,fedavot_cvar,0.40,0.60,1,4000,500,0,,0.235818,Asian-Pac-Islander,0.364492,0.337406,0.192517,0.364492,0.187667,0.0970062,adult_infeasible_fedavot_cvar_a0.40_g0.60_seed1.csv.gz
adult,infeasible,fedavot_cvar,0.40,0.60,2,4000,500,0,,0.237757,Asian-Pac-Islander,0.366892,0.336124,0.195674,0.366892,0.189417,0.100679,adult_infeasible_fedavot_cvar_a0.40_g0.60_seed2.csv.gz
adult,infeasible,fedavot_cvar,0.40,0.60,3,4000,500,0,,0.236237,Asian-Pac-Islander,0.367004,0.336458,0.193484,0.367004,0.185839,0.0984015,adult_infeasible_fedavot_cvar_a0.40_g0.60_seed3.csv.gz
adult,infeasible,fedavot_cvar,0.40,0.60,4,4000,500,0,,0.235517,Asian-Pac-Islander,0.365547,0.336225,0.195468,0.365547,0.182442,0.097903,adult_infeasible_fedavot_cvar_a0.40_g0.60_seed4.csv.gz
adult,infeasible,fedavot_cvar,0.40,0.70,0,4000,500,0,,0.232681,Asian-Pac-Islander,0.368551,0.335729,0.192267,0.368551,0.184972,0.0818878,adult_infeasible_fedavot_cvar_a0.40_g0.70_seed0.csv.gz
adult,infeasible,fedavot_cvar,0.40,0.70,1,4000,500,0,,0.232988,Asian-Pac-Islander,0.364164,0.33754,0.188831,0.364164,0.185248,0.0891552,adult_infeasible_fedavot_cvar_a0.40_g0.70_seed1.csv.gz
adult,infeasible,fedavot_cvar,0.40,0.70,2,4000,500,0,,0.234707,Asian-Pac-Islander,0.366476,0.33617,0.192053,0.366476,0.186493,0.0923403,adult_infeasible_fedavot_cvar_a0.40_g0.70_seed2.csv.gz
adult,infeasible,fedavot_cvar,0.40,0.70,3,4000,500,0,,0.233533,Asian-Pac-Islander,0.366906,0.336668,0.189769,0.366906,0.182994,0.0913265,adult_infeasible_fedavot_cvar_a0.40_g0.70_seed3.csv.gz
adult,infeasible,fedavot_cvar,0.40,0.70,4,4000,500,0,,0.232725,Asian-Pac-Islander,0.365513,0.336341,0.191965,0.365513,0.179833,0.0899711,adult_infeasible_fedavot_cvar_a0.40_g0.70_seed4.csv.gz
adult,infeasible,fedavot_cvar,0.40,0.80,0,4000,500,0,,0.230449,Asian-Pac-Islander,0.368425,0.336166,0.188378,0.368425,0.182944,0.0763325,adult_infeasible_fedavot_cvar_a0.40_g0.80_seed0.csv.gz
adult,infeasible,fedavot_cvar,0.40,0.80,1,4000,500,0,,0.230504,Asian-Pac-Islander,0.364031,0.33797,0.185054,0.364031,0.18269,0.0827752,adult_infeasible_fedavot_cvar_a0.40_g0.80_seed1.csv.gz
adult,infeasible,fedavot_cvar,0.40,0.80,2,4000,500,0,,0.232134,Asian-Pac-Islander,0.366253,0.336518,0.188236,0.366253,0.183631,0.0860296,adult_infeasible_fedavot_cvar_a0.40_g0.80_seed2.csv.gz
adult,infeasible,fedavot_cvar,0.40,0.80,3,4000,500,0,,0.231104,Asian-Pac-Islander,0.367116,0.337142,0.186006,0.367116,0.180003,0.0852533,adult_infeasible_fedavot_cvar_a0.40_g0.80_seed3.csv.gz
adult,infeasible,fedavot_cvar,0.40,0.80,4,4000,500,0,,0.230236,Asian-Pac-Islander,0.365696,0.336773,0.188336,0.365696,0.177058,0.0833189,adult_infeasible_fedavot_cvar_a0.40_g0.80_seed4.csv.gz
adult,infeasible,fedavot_cvar,0.40,0.90,0,4000,500,0,,0.228569,Asian-Pac-Islander,0.368627,0.337006,0.184317,0.368627,0.180817,0.0720786,adult_infeasible_fedavot_cvar_a0.40_g0.90_seed0.csv.gz
adult,infeasible,fedavot_cvar,0.40,0.90,1,4000,500,0,,0.228298,Asian-Pac-Islander,0.364397,0.338812,0.181084,0.364397,0.179953,0.0772448,adult_infeasible_fedavot_cvar_a0.40_g0.90_seed1.csv.gz
adult,infeasible,fedavot_cvar,0.40,0.90,2,4000,500,0,,0.229827,Asian-Pac-Islander,0.366329,0.337262,0.184219,0.366329,0.180576,0.0807471,adult_infeasible_fedavot_cvar_a0.40_g0.90_seed2.csv.gz
adult,infeasible,fedavot_cvar,0.40,0.90,3,4000,500,0,,0.228847,Asian-Pac-Islander,0.36756,0.337969,0.182246,0.36756,0.176746,0.0797132,adult_infeasible_fedavot_cvar_a0.40_g0.90_seed3.csv.gz
adult,infeasible,fedavot_cvar,0.40,0.90,4,4000,500,0,,0.228106,Asian-Pac-Islander,0.36634,0.337595,0.184553,0.36634,0.174065,0.0779777,adult_infeasible_fedavot_cvar_a0.40_g0.90_seed4.csv.gz
adult,infeasible,fedavot_cvar,0.40,1.00,0,4000,500,0,,0.226952,Asian-Pac-Islander,0.369769,0.338347,0.180065,0.369769,0.178153,0.0684234,adult_infeasible_fedavot_cvar_a0.40_g1.00_seed0.csv.gz
adult,infeasible,fedavot_cvar,0.40,1.00,1,4000,500,0,,0.226419,Asian-Pac-Islander,0.365834,0.340192,0.176868,0.365834,0.176765,0.0724348,adult_infeasible_fedavot_cvar_a0.40_g1.00_seed1.csv.gz
adult,infeasible,fedavot_cvar,0.40,1.00,2,4000,500,0,,0.227829,Asian-Pac-Islander,0.367336,0.338472,0.180141,0.367336,0.177013,0.0761799,adult_infeasible_fedavot_cvar_a0.40_g1.00_seed2.csv.gz
adult,infeasible,fedavot_cvar,0.40,1.00,3,4000,500,0,,0.226943,Asian-Pac-Islander,0.368769,0.339339,0.178242,0.368769,0.173178,0.0751875,adult_infeasible_fedavot_cvar_a0.40_g1.00_seed3.csv.gz
adult,infeasible,fedavot_cvar,0.40,1.00,4,4000,500,0,,0.226336,Asian-Pac-Islander,0.367867,0.338931,0.180506,0.367867,0.170807,0.0735701,adult_infeasible_fedavot_cvar_a0.40_g1.00_seed4.csv.gz
adult,infeasible,fedavot_cvar,0.50,0.10,0,4000,500,0,,0.260689,Asian-Pac-Islander,0.369989,0.335765,0.211399,0.369989,0.205875,0.180416,adult_infeasible_fedavot_cvar_a0.50_g0.10_seed0.csv.gz
adult,infeasible,fedavot_cvar,0.50,0.10,1,4000,500,0,,0.262414,Asian-Pac-Islander,0.365311,0.337372,0.209361,0.365311,0.209148,0.190877,adult_infeasible_fedavot_cvar_a0.50_g0.10_seed1.csv.gz
adult,infeasible,fedavot_cvar,0.50,0.10,2,4000,500,0,,0.267237,Asian-Pac-Islander,0.368459,0.336345,0.211012,0.368459,0.216879,0.203488,adult_infeasible_fedavot_cvar_a0.50_g0.10_seed2.csv.gz
adult,infeasible,fedavot_cvar,0.50,0.10,3,4000,500,0,,0.261958,Asian-Pac-Islander,0.367707,0.336314,0.207815,0.367707,0.20869,0.189262,adult_infeasible_fedavot_cvar_a0.50_g0.10_seed3.csv.gz
adult,infeasible,fedavot_cvar,0.50,0.10,4,4000,500,0,,0.261452,Asian-Pac-Islander,0.365757,0.336359,0.207641,0.365757,0.203059,0.194444,adult_infeasible_fedavot_cvar_a0.50_g0.10_seed4.csv.gz
adult,infeasible,fedavot_cvar,0.50,0.20,0,4000,500,0,,0.250979,Asian-Pac-Islander,0.369793,0.335496,0.206661,0.369793,0.199076,0.143871,adult_infeasible_fedavot_cvar_a0.50_g0.20_seed0.csv.gz
adult,infeasible,fedavot_cvar,0.50,0.20,1,4000,500,0,,0.253902,Asian-Pac-Islander,0.365111,0.337146,0.203946,0.365111,0.201234,0.162075,adult_infeasible_fedavot_cvar_a0.50_g0.20_seed1.csv.gz
adult,infeasible,fedavot_cvar,0.50,0.20,2,4000,500,0,,0.25741,Asian-Pac-Islander,0.36845,0.336065,0.20616,0.36845,0.206487,0.169886,adult_infeasible_fedavot_cvar_a0.50_g0.20_seed2.csv.gz
adult,infeasible,fedavot_cvar,0.50,0.20,3,4000,500,0,,0.253684,Asian-Pac-Islander,0.367577,0.336122,0.203308,0.367577,0.200699,0.160715,adult_infeasible_fedavot_cvar_a0.50_g0.20_seed3.csv.gz
adult,infeasible,fedavot_cvar,0.50,0.20,4,4000,500,0,,0.252682,Asian-Pac-Islander,0.365676,0.336121,0.204096,0.365676,0.195782,0.161734,adult_infeasible_fedavot_cvar_a0.50_g0.20_seed4.csv.gz
adult,infeasible,fedavot_cvar,0.50,0.30,0,4000,500,0,,0.244903,Asian-Pac-Islander,0.369748,0.335344,0.202959,0.369748,0.194685,0.121782,adult_infeasible_fedavot_cvar_a0.50_g0.30_seed0.csv.gz
adult,infeasible,fedavot_cvar,0.50,0.30,1,4000,500,0,,0.24671,Asian-Pac-Islander,0.36516,0.337027,0.199681,0.36516,0.195863,0.135817,adult_infeasible_fedavot_cvar_a0.50_g0.30_seed1.csv.gz
adult,infeasible,fedavot_cvar,0.50,0.30,2,4000,500,0,,0.249749,Asian-Pac-Islander,0.368453,0.335884,0.202578,0.368453,0.199924,0.141907,adult_infeasible_fedavot_cvar_a0.50_g0.30_seed2.csv.gz
adult,infeasible,fedavot_cvar,0.50,0.30,3,4000,500,0,,0.24676,Asian-Pac-Islander,0.367674,0.335964,0.199805,0.367674,0.19522,0.135137,adult_infeasible_fedavot_cvar_a0.50_g0.30_seed3.csv.gz
adult,infeasible,fedavot_cvar,0.50,0.30,4,4000,500,0,,0.246227,Asian-Pac-Islander,0.365632,0.335971,0.20097,0.365632,0.191485,0.137075,adult_infeasible_fedavot_cvar_a0.50_g0.30_seed4.csv.gz
adult,infeasible,fedavot_cvar,0.50,0.40,0,4000,500,0,,0.240516,Asian-Pac-Islander,0.369515,0.33526,0.19947,0.369515,0.191819,0.106518,adult_infeasible_fedavot_cvar_a0.50_g0.40_seed0.csv.gz
adult,infeasible,fedavot_cvar,0.50,0.40,1,4000,500,0,,0.241762,Asian-Pac-Islander,0.364964,0.336997,0.195927,0.364964,0.192499,0.118424,adult_infeasible_fedavot_cvar_a0.50_g0.40_seed1.csv.gz
adult,infeasible,fedavot_cvar,0.50,0.40,2,4000,500,0,,0.244297,Asian-Pac-Islander,0.368364,0.335762,0.199274,0.368364,0.195546,0.122541,adult_infeasible_fedavot_cvar_a0.50_g0.40_seed2.csv.gz
adult,infeasible,fedavot_cvar,0.50,0.40,3,4000,500,0,,0.242132,Asian-Pac-Islander,0.367703,0.335936,0.196598,0.367703,0.191547,0.118874,adult_infeasible_fedavot_cvar_a0.50_g0.40_seed3.csv.gz
adult,infeasible,fedavot_cvar,0.50,0.40,4,4000,500,0,,0.241406,Asian-Pac-Islander,0.365614,0.335875,0.198143,0.365614,0.188308,0.119091,adult_infeasible_fedavot_cvar_a0.50_g0.40_seed4.csv.gz
adult,infeasible,fedavot_cvar,0.50,0.50,0,4000,500,0,,0.237261,Asian-Pac-Islander,0.36952,0.335321,0.196142,0.36952,0.189388,0.0959326,adult_infeasible_fedavot_cvar_a0.50_g0.50_seed0.csv.gz
adult,infeasible,fedavot_cvar,0.50,0.50,1,4000,500,0,,0.238025,Asian-Pac-Islander,0.365024,0.337064,0.192505,0.365024,0.189624,0.105909,adult_infeasible_fedavot_cvar_a0.50_g0.50_seed1.csv.gz
adult,infeasible,fedavot_cvar,0.50,0.50,2,4000,500,0,,0.240294,Asian-Pac-Islander,0.368211,0.335751,0.196104,0.368211,0.192124,0.109277,adult_infeasible_fedavot_cvar_a0.50_g0.50_seed2.csv.gz
adult,infeasible,fedavot_cvar,0.50,0.50,3,4000,500,0,,0.23859,Asian-Pac-Islander,0.367641,0.336001,0.193636,0.367641,0.188621,0.107051,adult_infeasible_fedavot_cvar_a0.50_g0.50_seed3.csv.gz
adult,infeasible,fedavot_cvar,0.50,0.50,4,4000,500,0,,0.237832,Asian-Pac-Islander,0.365897,0.335897,0.195343,0.365897,0.185428,0.106596,adult_infeasible_fedavot_cvar_a0.50_g0.50_seed4.csv.gz
adult,infeasible,fedavot_cvar,0.50,0.60,0,4000,500,0,,0.234582,Asian-Pac-Islander,0.369448,0.335496,0.192896,0.369448,0.187182,0.0878882,adult_infeasible_fedavot_cvar_a0.50_g0.60_seed0.csv.gz
adult,infeasible,fedavot_cvar,0.50,0.60,1,4000,500,0,,0.234963,Asian-Pac-Islander,0.365097,0.337259,0.189283,0.365097,0.186972,0.0962012,adult_infeasible_fedavot_cvar_a0.50_g0.60_seed1.csv.gz
adult,infeasible,fedavot_cvar,0.50,0.60,2,4000,500,0,,0.237072,Asian-Pac-Islander,0.367942,0.335864,0.192916,0.367942,0.189286,0.0993531,adult_infeasible_fedavot_cvar_a0.50_g0.60_seed2.csv.gz
adult,infeasible,fedavot_cvar,0.50,0.60,3,4000,500,0,,0.235703,Asian-Pac-Islander,0.367891,0.336187,0.190703,0.367891,0.18578,0.0979501,adult_infeasible_fedavot_cvar_a0.50_g0.60_seed3.csv.gz
adult,infeasible,fedavot_cvar,0.50,0.60,4,4000,500,0,,0.234918,Asian-Pac-Islander,0.366202,0.336049,0.192481,0.366202,0.182673,0.0971839,adult_infeasible_fedavot_cvar_a0.50_g0.60_seed4.csv.gz
adult,infeasible,fedavot_cvar,0.50,0.70,0,4000,500,0,,0.23227,Asian-Pac-Islander,0.369542,0.335823,0.189652,0.369542,0.184914,0.0814211,adult_infeasible_fedavot_cvar_a0.50_g0.70_seed0.csv.gz
adult,infeasible,fedavot_cvar,0.50,0.70,1,4000,500,0,,0.232417,Asian-Pac-Islander,0.365125,0.337588,0.186225,0.365125,0.184452,0.0886964,adult_infeasible_fedavot_cvar_a0.50_g0.70_seed1.csv.gz
adult,infeasible,fedavot_cvar,0.50,0.70,2,4000,500,0,,0.234388,Asian-Pac-Islander,0.367641,0.336113,0.189776,0.367641,0.186378,0.0920332,adult_infeasible_fedavot_cvar_a0.50_g0.70_seed2.csv.gz
adult,infeasible,fedavot_cvar,0.50,0.70,3,4000,500,0,,0.233185,Asian-Pac-Islander,0.367942,0.336554,0.187716,0.367942,0.182879,0.0908354,adult_infeasible_fedavot_cvar_a0.50_g0.70_seed3.csv.gz
adult,infeasible,fedavot_cvar,0.50,0.70,4,4000,500,0,,0.232415,Asian-Pac-Islander,0.366684,0.336379,0.189527,0.366684,0.179797,0.0896879,adult_infeasible_fedavot_cvar_a0.50_g0.70_seed4.csv.gz
adult,infeasible,fedavot_cvar,0.50,0.80,0,4000,500,0,,0.230332,Asian-Pac-Islander,0.36938,0.336367,0.186413,0.36938,0.18286,0.076637,adult_infeasible_fedavot_cvar_a0.50_g0.80_seed0.csv.gz
adult,infeasible,fedavot_cvar,0.50,0.80,1,4000,500,0,,0.230179,Asian-Pac-Islander,0.365134,0.338142,0.18317,0.365134,0.181971,0.0824787,adult_infeasible_fedavot_cvar_a0.50_g0.80_seed1.csv.gz
adult,infeasible,fedavot_cvar,0.50,0.80,2,4000,500,0,,0.232005,Asian-Pac-Islander,0.367456,0.336576,0.186636,0.367456,0.18338,0.0859756,adult_infeasible_fedavot_cvar_a0.50_g0.80_seed2.csv.gz
adult,infeasible,fedavot_cvar,0.50,0.80,3,4000,500,0,,0.230845,Asian-Pac-Islander,0.368055,0.337177,0.184576,0.368055,0.179664,0.0847531,adult_infeasible_fedavot_cvar_a0.50_g0.80_seed3.csv.gz
adult,infeasible,fedavot_cvar,0.50,0.80,4,4000,500,0,,0.230128,Asian-Pac-Islander,0.367093,0.336954,0.186395,0.367093,0.176711,0.0834849,adult_infeasible_fedavot_cvar_a0.50_g0.80_seed4.csv.gz
adult,infeasible,fedavot_cvar,0.50,0.90,0,4000,500,0,,0.228541,Asian-Pac-Islander,0.369419,0.337177,0.183217,0.369419,0.180595,0.072295,adult_infeasible_fedavot_cvar_a0.50_g0.90_seed0.csv.gz
adult,infeasible,fedavot_cvar,0.50,0.90,1,4000,500,0,,0.228178,Asian-Pac-Islander,0.365403,0.338994,0.17997,0.365403,0.179506,0.077015,adult_infeasible_fedavot_cvar_a0.50_g0.90_seed1.csv.gz
adult,infeasible,fedavot_cvar,0.50,0.90,2,4000,500,0,,0.229748,Asian-Pac-Islander,0.367266,0.337324,0.183431,0.367266,0.180323,0.0803979,adult_infeasible_fedavot_cvar_a0.50_g0.90_seed2.csv.gz
adult,infeasible,fedavot_cvar,0.50,0.90,3,4000,500,0,,0.228729,Asian-Pac-Islander,0.368322,0.338079,0.181347,0.368322,0.176488,0.0794106,adult_infeasible_fedavot_cvar_a0.50_g0.90_seed3.csv.gz
adult,infeasible,fedavot_cvar,0.50,0.90,4,4000,500,0,,0.228085,Asian-Pac-Islander,0.367289,0.337765,0.183411,0.367289,0.173821,0.0781388,adult_infeasible_fedavot_cvar_a0.50_g0.90_seed4.csv.gz
adult,infeasible,fedavot_cvar,0.50,1.00,0,4000,500,0,,0.226952,Asian-Pac-Islander,0.369769,0.338347,0.180065,0.369769,0.178153,0.0684234,adult_infeasible_fedavot_cvar_a0.50_g1.00_seed0.csv.gz
adult,infeasible,fedavot_cvar,0.50,1.00,1,4000,500,0,,0.226419,Asian-Pac-Islander,0.365834,0.340192,0.176868,0.365834,0.176765,0.0724348,adult_infeasible_fedavot_cvar_a0.50_g1.00_seed1.csv.gz
adult,infeasible,fedavot_cvar,0.50,1.00,2,4000,500,0,,0.227829,Asian-Pac-Islander,0.367336,0.338472,0.180141,0.367336,0.177013,0.0761799,adult_infeasible_fedavot_cvar_a0.50_g1.00_seed2.csv.gz
adult,infeasible,fedavot_cvar,0.50,1.00,3,4000,500,0,,0.226943,Asian-Pac-Islander,0.368769,0.339339,0.178242,0.368769,0.173178,0.0751875,adult_infeasible_fedavot_cvar_a0.50_g1.00_seed3.csv.gz
adult,infeasible,fedavot_cvar,0.50,1.00,4,4000,500,0,,0.226336,Asian-Pac-Islander,0.367867,0.338931,0.180506,0.367867,0.170807,0.0735701,adult_infeasible_fedavot_cvar_a0.50_g1.00_seed4.csv.gz
adult,infeasible,fedavot_cvar,0.60,0.10,0,4000,500,0,,0.257417,Asian-Pac-Islander,0.368579,0.335058,0.20608,0.368579,0.203323,0.174046,adult_infeasible_fedavot_cvar_a0.60_g0.10_seed0.csv.gz
adult,infeasible,fedavot_cvar,0.60,0.10,1,4000,500,0,,0.257918,Asian-Pac-Islander,0.363899,0.336433,0.202951,0.363899,0.20398,0.182325,adult_infeasible_fedavot_cvar_a0.60_g0.10_seed1.csv.gz
adult,infeasible,fedavot_cvar,0.60,0.10,2,4000,500,0,,0.261528,Asian-Pac-Islander,0.367217,0.335505,0.206025,0.367217,0.212242,0.186652,adult_infeasible_fedavot_cvar_a0.60_g0.10_seed2.csv.gz
adult,infeasible,fedavot_cvar,0.60,0.10,3,4000,500,0,,0.257772,Asian-Pac-Islander,0.367805,0.33544,0.202587,0.367805,0.203043,0.179985,adult_infeasible_fedavot_cvar_a0.60_g0.10_seed3.csv.gz
adult,infeasible,fedavot_cvar,0.60,0.10,4,4000,500,0,,0.256376,Asian-Pac-Islander,0.366862,0.335661,0.202262,0.366862,0.197343,0.179751,adult_infeasible_fedavot_cvar_a0.60_g0.10_seed4.csv.gz
adult,infeasible,fedavot_cvar,0.60,0.20,0,4000,500,0,,0.249455,Asian-Pac-Islander,0.368454,0.335063,0.201793,0.368454,0.1977,0.144268,adult_infeasible_fedavot_cvar_a0.60_g0.20_seed0.csv.gz
adult,infeasible,fedavot_cvar,0.60,0.20,1,4000,500,0,,0.25045,Asian-Pac-Islander,0.363897,0.336482,0.19874,0.363897,0.198267,0.154861,adult_infeasible_fedavot_cvar_a0.60_g0.20_seed1.csv.gz
adult,infeasible,fedavot_cvar,0.60,0.20,2,4000,500,0,,0.254368,Asian-Pac-Islander,0.367313,0.33546,0.201821,0.367313,0.204562,0.162682,adult_infeasible_fedavot_cvar_a0.60_g0.20_seed2.csv.gz
adult,infeasible,fedavot_cvar,0.60,0.20,3,4000,500,0,,0.251276,Asian-Pac-Islander,0.367626,0.335482,0.198938,0.367626,0.196885,0.157449,adult_infeasible_fedavot_cvar_a0.60_g0.20_seed3.csv.gz
adult,infeasible,fedavot_cvar,0.60,0.20,4,4000,500,0,,0.250246,Asian-Pac-Islander,0.366658,0.335661,0.199387,0.366658,0.192276,0.157248,adult_infeasible_fedavot_cvar_a0.60_g0.20_seed4.csv.gz
adult,infeasible,fedavot_cvar,0.60,0.30,0,4000,500,0,,0.243524,Asian-Pac-Islander,0.368302,0.335091,0.198652,0.368302,0.193645,0.121934,adult_infeasible_fedavot_cvar_a0.60_g0.30_seed0.csv.gz
adult,infeasible,fedavot_cvar,0.60,0.30,1,4000,500,0,,0.244942,Asian-Pac-Islander,0.363863,0.336625,0.195069,0.363863,0.194064,0.13509,adult_infeasible_fedavot_cvar_a0.60_g0.30_seed1.csv.gz
adult,infeasible,fedavot_cvar,0.60,0.30,2,4000,500,0,,0.247605,Asian-Pac-Islander,0.367275,0.335496,0.198392,0.367275,0.198657,0.138203,adult_infeasible_fedavot_cvar_a0.60_g0.30_seed2.csv.gz
adult,infeasible,fedavot_cvar,0.60,0.30,3,4000,500,0,,0.245337,Asian-Pac-Islander,0.367624,0.335582,0.195765,0.367624,0.192277,0.135437,adult_infeasible_fedavot_cvar_a0.60_g0.30_seed3.csv.gz
adult,infeasible,fedavot_cvar,0.60,0.30,4,4000,500,0,,0.244397,Asian-Pac-Islander,0.36636,0.335725,0.196685,0.36636,0.188676,0.134539,adult_infeasible_fedavot_cvar_a0.60_g0.30_seed4.csv.gz
adult,infeasible,fedavot_cvar,0.60,0.40,0,4000,500,0,,0.239404,Asian-Pac-Islander,0.368484,0.335264,0.195477,0.368484,0.190574,0.107221,adult_infeasible_fedavot_cvar_a0.60_g0.40_seed0.csv.gz
adult,infeasible,fedavot_cvar,0.60,0.40,1,4000,500,0,,0.240411,Asian-Pac-Islander,0.363865,0.336862,0.191838,0.363865,0.191016,0.118474,adult_infeasible_fedavot_cvar_a0.60_g0.40_seed1.csv.gz
adult,infeasible,fedavot_cvar,0.60,0.40,2,4000,500,0,,0.242692,Asian-Pac-Islander,0.367333,0.335634,0.195286,0.367333,0.194407,0.120799,adult_infeasible_fedavot_cvar_a0.60_g0.40_seed2.csv.gz
adult,infeasible,fedavot_cvar,0.60,0.40,3,4000,500,0,,0.240854,Asian-Pac-Islander,0.367444,0.335774,0.192921,0.367444,0.189009,0.119123,adult_infeasible_fedavot_cvar_a0.60_g0.40_seed3.csv.gz
adult,infeasible,fedavot_cvar,0.60,0.40,4,4000,500,0,,0.240083,Asian-Pac-Islander,0.366198,0.335874,0.194137,0.366198,0.185947,0.118259,adult_infeasible_fedavot_cvar_a0.60_g0.40_seed4.csv.gz
adult,infeasible,fedavot_cvar,0.60,0.50,0,4000,500,0,,0.236225,Asian-Pac-Islander,0.368623,0.335504,0.192521,0.368623,0.188155,0.0963236,adult_infeasible_fedavot_cvar_a0.60_g0.50_seed0.csv.gz
adult,infeasible,fedavot_cvar,0.60,0.50,1,4000,500,0,,0.236823,Asian-Pac-Islander,0.363831,0.337191,0.188933,0.363831,0.188487,0.105673,adult_infeasible_fedavot_cvar_a0.60_g0.50_seed1.csv.gz
adult,infeasible,fedavot_cvar,0.60,0.50,2,4000,500,0,,0.239064,Asian-Pac-Islander,0.367325,0.33583,0.192478,0.367325,0.191078,0.108611,adult_infeasible_fedavot_cvar_a0.60_g0.50_seed2.csv.gz
adult,infeasible,fedavot_cvar,0.60,0.50,3,4000,500,0,,0.237383,Asian-Pac-Islander,0.367356,0.336081,0.19011,0.367356,0.186174,0.107192,adult_infeasible_fedavot_cvar_a0.60_g0.50_seed3.csv.gz
adult,infeasible,fedavot_cvar,0.60,0.50,4,4000,500,0,,0.23673,Asian-Pac-Islander,0.366234,0.336107,0.191675,0.366234,0.183563,0.106069,adult_infeasible_fedavot_cvar_a0.60_g0.50_seed4.csv.gz
adult,infeasible,fedavot_cvar,0.60,0.60,0,4000,500,0,,0.233782,Asian-Pac-Islander,0.368736,0.335818,0.189783,0.368736,0.186112,0.0884591,adult_infeasible_fedavot_cvar_a0.60_g0.60_seed0.csv.gz
adult,infeasible,fedavot_cvar,0.60,0.60,1,4000,500,0,,0.233997,Asian-Pac-Islander,0.363921,0.337607,0.18618,0.363921,0.186119,0.0961583,adult_infeasible_fedavot_cvar_a0.60_g0.60_seed1.csv.gz
adult,infeasible,fedavot_cvar,0.60,0.60,2,4000,500,0,,0.236095,Asian-Pac-Islander,0.367288,0.336123,0.18978,0.367288,0.187913,0.0993726,adult_infeasible_fedavot_cvar_a0.60_g0.60_seed2.csv.gz
adult,infeasible,fedavot_cvar,0.60,0.60,3,4000,500,0,,0.234645,Asian-Pac-Islander,0.367368,0.336475,0.187498,0.367368,0.183688,0.0981955,adult_infeasible_fedavot_cvar_a0.60_g0.60_seed3.csv.gz
adult,infeasible,fedavot_cvar,0.60,0.60,4,4000,500,0,,0.233948,Asian-Pac-Islander,0.366318,0.336419,0.189303,0.366318,0.18114,0.0965614,adult_infeasible_fedavot_cvar_a0.60_g0.60_seed4.csv.gz
adult,infeasible,fedavot_cvar,0.60,0.70,0,4000,500,0,,0.23172,Asian-Pac-Islander,0.368968,0.336239,0.187117,0.368968,0.183946,0.0823298,adult_infeasible_fedavot_cvar_a0.60_g0.70_seed0.csv.gz
adult,infeasible,fedavot_cvar,0.60,0.70,1,4000,500,0,,0.231651,Asian-Pac-Islander,0.36415,0.338111,0.183554,0.36415,0.183788,0.0886497,adult_infeasible_fedavot_cvar_a0.60_g0.70_seed1.csv.gz
adult,infeasible,fedavot_cvar,0.60,0.70,2,4000,500,0,,0.23362,Asian-Pac-Islander,0.367221,0.336546,0.187178,0.367221,0.185027,0.0921288,adult_infeasible_fedavot_cvar_a0.60_g0.70_seed2.csv.gz
adult,infeasible,fedavot_cvar,0.60,0.70,3,4000,500,0,,0.232287,Asian-Pac-Islander,0.367602,0.336967,0.185043,0.367602,0.181189,0.0906349,adult_infeasible_fedavot_cvar_a0.60_g0.70_seed3.csv.gz
adult,infeasible,fedavot_cvar,0.60,0.70,4,4000,500,0,,0.231605,Asian-Pac-Islander,0.366547,0.336836,0.186992,0.366547,0.178639,0.0890123,adult_infeasible_fedavot_cvar_a0.60_g0.70_seed4.csv.gz
adult,infeasible,fedavot_cvar,0.60,0.80,0,4000,500,0,,0.229875,Asian-Pac-Islander,0.36917,0.336787,0.184576,0.36917,0.181971,0.0768708,adult_infeasible_fedavot_cvar_a0.60_g0.80_seed0.csv.gz
adult,infeasible,fedavot_cvar,0.60,0.80,1,4000,500,0,,0.229597,Asian-Pac-Islander,0.364572,0.33869,0.18108,0.364572,0.18129,0.082352,adult_infeasible_fedavot_cvar_a0.60_g0.80_seed1.csv.gz
adult,infeasible,fedavot_cvar,0.60,0.80,2,4000,500,0,,0.231377,Asian-Pac-Islander,0.367218,0.337056,0.184648,0.367218,0.182218,0.0857424,adult_infeasible_fedavot_cvar_a0.60_g0.80_seed2.csv.gz
adult,infeasible,fedavot_cvar,0.60,0.80,3,4000,500,0,,0.230247,Asian-Pac-Islander,0.367817,0.337603,0.182652,0.367817,0.178619,0.0845459,adult_infeasible_fedavot_cvar_a0.60_g0.80_seed3.csv.gz
adult,infeasible,fedavot_cvar,0.60,0.80,4,4000,500,0,,0.229628,Asian-Pac-Islander,0.366831,0.337353,0.184817,0.366831,0.176008,0.0831316,adult_infeasible_fedavot_cvar_a0.60_g0.80_seed4.csv.gz
adult,infeasible,fedavot_cvar,0.60,0.90,0,4000,500,0,,0.228275,Asian-Pac-Islander,0.369498,0.337471,0.1822,0.369498,0.179928,0.0722785,adult_infeasible_fedavot_cvar_a0.60_g0.90_seed0.csv.gz
adult,infeasible,fedavot_cvar,0.60,0.90,1,4000,500,0,,0.227847,Asian-Pac-Islander,0.365168,0.339363,0.178856,0.365168,0.17886,0.0769878,adult_infeasible_fedavot_cvar_a0.60_g0.90_seed1.csv.gz
adult,infeasible,fedavot_cvar,0.60,0.90,2,4000,500,0,,0.229427,Asian-Pac-Islander,0.367324,0.3377,0.182245,0.367324,0.179492,0.0803728,adult_infeasible_fedavot_cvar_a0.60_g0.90_seed2.csv.gz
adult,infeasible,fedavot_cvar,0.60,0.90,3,4000,500,0,,0.228448,Asian-Pac-Islander,0.368248,0.3384,0.180299,0.368248,0.175914,0.0793774,adult_infeasible_fedavot_cvar_a0.60_g0.90_seed3.csv.gz
adult,infeasible,fedavot_cvar,0.60,0.90,4,4000,500,0,,0.227849,Asian-Pac-Islander,0.36734,0.338027,0.18259,0.36734,0.173324,0.0779662,adult_infeasible_fedavot_cvar_a0.60_g0.90_seed4.csv.gz
adult,infeasible,fedavot_cvar,0.60,1.00,0,4000,500,0,,0.226952,Asian-Pac-Islander,0.369769,0.338347,0.180065,0.369769,0.178153,0.0684234,adult_infeasible_fedavot_cvar_a0.60_g1.00_seed0.csv.gz
adult,infeasible,fedavot_cvar,0.60,1.00,1,4000,500,0,,0.226419,Asian-Pac-Islander,0.365834,0.340192,0.176868,0.365834,0.176765,0.0724348,adult_infeasible_fedavot_cvar_a0.60_g1.00_seed1.csv.gz
adult,infeasible,fedavot_cvar,0.60,1.00,2,4000,500,0,,0.227829,Asian-Pac-Islander,0.367336,0.338472,0.180141,0.367336,0.177013,0.0761799,adult_infeasible_fedavot_cvar_a0.60_g1.00_seed2.csv.gz
adult,infeasible,fedavot_cvar,0.60,1.00,3,4000,500,0,,0.226943,Asian-Pac-Islander,0.368769,0.339339,0.178242,0.368769,0.173178,0.0751875,adult_infeasible_fedavot_cvar_a0.60_g1.00_seed3.csv.gz
adult,infeasible,fedavot_cvar,0.60,1.00,4,4000,500,0,,0.226336,Asian-Pac-Islander,0.367867,0.338931,0.180506,0.367867,0.170807,0.0735701,adult_infeasible_fedavot_cvar_a0.60_g1.00_seed4.csv.gz
adult,infeasible,fedavot_cvar,0.70,0.10,0,4000,500,0,,0.251728,Asian-Pac-Islander,0.368041,0.335059,0.198945,0.368041,0.195179,0.161416,adult_infeasible_fedavot_cvar_a0.70_g0.10_seed0.csv.gz
adult,infeasible,fedavot_cvar,0.70,0.10,1,4000,500,0,,0.251619,Asian-Pac-Islander,0.363511,0.336306,0.194922,0.363511,0.195192,0.168163,adult_infeasible_fedavot_cvar_a0.70_g0.10_seed1.csv.gz
adult,infeasible,fedavot_cvar,0.70,0.10,2,4000,500,0,,0.254357,Asian-Pac-Islander,0.36701,0.335233,0.199561,0.36701,0.198957,0.171022,adult_infeasible_fedavot_cvar_a0.70_g0.10_seed2.csv.gz
adult,infeasible,fedavot_cvar,0.70,0.10,3,4000,500,0,,0.251109,Asian-Pac-Islander,0.367516,0.335465,0.195673,0.367516,0.191714,0.165175,adult_infeasible_fedavot_cvar_a0.70_g0.10_seed3.csv.gz
adult,infeasible,fedavot_cvar,0.70,0.10,4,4000,500,0,,0.250996,Asian-Pac-Islander,0.367151,0.335582,0.196243,0.367151,0.189627,0.166378,adult_infeasible_fedavot_cvar_a0.70_g0.10_seed4.csv.gz
adult,infeasible,fedavot_cvar,0.70,0.20,0,4000,500,0,,0.246238,Asian-Pac-Islander,0.367878,0.335146,0.195955,0.367878,0.192405,0.139806,adult_infeasible_fedavot_cvar_a0.70_g0.20_seed0.csv.gz
adult,infeasible,fedavot_cvar,0.70,0.20,1,4000,500,0,,0.246542,Asian-Pac-Islander,0.363498,0.336507,0.192138,0.363498,0.19144,0.149127,adult_infeasible_fedavot_cvar_a0.70_g0.20_seed1.csv.gz
adult,infeasible,fedavot_cvar,0.70,0.20,2,4000,500,0,,0.249441,Asian-Pac-Islander,0.366829,0.335353,0.1965,0.366829,0.195696,0.152829,adult_infeasible_fedavot_cvar_a0.70_g0.20_seed2.csv.gz
adult,infeasible,fedavot_cvar,0.70,0.20,3,4000,500,0,,0.24703,Asian-Pac-Islander,0.36746,0.335619,0.193051,0.36746,0.188623,0.150398,adult_infeasible_fedavot_cvar_a0.70_g0.20_seed3.csv.gz
adult,infeasible,fedavot_cvar,0.70,0.20,4,4000,500,0,,0.246734,Asian-Pac-Islander,0.366945,0.335742,0.194116,0.366945,0.186576,0.150289,adult_infeasible_fedavot_cvar_a0.70_g0.20_seed4.csv.gz
adult,infeasible,fedavot_cvar,0.70,0.30,0,4000,500,0,,0.240994,Asian-Pac-Islander,0.367879,0.335312,0.193432,0.367879,0.189474,0.118876,adult_infeasible_fedavot_cvar_a0.70_g0.30_seed0.csv.gz
adult,infeasible,fedavot_cvar,0.70,0.30,1,4000,500,0,,0.242222,Asian-Pac-Islander,0.363474,0.336687,0.189669,0.363474,0.188981,0.132298,adult_infeasible_fedavot_cvar_a0.70_g0.30_seed1.csv.gz
adult,infeasible,fedavot_cvar,0.70,0.30,2,4000,500,0,,0.244936,Asian-Pac-Islander,0.366714,0.335574,0.193689,0.366714,0.192722,0.135981,adult_infeasible_fedavot_cvar_a0.70_g0.30_seed2.csv.gz
adult,infeasible,fedavot_cvar,0.70,0.30,3,4000,500,0,,0.243006,Asian-Pac-Islander,0.367384,0.335841,0.190702,0.367384,0.186252,0.134853,adult_infeasible_fedavot_cvar_a0.70_g0.30_seed3.csv.gz
adult,infeasible,fedavot_cvar,0.70,0.30,4,4000,500,0,,0.24222,Asian-Pac-Islander,0.366868,0.33595,0.192004,0.366868,0.183968,0.13231,adult_infeasible_fedavot_cvar_a0.70_g0.30_seed4.csv.gz
adult,infeasible,fedavot_cvar,0.70,0.40,0,4000,500,0,,0.237487,Asian-Pac-Islander,0.367884,0.335527,0.191088,0.367884,0.187417,0.105518,adult_infeasible_fedavot_cvar_a0.70_g0.40_seed0.csv.gz
adult,infeasible,fedavot_cvar,0.70,0.40,1,4000,500,0,,0.238198,Asian-Pac-Islander,0.363327,0.336983,0.187345,0.363327,0.186966,0.116369,adult_infeasible_fedavot_cvar_a0.70_g0.40_seed1.csv.gz
adult,infeasible,fedavot_cvar,0.70,0.40,2,4000,500,0,,0.24085,Asian-Pac-Islander,0.366569,0.335792,0.191216,0.366569,0.190025,0.120649,adult_infeasible_fedavot_cvar_a0.70_g0.40_seed2.csv.gz
adult,infeasible,fedavot_cvar,0.70,0.40,3,4000,500,0,,0.238905,Asian-Pac-Islander,0.367348,0.336117,0.188606,0.367348,0.183829,0.118627,adult_infeasible_fedavot_cvar_a0.70_g0.40_seed3.csv.gz
adult,infeasible,fedavot_cvar,0.70,0.40,4,4000,500,0,,0.23831,Asian-Pac-Islander,0.366722,0.336185,0.190116,0.366722,0.181844,0.11668,adult_infeasible_fedavot_cvar_a0.70_g0.40_seed4.csv.gz
adult,infeasible,fedavot_cvar,0.70,0.50,0,4000,500,0,,0.234846,Asian-Pac-Islander,0.367949,0.335796,0.188934,0.367949,0.185866,0.0956873,adult_infeasible_fedavot_cvar_a0.70_g0.50_seed0.csv.gz
adult,infeasible,fedavot_cvar,0.70,0.50,1,4000,500,0,,0.235097,Asian-Pac-Islander,0.363373,0.337333,0.185268,0.363373,0.185142,0.104369,adult_infeasible_fedavot_cvar_a0.70_g0.50_seed1.csv.gz
adult,infeasible,fedavot_cvar,0.70,0.50,2,4000,500,0,,0.237504,Asian-Pac-Islander,0.366376,0.336043,0.189072,0.366376,0.187348,0.10868,adult_infeasible_fedavot_cvar_a0.70_g0.50_seed2.csv.gz
adult,infeasible,fedavot_cvar,0.70,0.50,3,4000,500,0,,0.23587,Asian-Pac-Islander,0.36731,0.336431,0.186744,0.36731,0.18192,0.106943,adult_infeasible_fedavot_cvar_a0.70_g0.50_seed3.csv.gz
adult,infeasible,fedavot_cvar,0.70,0.50,4,4000,500,0,,0.235183,Asian-Pac-Islander,0.366598,0.336466,0.188383,0.366598,0.179974,0.104492,adult_infeasible_fedavot_cvar_a0.70_g0.50_seed4.csv.gz
adult,infeasible,fedavot_cvar,0.70,0.60,0,4000,500,0,,0.232663,Asian-Pac-Islander,0.368109,0.336139,0.186935,0.368109,0.184313,0.0878198,adult_infeasible_fedavot_cvar_a0.70_g0.60_seed0.csv.gz
adult,infeasible,fedavot_cvar,0.70,0.60,1,4000,500,0,,0.232691,Asian-Pac-Islander,0.363542,0.337736,0.183395,0.363542,0.183573,0.0952069,adult_infeasible_fedavot_cvar_a0.70_g0.60_seed1.csv.gz
adult,infeasible,fedavot_cvar,0.70,0.60,2,4000,500,0,,0.234803,Asian-Pac-Islander,0.366274,0.336377,0.187079,0.366274,0.185107,0.099177,adult_infeasible_fedavot_cvar_a0.70_g0.60_seed2.csv.gz
adult,infeasible,fedavot_cvar,0.70,0.60,3,4000,500,0,,0.233321,Asian-Pac-Islander,0.367331,0.336821,0.184936,0.367331,0.18018,0.097338,adult_infeasible_fedavot_cvar_a0.70_g0.60_seed3.csv.gz
adult,infeasible,fedavot_cvar,0.70,0.60,4,4000,500,0,,0.232757,Asian-Pac-Islander,0.366614,0.336814,0.186703,0.366614,0.177971,0.0956806,adult_infeasible_fedavot_cvar_a0.70_g0.60_seed4.csv.gz
adult,infeasible,fedavot_cvar,0.70,0.70,0,4000,500,0,,0.230866,Asian-Pac-Islander,0.368294,0.33656,0.185111,0.368294,0.182808,0.0815587,adult_infeasible_fedavot_cvar_a0.70_g0.70_seed0.csv.gz
adult,infeasible,fedavot_cvar,0.70,0.70,1,4000,500,0,,0.230672,Asian-Pac-Islander,0.363884,0.338216,0.181655,0.363884,0.181941,0.0876636,adult_infeasible_fedavot_cvar_a0.70_g0.70_seed1.csv.gz
adult,infeasible,fedavot_cvar,0.70,0.70,2,4000,500,0,,0.232542,Asian-Pac-Islander,0.366407,0.336781,0.185198,0.366407,0.182993,0.0913342,adult_infeasible_fedavot_cvar_a0.70_g0.70_seed2.csv.gz
adult,infeasible,fedavot_cvar,0.70,0.70,3,4000,500,0,,0.231287,Asian-Pac-Islander,0.367357,0.337302,0.183169,0.367357,0.178579,0.0900264,adult_infeasible_fedavot_cvar_a0.70_g0.70_seed3.csv.gz
adult,infeasible,fedavot_cvar,0.70,0.70,4,4000,500,0,,0.230779,Asian-Pac-Islander,0.366674,0.337214,0.185064,0.366674,0.17643,0.0885108,adult_infeasible_fedavot_cvar_a0.70_g0.70_seed4.csv.gz
adult,infeasible,fedavot_cvar,0.70,0.80,0,4000,500,0,,0.229365,Asian-Pac-Islander,0.368621,0.33706,0.183352,0.368621,0.181277,0.0765135,adult_infeasible_fedavot_cvar_a0.70_g0.80_seed0.csv.gz
adult,infeasible,fedavot_cvar,0.70,0.80,1,4000,500,0,,0.229042,Asian-Pac-Islander,0.364425,0.33878,0.179975,0.364425,0.180337,0.0816925,adult_infeasible_fedavot_cvar_a0.70_g0.80_seed1.csv.gz
adult,infeasible,fedavot_cvar,0.70,0.80,2,4000,500,0,,0.23068,Asian-Pac-Islander,0.366561,0.337254,0.183415,0.366561,0.181135,0.0850366,adult_infeasible_fedavot_cvar_a0.70_g0.80_seed2.csv.gz
adult,infeasible,fedavot_cvar,0.70,0.80,3,4000,500,0,,0.229604,Asian-Pac-Islander,0.367696,0.337868,0.181455,0.367696,0.176979,0.0840219,adult_infeasible_fedavot_cvar_a0.70_g0.80_seed3.csv.gz
adult,infeasible,fedavot_cvar,0.70,0.80,4,4000,500,0,,0.229041,Asian-Pac-Islander,0.366842,0.337707,0.183512,0.366842,0.174592,0.0825526,adult_infeasible_fedavot_cvar_a0.70_g0.80_seed4.csv.gz
adult,infeasible,fedavot_cvar,0.70,0.90,0,4000,500,0,,0.228038,Asian-Pac-Islander,0.3691,0.337656,0.181636,0.3691,0.179768,0.0720319,adult_infeasible_fedavot_cvar_a0.70_g0.90_seed0.csv.gz
adult,infeasible,fedavot_cvar,0.70,0.90,1,4000,500,0,,0.227606,Asian-Pac-Islander,0.365095,0.339446,0.178355,0.365095,0.178524,0.0766084,adult_infeasible_fedavot_cvar_a0.70_g0.90_seed1.csv.gz
adult,infeasible,fedavot_cvar,0.70,0.90,2,4000,500,0,,0.229138,Asian-Pac-Islander,0.366843,0.337815,0.18171,0.366843,0.179217,0.0801082,adult_infeasible_fedavot_cvar_a0.70_g0.90_seed2.csv.gz
adult,infeasible,fedavot_cvar,0.70,0.90,3,4000,500,0,,0.228161,Asian-Pac-Islander,0.368129,0.338548,0.179797,0.368129,0.175147,0.0791854,adult_infeasible_fedavot_cvar_a0.70_g0.90_seed3.csv.gz
adult,infeasible,fedavot_cvar,0.70,0.90,4,4000,500,0,,0.227542,Asian-Pac-Islander,0.367232,0.338271,0.18197,0.367232,0.172756,0.0774783,adult_infeasible_fedavot_cvar_a0.70_g0.90_seed4.csv.gz
adult,infeasible,fedavot_cvar,0.70,1.00,0,4000,500,0,,0.226952,Asian-Pac-Islander,0.369769,0.338347,0.180065,0.369769,0.178153,0.0684234,adult_infeasible_fedavot_cvar_a0.70_g1.00_seed0.csv.gz
adult,infeasible,fedavot_cvar,0.70,1.00,1,4000,500,0,,0.226419,Asian-Pac-Islander,0.365834,0.340192,0.176868,0.365834,0.176765,0.0724348,adult_infeasible_fedavot_cvar_a0.70_g1.00_seed1.csv.gz
adult,infeasible,fedavot_cvar,0.70,1.00,2,4000,500,0,,0.227829,Asian-Pac-Islander,0.367336,0.338472,0.180141,0.367336,0.177013,0.0761799,adult_infeasible_fedavot_cvar_a0.70_g1.00_seed2.csv.gz
adult,infeasible,fedavot_cvar,0.70,1.00,3,4000,500,0,,0.226943,Asian-Pac-Islander,0.368769,0.339339,0.178242,0.368769,0.173178,0.0751875,adult_infeasible_fedavot_cvar_a0.70_g1.00_seed3.csv.gz
adult,infeasible,fedavot_cvar,0.70,1.00,4,4000,500,0,,0.226336,Asian-Pac-Islander,0.367867,0.338931,0.180506,0.367867,0.170807,0.0735701,adult_infeasible_fedavot_cvar_a0.70_g1.00_seed4.csv.gz
adult,infeasible,fedavot_cvar,0.80,0.10,0,4000,500,0,,0.244318,Asian-Pac-Islander,0.368579,0.335221,0.190977,0.368579,0.184196,0.14262,adult_infeasible_fedavot_cvar_a0.80_g0.10_seed0.csv.gz
adult,infeasible,fedavot_cvar,0.80,0.10,1,4000,500,0,,0.243992,Asian-Pac-Islander,0.364841,0.336632,0.186643,0.364841,0.183699,0.148145,adult_infeasible_fedavot_cvar_a0.80_g0.10_seed1.csv.gz
adult,infeasible,fedavot_cvar,0.80,0.10,2,4000,500,0,,0.246443,Asian-Pac-Islander,0.367625,0.335354,0.191442,0.367625,0.185186,0.15261,adult_infeasible_fedavot_cvar_a0.80_g0.10_seed2.csv.gz
adult,infeasible,fedavot_cvar,0.80,0.10,3,4000,500,0,,0.244008,Asian-Pac-Islander,0.368012,0.335802,0.188038,0.368012,0.181095,0.147093,adult_infeasible_fedavot_cvar_a0.80_g0.10_seed3.csv.gz
adult,infeasible,fedavot_cvar,0.80,0.10,4,4000,500,0,,0.243733,Asian-Pac-Islander,0.368142,0.336099,0.189077,0.368142,0.178558,0.146786,adult_infeasible_fedavot_cvar_a0.80_g0.10_seed4.csv.gz
adult,infeasible,fedavot_cvar,0.80,0.20,0,4000,500,0,,0.240797,Asian-Pac-Islander,0.368455,0.335382,0.189615,0.368455,0.182773,0.127761,adult_infeasible_fedavot_cvar_a0.80_g0.20_seed0.csv.gz
adult,infeasible,fedavot_cvar,0.80,0.20,1,4000,500,0,,0.241082,Asian-Pac-Islander,0.364804,0.336873,0.18521,0.364804,0.182569,0.135957,adult_infeasible_fedavot_cvar_a0.80_g0.20_seed1.csv.gz
adult,infeasible,fedavot_cvar,0.80,0.20,2,4000,500,0,,0.243101,Asian-Pac-Islander,0.36744,0.335541,0.189915,0.36744,0.183753,0.138856,adult_infeasible_fedavot_cvar_a0.80_g0.20_seed2.csv.gz
adult,infeasible,fedavot_cvar,0.80,0.20,3,4000,500,0,,0.241309,Asian-Pac-Islander,0.368026,0.336032,0.186729,0.368026,0.179617,0.13614,adult_infeasible_fedavot_cvar_a0.80_g0.20_seed3.csv.gz
adult,infeasible,fedavot_cvar,0.80,0.20,4,4000,500,0,,0.24131,Asian-Pac-Islander,0.367987,0.33626,0.187963,0.367987,0.177515,0.136826,adult_infeasible_fedavot_cvar_a0.80_g0.20_seed4.csv.gz
adult,infeasible,fedavot_cvar,0.80,0.30,0,4000,500,0,,0.23763,Asian-Pac-Islander,0.368423,0.335598,0.188282,0.368423,0.181778,0.114072,adult_infeasible_fedavot_cvar_a0.80_g0.30_seed0.csv.gz
adult,infeasible,fedavot_cvar,0.80,0.30,1,4000,500,0,,0.237919,Asian-Pac-Islander,0.364801,0.337124,0.184029,0.364801,0.181353,0.12229,adult_infeasible_fedavot_cvar_a0.80_g0.30_seed1.csv.gz
adult,infeasible,fedavot_cvar,0.80,0.30,2,4000,500,0,,0.240123,Asian-Pac-Islander,0.367342,0.335736,0.18852,0.367342,0.182295,0.126722,adult_infeasible_fedavot_cvar_a0.80_g0.30_seed2.csv.gz
adult,infeasible,fedavot_cvar,0.80,0.30,3,4000,500,0,,0.238685,Asian-Pac-Islander,0.367961,0.336277,0.185514,0.367961,0.178814,0.124859,adult_infeasible_fedavot_cvar_a0.80_g0.30_seed3.csv.gz
adult,infeasible,fedavot_cvar,0.80,0.30,4,4000,500,0,,0.238144,Asian-Pac-Islander,0.36793,0.33645,0.187007,0.36793,0.176219,0.123114,adult_infeasible_fedavot_cvar_a0.80_g0.30_seed4.csv.gz
adult,infeasible,fedavot_cvar,0.80,0.40,0,4000,500,0,,0.234886,Asian-Pac-Islander,0.368511,0.335856,0.187009,0.368511,0.180775,0.10228,adult_infeasible_fedavot_cvar_a0.80_g0.40_seed0.csv.gz
adult,infeasible,fedavot_cvar,0.80,0.40,1,4000,500,0,,0.235196,Asian-Pac-Islander,0.364851,0.337424,0.182874,0.364851,0.18042,0.110409,adult_infeasible_fedavot_cvar_a0.80_g0.40_seed1.csv.gz
adult,infeasible,fedavot_cvar,0.80,0.40,2,4000,500,0,,0.237319,Asian-Pac-Islander,0.367254,0.335983,0.187193,0.367254,0.181207,0.114956,adult_infeasible_fedavot_cvar_a0.80_g0.40_seed2.csv.gz
adult,infeasible,fedavot_cvar,0.80,0.40,3,4000,500,0,,0.235893,Asian-Pac-Islander,0.368027,0.336551,0.184461,0.368027,0.177457,0.112972,adult_infeasible_fedavot_cvar_a0.80_g0.40_seed3.csv.gz
adult,infeasible,fedavot_cvar,0.80,0.40,4,4000,500,0,,0.235433,Asian-Pac-Islander,0.367868,0.33668,0.186041,0.367868,0.175325,0.111252,adult_infeasible_fedavot_cvar_a0.80_g0.40_seed4.csv.gz
adult,infeasible,fedavot_cvar,0.80,0.50,0,4000,500,0,,0.232775,Asian-Pac-Islander,0.368632,0.336153,0.185815,0.368632,0.179977,0.0932962,adult_infeasible_fedavot_cvar_a0.80_g0.50_seed0.csv.gz
adult,infeasible,fedavot_cvar,0.80,0.50,1,4000,500,0,,0.232927,Asian-Pac-Islander,0.364885,0.337772,0.181799,0.364885,0.17939,0.100787,adult_infeasible_fedavot_cvar_a0.80_g0.50_seed1.csv.gz
adult,infeasible,fedavot_cvar,0.80,0.50,2,4000,500,0,,0.234847,Asian-Pac-Islander,0.367143,0.336284,0.185879,0.367143,0.180435,0.104491,adult_infeasible_fedavot_cvar_a0.80_g0.50_seed2.csv.gz
adult,infeasible,fedavot_cvar,0.80,0.50,3,4000,500,0,,0.233589,Asian-Pac-Islander,0.368146,0.336876,0.18336,0.368146,0.176509,0.103056,adult_infeasible_fedavot_cvar_a0.80_g0.50_seed3.csv.gz
adult,infeasible,fedavot_cvar,0.80,0.50,4,4000,500,0,,0.233175,Asian-Pac-Islander,0.367794,0.336942,0.185084,0.367794,0.174542,0.101512,adult_infeasible_fedavot_cvar_a0.80_g0.50_seed4.csv.gz
adult,infeasible,fedavot_cvar,0.80,0.60,0,4000,500,0,,0.2311,Asian-Pac-Islander,0.368792,0.336482,0.18464,0.368792,0.179337,0.0862489,adult_infeasible_fedavot_cvar_a0.80_g0.60_seed0.csv.gz
adult,infeasible,fedavot_cvar,0.80,0.60,1,4000,500,0,,0.23103,Asian-Pac-Islander,0.364965,0.338163,0.18076,0.364965,0.178543,0.0927172,adult_infeasible_fedavot_cvar_a0.80_g0.60_seed1.csv.gz
adult,infeasible,fedavot_cvar,0.80,0.60,2,4000,500,0,,0.232815,Asian-Pac-Islander,0.367062,0.336629,0.184661,0.367062,0.179578,0.0961465,adult_infeasible_fedavot_cvar_a0.80_g0.60_seed2.csv.gz
adult,infeasible,fedavot_cvar,0.80,0.60,3,4000,500,0,,0.231636,Asian-Pac-Islander,0.368265,0.337246,0.182321,0.368265,0.175568,0.0947799,adult_infeasible_fedavot_cvar_a0.80_g0.60_seed3.csv.gz
adult,infeasible,fedavot_cvar,0.80,0.60,4,4000,500,0,,0.231285,Asian-Pac-Islander,0.367793,0.33723,0.184163,0.367793,0.173724,0.0935134,adult_infeasible_fedavot_cvar_a0.80_g0.60_seed4.csv.gz
adult,infeasible,fedavot_cvar,0.80,0.70,0,4000,500,0,,0.229694,Asian-Pac-Islander,0.36902,0.33685,0.183499,0.36902,0.178726,0.0803759,adult_infeasible_fedavot_cvar_a0.80_g0.70_seed0.csv.gz
adult,infeasible,fedavot_cvar,0.80,0.70,1,4000,500,0,,0.229514,Asian-Pac-Islander,0.365159,0.338572,0.179812,0.365159,0.177738,0.0862891,adult_infeasible_fedavot_cvar_a0.80_g0.70_seed1.csv.gz
adult,infeasible,fedavot_cvar,0.80,0.70,2,4000,500,0,,0.231249,Asian-Pac-Islander,0.367087,0.336997,0.183484,0.367087,0.178951,0.0897284,adult_infeasible_fedavot_cvar_a0.80_g0.70_seed2.csv.gz
adult,infeasible,fedavot_cvar,0.80,0.70,3,4000,500,0,,0.230112,Asian-Pac-Islander,0.368338,0.337672,0.181291,0.368338,0.174852,0.0884085,adult_infeasible_fedavot_cvar_a0.80_g0.70_seed3.csv.gz
adult,infeasible,fedavot_cvar,0.80,0.70,4,4000,500,0,,0.229741,Asian-Pac-Islander,0.36782,0.337561,0.183269,0.36782,0.172843,0.0872152,adult_infeasible_fedavot_cvar_a0.80_g0.70_seed4.csv.gz
adult,infeasible,fedavot_cvar,0.80,0.80,0,4000,500,0,,0.228588,Asian-Pac-Islander,0.36928,0.337278,0.182359,0.36928,0.178322,0.075703,adult_infeasible_fedavot_cvar_a0.80_g0.80_seed0.csv.gz
adult,infeasible,fedavot_cvar,0.80,0.80,1,4000,500,0,,0.228258,Asian-Pac-Islander,0.365368,0.33905,0.178821,0.365368,0.177179,0.0808717,adult_infeasible_fedavot_cvar_a0.80_g0.80_seed1.csv.gz
adult,infeasible,fedavot_cvar,0.80,0.80,2,4000,500,0,,0.229889,Asian-Pac-Islander,0.367162,0.337418,0.182347,0.367162,0.17829,0.0842295,adult_infeasible_fedavot_cvar_a0.80_g0.80_seed2.csv.gz
adult,infeasible,fedavot_cvar,0.80,0.80,3,4000,500,0,,0.228834,Asian-Pac-Islander,0.368446,0.338164,0.180267,0.368446,0.174105,0.0831885,adult_infeasible_fedavot_cvar_a0.80_g0.80_seed3.csv.gz
adult,infeasible,fedavot_cvar,0.80,0.80,4,4000,500,0,,0.228363,Asian-Pac-Islander,0.367858,0.337963,0.182338,0.367858,0.171971,0.081687,adult_infeasible_fedavot_cvar_a0.80_g0.80_seed4.csv.gz
adult,infeasible,fedavot_cvar,0.80,0.90,0,4000,500,0,,0.227649,Asian-Pac-Islander,0.36951,0.337783,0.181202,0.36951,0.178111,0.0716409,adult_infeasible_fedavot_cvar_a0.80_g0.90_seed0.csv.gz
adult,infeasible,fedavot_cvar,0.80,0.90,1,4000,500,0,,0.227209,Asian-Pac-Islander,0.365635,0.339586,0.177834,0.365635,0.176755,0.0762328,adult_infeasible_fedavot_cvar_a0.80_g0.90_seed1.csv.gz
adult,infeasible,fedavot_cvar,0.80,0.90,2,4000,500,0,,0.228756,Asian-Pac-Islander,0.367237,0.337915,0.181246,0.367237,0.177461,0.0799201,adult_infeasible_fedavot_cvar_a0.80_g0.90_seed2.csv.gz
adult,infeasible,fedavot_cvar,0.80,0.90,3,4000,500,0,,0.227783,Asian-Pac-Islander,0.368661,0.338708,0.179239,0.368661,0.173507,0.0788015,adult_infeasible_fedavot_cvar_a0.80_g0.90_seed3.csv.gz
adult,infeasible,fedavot_cvar,0.80,0.90,4,4000,500,0,,0.227233,Asian-Pac-Islander,0.367874,0.33841,0.18143,0.367874,0.171251,0.0772022,adult_infeasible_fedavot_cvar_a0.80_g0.90_seed4.csv.gz
adult,infeasible,fedavot_cvar,0.80,1.00,0,4000,500,0,,0.226952,Asian-Pac-Islander,0.369769,0.338347,0.180065,0.369769,0.178153,0.0684234,adult_infeasible_fedavot_cvar_a0.80_g1.00_seed0.csv.gz
adult,infeasible,fedavot_cvar,0.80,1.00,1,4000,500,0,,0.226419,Asian-Pac-Islander,0.365834,0.340192,0.176868,0.365834,0.176765,0.0724348,adult_infeasible_fedavot_cvar_a0.80_g1.00_seed1.csv.gz
adult,infeasible,fedavot_cvar,0.80,1.00,2,4000,500,0,,0.227829,Asian-Pac-Islander,0.367336,0.338472,0.180141,0.367336,0.177013,0.0761799,adult_infeasible_fedavot_cvar_a0.80_g1.00_seed2.csv.gz
adult,infeasible,fedavot_cvar,0.80,1.00,3,4000,500,0,,0.226943,Asian-Pac-Islander,0.368769,0.339339,0.178242,0.368769,0.173178,0.0751875,adult_infeasible_fedavot_cvar_a0.80_g1.00_seed3.csv.gz
adult,infeasible,fedavot_cvar,0.80,1.00,4,4000,500,0,,0.226336,Asian-Pac-Islander,0.367867,0.338931,0.180506,0.367867,0.170807,0.0735701,adult_infeasible_fedavot_cvar_a0.80_g1.00_seed4.csv.gz
adult,infeasible,fedavot_cvar,0.90,0.10,0,4000,500,0,,0.236409,Asian-Pac-Islander,0.368677,0.336578,0.183435,0.368677,0.178879,0.114474,adult_infeasible_fedavot_cvar_a0.90_g0.10_seed0.csv.gz
adult,infeasible,fedavot_cvar,0.90,0.10,1,4000,500,0,,0.237083,Asian-Pac-Islander,0.365113,0.338279,0.179772,0.365113,0.177911,0.124341,adult_infeasible_fedavot_cvar_a0.90_g0.10_seed1.csv.gz
adult,infeasible,fedavot_cvar,0.90,0.10,2,4000,500,0,,0.238848,Asian-Pac-Islander,0.36708,0.33673,0.183876,0.36708,0.17845,0.128103,adult_infeasible_fedavot_cvar_a0.90_g0.10_seed2.csv.gz
adult,infeasible,fedavot_cvar,0.90,0.10,3,4000,500,0,,0.237512,Asian-Pac-Islander,0.368035,0.337412,0.181447,0.368035,0.17426,0.126405,adult_infeasible_fedavot_cvar_a0.90_g0.10_seed3.csv.gz
adult,infeasible,fedavot_cvar,0.90,0.10,4,4000,500,0,,0.237311,Asian-Pac-Islander,0.36773,0.337278,0.18366,0.36773,0.171855,0.12603,adult_infeasible_fedavot_cvar_a0.90_g0.10_seed4.csv.gz
adult,infeasible,fedavot_cvar,0.90,0.20,0,4000,500,0,,0.234952,Asian-Pac-Islander,0.368681,0.336758,0.182946,0.368681,0.178782,0.107593,adult_infeasible_fedavot_cvar_a0.90_g0.20_seed0.csv.gz
adult,infeasible,fedavot_cvar,0.90,0.20,1,4000,500,0,,0.235567,Asian-Pac-Islander,0.365024,0.338474,0.179355,0.365024,0.177612,0.117372,adult_infeasible_fedavot_cvar_a0.90_g0.20_seed1.csv.gz
adult,infeasible,fedavot_cvar,0.90,0.20,2,4000,500,0,,0.237413,Asian-Pac-Islander,0.366988,0.336897,0.183372,0.366988,0.178074,0.121734,adult_infeasible_fedavot_cvar_a0.90_g0.20_seed2.csv.gz
adult,infeasible,fedavot_cvar,0.90,0.20,3,4000,500,0,,0.236022,Asian-Pac-Islander,0.367969,0.33759,0.181039,0.367969,0.173969,0.119541,adult_infeasible_fedavot_cvar_a0.90_g0.20_seed3.csv.gz
adult,infeasible,fedavot_cvar,0.90,0.20,4,4000,500,0,,0.235899,Asian-Pac-Islander,0.367589,0.337424,0.18325,0.367589,0.171564,0.11967,adult_infeasible_fedavot_cvar_a0.90_g0.20_seed4.csv.gz
adult,infeasible,fedavot_cvar,0.90,0.30,0,4000,500,0,,0.233433,Asian-Pac-Islander,0.368766,0.336927,0.18253,0.368766,0.178721,0.100221,adult_infeasible_fedavot_cvar_a0.90_g0.30_seed0.csv.gz
adult,infeasible,fedavot_cvar,0.90,0.30,1,4000,500,0,,0.234026,Asian-Pac-Islander,0.364986,0.338644,0.179024,0.364986,0.17738,0.110098,adult_infeasible_fedavot_cvar_a0.90_g0.30_seed1.csv.gz
adult,infeasible,fedavot_cvar,0.90,0.30,2,4000,500,0,,0.235745,Asian-Pac-Islander,0.366915,0.337069,0.182915,0.366915,0.177797,0.114031,adult_infeasible_fedavot_cvar_a0.90_g0.30_seed2.csv.gz
adult,infeasible,fedavot_cvar,0.90,0.30,3,4000,500,0,,0.234442,Asian-Pac-Islander,0.36796,0.337807,0.180587,0.36796,0.173729,0.112125,adult_infeasible_fedavot_cvar_a0.90_g0.30_seed3.csv.gz
adult,infeasible,fedavot_cvar,0.90,0.30,4,4000,500,0,,0.234205,Asian-Pac-Islander,0.367533,0.337575,0.182842,0.367533,0.171412,0.111664,adult_infeasible_fedavot_cvar_a0.90_g0.30_seed4.csv.gz
adult,infeasible,fedavot_cvar,0.90,0.40,0,4000,500,0,,0.232178,Asian-Pac-Islander,0.368778,0.337111,0.182141,0.368778,0.178562,0.0943002,adult_infeasible_fedavot_cvar_a0.90_g0.40_seed0.csv.gz
adult,infeasible,fedavot_cvar,0.90,0.40,1,4000,500,0,,0.232574,Asian-Pac-Islander,0.364967,0.338838,0.178687,0.364967,0.177171,0.103208,adult_infeasible_fedavot_cvar_a0.90_g0.40_seed1.csv.gz
adult,infeasible,fedavot_cvar,0.90,0.40,2,4000,500,0,,0.23411,Asian-Pac-Islander,0.366928,0.33724,0.182474,0.366928,0.177631,0.106279,adult_infeasible_fedavot_cvar_a0.90_g0.40_seed2.csv.gz
adult,infeasible,fedavot_cvar,0.90,0.40,3,4000,500,0,,0.233055,Asian-Pac-Islander,0.367969,0.338,0.180183,0.367969,0.173667,0.105457,adult_infeasible_fedavot_cvar_a0.90_g0.40_seed3.csv.gz
adult,infeasible,fedavot_cvar,0.90,0.40,4,4000,500,0,,0.232656,Asian-Pac-Islander,0.36748,0.337738,0.182476,0.36748,0.171307,0.104276,adult_infeasible_fedavot_cvar_a0.90_g0.40_seed4.csv.gz
adult,infeasible,fedavot_cvar,0.90,0.50,0,4000,500,0,,0.231026,Asian-Pac-Islander,0.368835,0.337298,0.181751,0.368835,0.178485,0.08876,adult_infeasible_fedavot_cvar_a0.90_g0.50_seed0.csv.gz
adult,infeasible,fedavot_cvar,0.90,0.50,1,4000,500,0,,0.231184,Asian-Pac-Islander,0.364996,0.339039,0.178346,0.364996,0.177083,0.0964567,adult_infeasible_fedavot_cvar_a0.90_g0.50_seed1.csv.gz
adult,infeasible,fedavot_cvar,0.90,0.50,2,4000,500,0,,0.232698,Asian-Pac-Islander,0.366976,0.337413,0.182051,0.366976,0.177527,0.0995212,adult_infeasible_fedavot_cvar_a0.90_g0.50_seed2.csv.gz
adult,infeasible,fedavot_cvar,0.90,0.50,3,4000,500,0,,0.231661,Asian-Pac-Islander,0.367997,0.338204,0.179813,0.367997,0.173663,0.0986273,adult_infeasible_fedavot_cvar_a0.90_g0.50_seed3.csv.gz
adult,infeasible,fedavot_cvar,0.90,0.50,4,4000,500,0,,0.231196,Asian-Pac-Islander,0.36747,0.33791,0.182129,0.36747,0.171215,0.0972574,adult_infeasible_fedavot_cvar_a0.90_g0.50_seed4.csv.gz
adult,infeasible,fedavot_cvar,0.90,0.60,0,4000,500,0,,0.229892,Asian-Pac-Islander,0.368947,0.337494,0.181382,0.368947,0.178479,0.0831566,adult_infeasible_fedavot_cvar_a0.90_g0.60_seed0.csv.gz
adult,infeasible,fedavot_cvar,0.90,0.60,1,4000,500,0,,0.230003,Asian-Pac-Islander,0.365058,0.339255,0.178008,0.365058,0.177078,0.0906177,adult_infeasible_fedavot_cvar_a0.90_g0.60_seed1.csv.gz
adult,infeasible,fedavot_cvar,0.90,0.60,2,4000,500,0,,0.231433,Asian-Pac-Islander,0.367035,0.337608,0.181627,0.367035,0.177398,0.0934956,adult_infeasible_fedavot_cvar_a0.90_g0.60_seed2.csv.gz
adult,infeasible,fedavot_cvar,0.90,0.60,3,4000,500,0,,0.23042,Asian-Pac-Islander,0.368081,0.338407,0.179481,0.368081,0.173624,0.0925036,adult_infeasible_fedavot_cvar_a0.90_g0.60_seed3.csv.gz
adult,infeasible,fedavot_cvar,0.90,0.60,4,4000,500,0,,0.229868,Asian-Pac-Islander,0.367479,0.338092,0.181787,0.367479,0.171145,0.0908349,adult_infeasible_fedavot_cvar_a0.90_g0.60_seed4.csv.gz
adult,infeasible,fedavot_cvar,0.90,0.70,0,4000,500,0,,0.228978,Asian-Pac-Islander,0.369092,0.337694,0.181032,0.369092,0.178455,0.0786144,adult_infeasible_fedavot_cvar_a0.90_g0.70_seed0.csv.gz
adult,infeasible,fedavot_cvar,0.90,0.70,1,4000,500,0,,0.228833,Asian-Pac-Islander,0.365191,0.339472,0.177705,0.365191,0.177045,0.0847524,adult_infeasible_fedavot_cvar_a0.90_g0.70_seed1.csv.gz
adult,infeasible,fedavot_cvar,0.90,0.70,2,4000,500,0,,0.23033,Asian-Pac-Islander,0.367074,0.337816,0.181223,0.367074,0.177317,0.0882208,adult_infeasible_fedavot_cvar_a0.90_g0.70_seed2.csv.gz
adult,infeasible,fedavot_cvar,0.90,0.70,3,4000,500,0,,0.229318,Asian-Pac-Islander,0.368188,0.338627,0.179138,0.368188,0.173572,0.0870655,adult_infeasible_fedavot_cvar_a0.90_g0.70_seed3.csv.gz
adult,infeasible,fedavot_cvar,0.90,0.70,4,4000,500,0,,0.228727,Asian-Pac-Islander,0.367503,0.338294,0.181439,0.367503,0.171082,0.0853167,adult_infeasible_fedavot_cvar_a0.90_g0.70_seed4.csv.gz
adult,infeasible,fedavot_cvar,0.90,0.80,0,4000,500,0,,0.228164,Asian-Pac-Islander,0.369274,0.337903,0.180699,0.369274,0.178418,0.0745278,adult_infeasible_fedavot_cvar_a0.90_g0.80_seed0.csv.gz
adult,infeasible,fedavot_cvar,0.90,0.80,1,4000,500,0,,0.227889,Asian-Pac-Islander,0.365363,0.339696,0.177419,0.365363,0.177004,0.0799636,adult_infeasible_fedavot_cvar_a0.90_g0.80_seed1.csv.gz
adult,infeasible,fedavot_cvar,0.90,0.80,2,4000,500,0,,0.229349,Asian-Pac-Islander,0.367131,0.338026,0.180848,0.367131,0.177206,0.0835363,adult_infeasible_fedavot_cvar_a0.90_g0.80_seed2.csv.gz
adult,infeasible,fedavot_cvar,0.90,0.80,3,4000,500,0,,0.228368,Asian-Pac-Islander,0.368337,0.338858,0.178816,0.368337,0.173478,0.0823523,adult_infeasible_fedavot_cvar_a0.90_g0.80_seed3.csv.gz
adult,infeasible,fedavot_cvar,0.90,0.80,4,4000,500,0,,0.227792,Asian-Pac-Islander,0.367571,0.338502,0.181105,0.367571,0.171024,0.0807594,adult_infeasible_fedavot_cvar_a0.90_g0.80_seed4.csv.gz
adult,infeasible,fedavot_cvar,0.90,0.90,0,4000,500,0,,0.227494,Asian-Pac-Islander,0.369496,0.338126,0.180359,0.369496,0.178331,0.0711569,adult_infeasible_fedavot_cvar_a0.90_g0.90_seed0.csv.gz
adult,infeasible,fedavot_cvar,0.90,0.90,1,4000,500,0,,0.227045,Asian-Pac-Islander,0.365586,0.339939,0.17713,0.365586,0.176947,0.0756248,adult_infeasible_fedavot_cvar_a0.90_g0.90_seed1.csv.gz
adult,infeasible,fedavot_cvar,0.90,0.90,2,4000,500,0,,0.228491,Asian-Pac-Islander,0.367223,0.338247,0.180474,0.367223,0.177119,0.0793926,adult_infeasible_fedavot_cvar_a0.90_g0.90_seed2.csv.gz
adult,infeasible,fedavot_cvar,0.90,0.90,3,4000,500,0,,0.227561,Asian-Pac-Islander,0.368533,0.339098,0.178503,0.368533,0.173339,0.0783302,adult_infeasible_fedavot_cvar_a0.90_g0.90_seed3.csv.gz
adult,infeasible,fedavot_cvar,0.90,0.90,4,4000,500,0,,0.226961,Asian-Pac-Islander,0.36768,0.338722,0.180775,0.36768,0.170948,0.0766822,adult_infeasible_fedavot_cvar_a0.90_g0.90_seed4.csv.gz
adult,infeasible,fedavot_cvar,0.90,1.00,0,4000,500,0,,0.226952,Asian-Pac-Islander,0.369769,0.338347,0.180065,0.369769,0.178153,0.0684234,adult_infeasible_fedavot_cvar_a0.90_g1.00_seed0.csv.gz
adult,infeasible,fedavot_cvar,0.90,1.00,1,4000,500,0,,0.226419,Asian-Pac-Islander,0.365834,0.340192,0.176868,0.365834,0.176765,0.0724348,adult_infeasible_fedavot_cvar_a0.90_g1.00_seed1.csv.gz
adult,infeasible,fedavot_cvar,0.90,1.00,2,4000,500,0,,0.227829,Asian-Pac-Islander,0.367336,0.338472,0.180141,0.367336,0.177013,0.0761799,adult_infeasible_fedavot_cvar_a0.90_g1.00_seed2.csv.gz
adult,infeasible,fedavot_cvar,0.90,1.00,3,4000,500,0,,0.226943,Asian-Pac-Islander,0.368769,0.339339,0.178242,0.368769,0.173178,0.0751875,adult_infeasible_fedavot_cvar_a0.90_g1.00_seed3.csv.gz
adult,infeasible,fedavot_cvar,0.90,1.00,4,4000,500,0,,0.226336,Asian-Pac-Islander,0.367867,0.338931,0.180506,0.367867,0.170807,0.0735701,adult_infeasible_fedavot_cvar_a0.90_g1.00_seed4.csv.gz
adult,infeasible,fedavot_cvar,1.00,0.10,0,4000,500,0,,0.226952,Asian-Pac-Islander,0.369769,0.338347,0.180065,0.369769,0.178153,0.0684234,adult_infeasible_fedavot_cvar_a1.00_g0.10_seed0.csv.gz
adult,infeasible,fedavot_cvar,1.00,0.10,1,4000,500,0,,0.226419,Asian-Pac-Islander,0.365834,0.340192,0.176868,0.365834,0.176765,0.0724348,adult_infeasible_fedavot_cvar_a1.00_g0.10_seed1.csv.gz
adult,infeasible,fedavot_cvar,1.00,0.10,2,4000,500,0,,0.227829,Asian-Pac-Islander,0.367336,0.338472,0.180141,0.367336,0.177013,0.0761799,adult_infeasible_fedavot_cvar_a1.00_g0.10_seed2.csv.gz
adult,infeasible,fedavot_cvar,1.00,0.10,3,4000,500,0,,0.226943,Asian-Pac-Islander,0.368769,0.339339,0.178242,0.368769,0.173178,0.0751875,adult_infeasible_fedavot_cvar_a1.00_g0.10_seed3.csv.gz
adult,infeasible,fedavot_cvar,1.00,0.10,4,4000,500,0,,0.226336,Asian-Pac-Islander,0.367867,0.338931,0.180506,0.367867,0.170807,0.0735701,adult_infeasible_fedavot_cvar_a1.00_g0.10_seed4.csv.gz
adult,infeasible,fedavot_cvar,1.00,0.20,0,4000,500,0,,0.226952,Asian-Pac-Islander,0.369769,0.338347,0.180065,0.369769,0.178153,0.0684234,adult_infeasible_fedavot_cvar_a1.00_g0.20_seed0.csv.gz
adult,infeasible,fedavot_cvar,1.00,0.20,1,4000,500,0,,0.226419,Asian-Pac-Islander,0.365834,0.340192,0.176868,0.365834,0.176765,0.0724348,adult_infeasible_fedavot_cvar_a1.00_g0.20_seed1.csv.gz
adult,infeasible,fedavot_cvar,1.00,0.20,2,4000,500,0,,0.227829,Asian-Pac-Islander,0.367336,0.338472,0.180141,0.367336,0.177013,0.0761799,adult_infeasible_fedavot_cvar_a1.00_g0.20_seed2.csv.gz
adult,infeasible,fedavot_cvar,1.00,0.20,3,4000,500,0,,0.226943,Asian-Pac-Islander,0.368769,0.339339,0.178242,0.368769,0.173178,0.0751875,adult_infeasible_fedavot_cvar_a1.00_g0.20_seed3.csv.gz
adult,infeasible,fedavot_cvar,1.00,0.20,4,4000,500,0,,0.226336,Asian-Pac-Islander,0.367867,0.338931,0.180506,0.367867,0.170807,0.0735701,adult_infeasible_fedavot_cvar_a1.00_g0.20_seed4.csv.gz
adult,infeasible,fedavot_cvar,1.00,0.30,0,4000,500,0,,0.226952,Asian-Pac-Islander,0.369769,0.338347,0.180065,0.369769,0.178153,0.0684234,adult_infeasible_fedavot_cvar_a1.00_g0.30_seed0.csv.gz
adult,infeasible,fedavot_cvar,1.00,0.30,1,4000,500,0,,0.226419,Asian-Pac-Islander,0.365834,0.340192,0.176868,0.365834,0.176765,0.0724348,adult_infeasible_fedavot_cvar_a1.00_g0.30_seed1.csv.gz
adult,infeasible,fedavot_cvar,1.00,0.30,2,4000,500,0,,0.227829,Asian-Pac-Islander,0.367336,0.338472,0.180141,0.367336,0.177013,0.0761799,adult_infeasible_fedavot_cvar_a1.00_g0.30_seed2.csv.gz
adult,infeasible,fedavot_cvar,1.00,0.30,3,4000,500,0,,0.226943,Asian-Pac-Islander,0.368769,0.339339,0.178242,0.368769,0.173178,0.0751875,adult_infeasible_fedavot_cvar_a1.00_g0.30_seed3.csv.gz
adult,infeasible,fedavot_cvar,1.00,0.30,4,4000,500,0,,0.226336,Asian-Pac-Islander,0.367867,0.338931,0.180506,0.367867,0.170807,0.0735701,adult_infeasible_fedavot_cvar_a1.00_g0.30_seed4.csv.gz
adult,infeasible,fedavot_cvar,1.00,0.40,0,4000,500,0,,0.226952,Asian-Pac-Islander,0.369769,0.338347,0.180065,0.369769,0.178153,0.0684234,adult_infeasible_fedavot_cvar_a1.00_g0.40_seed0.csv.gz
adult,infeasible,fedavot_cvar,1.00,0.40,1,4000,500,0,,0.226419,Asian-Pac-Islander,0.365834,0.340192,0.176868,0.365834,0.176765,0.0724348,adult_infeasible_fedavot_cvar_a1.00_g0.40_seed1.csv.gz
adult,infeasible,fedavot_cvar,1.00,0.40,2,4000,500,0,,0.227829,Asian-Pac-Islander,0.367336,0.338472,0.180141,0.367336,0.177013,0.0761799,adult_infeasible_fedavot_cvar_a1.00_g0.40_seed2.csv.gz
adult,infeasible,fedavot_cvar,1.00,0.40,3,4000,500,0,,0.226943,Asian-Pac-Islander,0.368769,0.339339,0.178242,0.368769,0.173178,0.0751875,adult_infeasible_fedavot_cvar_a1.00_g0.40_seed3.csv.gz
adult,infeasible,fedavot_cvar,1.00,0.40,4,4000,500,0,,0.226336,Asian-Pac-Islander,0.367867,0.338931,0.180506,0.367867,0.170807,0.0735701,adult_infeasible_fedavot_cvar_a1.00_g0.40_seed4.csv.gz
adult,infeasible,fedavot_cvar,1.00,0.50,0,4000,500,0,,0.226952,Asian-Pac-Islander,0.369769,0.338347,0.180065,0.369769,0.178153,0.0684234,adult_infeasible_fedavot_cvar_a1.00_g0.50_seed0.csv.gz
adult,infeasible,fedavot_cvar,1.00,0.50,1,4000,500,0,,0.226419,Asian-Pac-Islander,0.365834,0.340192,0.176868,0.365834,0.176765,0.0724348,adult_infeasible_fedavot_cvar_a1.00_g0.50_seed1.csv.gz
adult,infeasible,fedavot_cvar,1.00,0.50,2,4000,500,0,,0.227829,Asian-Pac-Islander,0.367336,0.338472,0.180141,0.367336,0.177013,0.0761799,adult_infeasible_fedavot_cvar_a1.00_g0.50_seed2.csv.gz
adult,infeasible,fedavot_cvar,1.00,0.50,3,4000,500,0,,0.226943,Asian-Pac-Islander,0.368769,0.339339,0.178242,0.368769,0.173178,0.0751875,adult_infeasible_fedavot_cvar_a1.00_g0.50_seed3.csv.gz
adult,infeasible,fedavot_cvar,1.00,0.50,4,4000,500,0,,0.226336,Asian-Pac-Islander,0.367867,0.338931,0.180506,0.367867,0.170807,0.0735701,adult_infeasible_fedavot_cvar_a1.00_g0.50_seed4.csv.gz
adult,infeasible,fedavot_cvar,1.00,0.60,0,4000,500,0,,0.226952,Asian-Pac-Islander,0.369769,0.338347,0.180065,0.369769,0.178153,0.0684234,adult_infeasible_fedavot_cvar_a1.00_g0.60_seed0.csv.gz
adult,infeasible,fedavot_cvar,1.00,0.60,1,4000,500,0,,0.226419,Asian-Pac-Islander,0.365834,0.340192,0.176868,0.365834,0.176765,0.0724348,adult_infeasible_fedavot_cvar_a1.00_g0.60_seed1.csv.gz
adult,infeasible,fedavot_cvar,1.00,0.60,2,4000,500,0,,0.227829,Asian-Pac-Islander,0.367336,0.338472,0.180141,0.367336,0.177013,0.0761799,adult_infeasible_fedavot_cvar_a1.00_g0.60_seed2.csv.gz
adult,infeasible,fedavot_cvar,1.00,0.60,3,4000,500,0,,0.226943,Asian-Pac-Islander,0.368769,0.339339,0.178242,0.368769,0.173178,0.0751875,adult_infeasible_fedavot_cvar_a1.00_g0.60_seed3.csv.gz
adult,infeasible,fedavot_cvar,1.00,0.60,4,4000,500,0,,0.226336,Asian-Pac-Islander,0.367867,0.338931,0.180506,0.367867,0.170807,0.0735701,adult_infeasible_fedavot_cvar_a1.00_g0.60_seed4.csv.gz
adult,infeasible,fedavot_cvar,1.00,0.70,0,4000,500,0,,0.226952,Asian-Pac-Islander,0.369769,0.338347,0.180065,0.369769,0.178153,0.0684234,adult_infeasible_fedavot_cvar_a1.00_g0.70_seed0.csv.gz
adult,infeasible,fedavot_cvar,1.00,0.70,1,4000,500,0,,0.226419,Asian-Pac-Islander,0.365834,0.340192,0.176868,0.365834,0.176765,0.0724348,adult_infeasible_fedavot_cvar_a1.00_g0.70_seed1.csv.gz
adult,infeasible,fedavot_cvar,1.00,0.70,2,4000,500,0,,0.227829,Asian-Pac-Islander,0.367336,0.338472,0.180141,0.367336,0.177013,0.0761799,adult_infeasible_fedavot_cvar_a1.00_g0.70_seed2.csv.gz
adult,infeasible,fedavot_cvar,1.00,0.70,3,4000,500,0,,0.226943,Asian-Pac-Islander,0.368769,0.339339,0.178242,0.368769,0.173178,0.0751875,adult_infeasible_fedavot_cvar_a1.00_g0.70_seed3.csv.gz
adult,infeasible,fedavot_cvar,1.00,0.70,4,4000,500,0,,0.226336,Asian-Pac-Islander,0.367867,0.338931,0.180506,0.367867,0.170807,0.0735701,adult_infeasible_fedavot_cvar_a1.00_g0.70_seed4.csv.gz
adult,infeasible,fedavot_cvar,1.00,0.80,0,4000,500,0,,0.226952,Asian-Pac-Islander,0.369769,0.338347,0.180065,0.369769,0.178153,0.0684234,adult_infeasible_fedavot_cvar_a1.00_g0.80_seed0.csv.gz
adult,infeasible,fedavot_cvar,1.00,0.80,1,4000,500,0,,0.226419,Asian-Pac-Islander,0.365834,0.340192,0.176868,0.365834,0.176765,0.0724348,adult_infeasible_fedavot_cvar_a1.00_g0.80_seed1.csv.gz
adult,infeasible,fedavot_cvar,1.00,0.80,2,4000,500,0,,0.227829,Asian-Pac-Islander,0.367336,0.338472,0.180141,0.367336,0.177013,0.0761799,adult_infeasible_fedavot_cvar_a1.00_g0.80_seed2.csv.gz
adult,infeasible,fedavot_cvar,1.00,0.80,3,4000,500,0,,0.226943,Asian-Pac-Islander,0.368769,0.339339,0.178242,0.368769,0.173178,0.0751875,adult_infeasible_fedavot_cvar_a1.00_g0.80_seed3.csv.gz
adult,infeasible,fedavot_cvar,1.00,0.80,4,4000,500,0,,0.226336,Asian-Pac-Islander,0.367867,0.338931,0.180506,0.367867,0.170807,0.0735701,adult_infeasible_fedavot_cvar_a1.00_g0.80_seed4.csv.gz
adult,infeasible,fedavot_cvar,1.00,0.90,0,4000,500,0,,0.226952,Asian-Pac-Islander,0.369769,0.338347,0.180065,0.369769,0.178153,0.0684234,adult_infeasible_fedavot_cvar_a1.00_g0.90_seed0.csv.gz
adult,infeasible,fedavot_cvar,1.00,0.90,1,4000,500,0,,0.226419,Asian-Pac-Islander,0.365834,0.340192,0.176868,0.365834,0.176765,0.0724348,adult_infeasible_fedavot_cvar_a1.00_g0.90_seed1.csv.gz
adult,infeasible,fedavot_cvar,1.00,0.90,2,4000,500,0,,0.227829,Asian-Pac-Islander,0.367336,0.338472,0.180141,0.367336,0.177013,0.0761799,adult_infeasible_fedavot_cvar_a1.00_g0.90_seed2.csv.gz
adult,infeasible,fedavot_cvar,1.00,0.90,3,4000,500,0,,0.226943,Asian-Pac-Islander,0.368769,0.339339,0.178242,0.368769,0.173178,0.0751875,adult_infeasible_fedavot_cvar_a1.00_g0.90_seed3.csv.gz
adult,infeasible,fedavot_cvar,1.00,0.90,4,4000,500,0,,0.226336,Asian-Pac-Islander,0.367867,0.338931,0.180506,0.367867,0.170807,0.0735701,adult_infeasible_fedavot_cvar_a1.00_g0.90_seed4.csv.gz
adult,infeasible,fedavot_cvar,1.00,1.00,0,4000,500,0,,0.226952,Asian-Pac-Islander,0.369769,0.338347,0.180065,0.369769,0.178153,0.0684234,adult_infeasible_fedavot_cvar_a1.00_g1.00_seed0.csv.gz
adult,infeasible,fedavot_cvar,1.00,1.00,1,4000,500,0,,0.226419,Asian-Pac-Islander,0.365834,0.340192,0.176868,0.365834,0.176765,0.0724348,adult_infeasible_fedavot_cvar_a1.00_g1.00_seed1.csv.gz
adult,infeasible,fedavot_cvar,1.00,1.00,2,4000,500,0,,0.227829,Asian-Pac-Islander,0.367336,0.338472,0.180141,0.367336,0.177013,0.0761799,adult_infeasible_fedavot_cvar_a1.00_g1.00_seed2.csv.gz
adult,infeasible,fedavot_cvar,1.00,1.00,3,4000,500,0,,0.226943,Asian-Pac-Islander,0.368769,0.339339,0.178242,0.368769,0.173178,0.0751875,adult_infeasible_fedavot_cvar_a1.00_g1.00_seed3.csv.gz
adult,infeasible,fedavot_cvar,1.00,1.00,4,4000,500,0,,0.226336,Asian-Pac-Islander,0.367867,0.338931,0.180506,0.367867,0.170807,0.0735701,adult_infeasible_fedavot_cvar_a1.00_g1.00_seed4.csv.gz
adult,infeasible,fedcvar,0.10,0.10,0,4000,500,0,,0.290252,Asian-Pac-Islander,0.393662,0.342569,0.22545,0.393662,0.233476,0.256103,adult_infeasible_fedcvar_a0.10_g0.10_seed0.csv.gz
adult,infeasible,fedcvar,0.10,0.10,1,4000,500,0,,0.289379,Asian-Pac-Islander,0.390444,0.342663,0.221502,0.390444,0.233714,0.258572,adult_infeasible_fedcvar_a0.10_g0.10_seed1.csv.gz
adult,infeasible,fedcvar,0.10,0.10,2,4000,500,0,,0.293553,Asian-Pac-Islander,0.393839,0.343626,0.224567,0.393839,0.239932,0.265801,adult_infeasible_fedcvar_a0.10_g0.10_seed2.csv.gz
adult,infeasible,fedcvar,0.10,0.10,3,4000,500,0,,0.290749,Asian-Pac-Islander,0.392085,0.341767,0.222436,0.392085,0.234089,0.263369,adult_infeasible_fedcvar_a0.10_g0.10_seed3.csv.gz
adult,infeasible,fedcvar,0.10,0.10,4,4000,500,0,,0.290546,Asian-Pac-Islander,0.395162,0.3421,0.221886,0.395162,0.23099,0.262592,adult_infeasible_fedcvar_a0.10_g0.10_seed4.csv.gz
adult,infeasible,fedcvar,0.10,0.20,0,4000,500,0,,0.280496,Asian-Pac-Islander,0.393002,0.342025,0.222136,0.393002,0.225992,0.219328,adult_infeasible_fedcvar_a0.10_g0.20_seed0.csv.gz
adult,infeasible,fedcvar,0.10,0.20,1,4000,500,0,,0.279474,Asian-Pac-Islander,0.390173,0.341872,0.218471,0.390173,0.223796,0.223058,adult_infeasible_fedcvar_a0.10_g0.20_seed1.csv.gz
adult,infeasible,fedcvar,0.10,0.20,2,4000,500,0,,0.283237,Asian-Pac-Islander,0.392869,0.342691,0.220082,0.392869,0.230588,0.229955,adult_infeasible_fedcvar_a0.10_g0.20_seed2.csv.gz
adult,infeasible,fedcvar,0.10,0.20,3,4000,500,0,,0.28166,Asian-Pac-Islander,0.392389,0.341194,0.219177,0.392389,0.225154,0.230385,adult_infeasible_fedcvar_a0.10_g0.20_seed3.csv.gz
adult,infeasible,fedcvar,0.10,0.20,4,4000,500,0,,0.281238,Asian-Pac-Islander,0.393964,0.341477,0.219629,0.393964,0.223035,0.228084,adult_infeasible_fedcvar_a0.10_g0.20_seed4.csv.gz
adult,infeasible,fedcvar,0.10,0.30,0,4000,500,0,,0.273545,Asian-Pac-Islander,0.392786,0.341104,0.220222,0.392786,0.220534,0.193078,adult_infeasible_fedcvar_a0.10_g0.30_seed0.csv.gz
adult,infeasible,fedcvar,0.10,0.30,1,4000,500,0,,0.27272,Asian-Pac-Islander,0.389334,0.340962,0.216463,0.389334,0.217734,0.199108,adult_infeasible_fedcvar_a0.10_g0.30_seed1.csv.gz
adult,infeasible,fedcvar,0.10,0.30,2,4000,500,0,,0.276445,Asian-Pac-Islander,0.392248,0.341633,0.217744,0.392248,0.224753,0.20585,adult_infeasible_fedcvar_a0.10_g0.30_seed2.csv.gz
adult,infeasible,fedcvar,0.10,0.30,3,4000,500,0,,0.274622,Asian-Pac-Islander,0.391566,0.340203,0.21671,0.391566,0.219104,0.205526,adult_infeasible_fedcvar_a0.10_g0.30_seed3.csv.gz
adult,infeasible,fedcvar,0.10,0.30,4,4000,500,0,,0.274288,Asian-Pac-Islander,0.393072,0.340602,0.217863,0.393072,0.217526,0.202376,adult_infeasible_fedcvar_a0.10_g0.30_seed4.csv.gz
adult,infeasible,fedcvar,0.10,0.40,0,4000,500,0,,0.268094,Asian-Pac-Islander,0.392575,0.339931,0.218408,0.392575,0.216334,0.173219,adult_infeasible_fedcvar_a0.10_g0.40_seed0.csv.gz
adult,infeasible,fedcvar,0.10,0.40,1,4000,500,0,,0.267525,Asian-Pac-Islander,0.388686,0.339808,0.21482,0.388686,0.214099,0.180211,adult_infeasible_fedcvar_a0.10_g0.40_seed1.csv.gz
adult,infeasible,fedcvar,0.10,0.40,2,4000,500,0,,0.271071,Asian-Pac-Islander,0.391094,0.340479,0.216133,0.391094,0.220872,0.186775,adult_infeasible_fedcvar_a0.10_g0.40_seed2.csv.gz
adult,infeasible,fedcvar,0.10,0.40,3,4000,500,0,,0.269706,Asian-Pac-Islander,0.391531,0.339249,0.214801,0.391531,0.215519,0.18743,adult_infeasible_fedcvar_a0.10_g0.40_seed3.csv.gz
adult,infeasible,fedcvar,0.10,0.40,4,4000,500,0,,0.269164,Asian-Pac-Islander,0.393034,0.339464,0.216369,0.393034,0.213389,0.183563,adult_infeasible_fedcvar_a0.10_g0.40_seed4.csv.gz
adult,infeasible,fedcvar,0.10,0.50,0,4000,500,0,,0.263385,Asian-Pac-Islander,0.391589,0.338707,0.216198,0.391589,0.21308,0.157353,adult_infeasible_fedcvar_a0.10_g0.50_seed0.csv.gz
adult,infeasible,fedcvar,0.10,0.50,1,4000,500,0,,0.262832,Asian-Pac-Islander,0.387596,0.338693,0.212632,0.387596,0.209994,0.165245,adult_infeasible_fedcvar_a0.10_g0.50_seed1.csv.gz
adult,infeasible,fedcvar,0.10,0.50,2,4000,500,0,,0.266378,Asian-Pac-Islander,0.390796,0.339235,0.214186,0.390796,0.216565,0.171107,adult_infeasible_fedcvar_a0.10_g0.50_seed2.csv.gz
adult,infeasible,fedcvar,0.10,0.50,3,4000,500,0,,0.265179,Asian-Pac-Islander,0.391507,0.338143,0.212739,0.391507,0.21076,0.172745,adult_infeasible_fedcvar_a0.10_g0.50_seed3.csv.gz
adult,infeasible,fedcvar,0.10,0.50,4,4000,500,0,,0.264731,Asian-Pac-Islander,0.392343,0.338357,0.214578,0.392343,0.21011,0.168269,adult_infeasible_fedcvar_a0.10_g0.50_seed4.csv.gz
adult,infeasible,fedcvar,0.10,0.60,0,4000,500,0,,0.259273,Asian-Pac-Islander,0.39101,0.337355,0.213799,0.39101,0.210559,0.143642,adult_infeasible_fedcvar_a0.10_g0.60_seed0.csv.gz
adult,infeasible,fedcvar,0.10,0.60,1,4000,500,0,,0.258943,Asian-Pac-Islander,0.387572,0.337361,0.210087,0.387572,0.206817,0.152878,adult_infeasible_fedcvar_a0.10_g0.60_seed1.csv.gz
adult,infeasible,fedcvar,0.10,0.60,2,4000,500,0,,0.262407,Asian-Pac-Islander,0.390089,0.337803,0.212015,0.390089,0.213815,0.158314,adult_infeasible_fedcvar_a0.10_g0.60_seed2.csv.gz
adult,infeasible,fedcvar,0.10,0.60,3,4000,500,0,,0.261171,Asian-Pac-Islander,0.391287,0.336833,0.210454,0.391287,0.207584,0.159698,adult_infeasible_fedcvar_a0.10_g0.60_seed3.csv.gz
adult,infeasible,fedcvar,0.10,0.60,4,4000,500,0,,0.260422,Asian-Pac-Islander,0.391449,0.336846,0.212243,0.391449,0.206792,0.15478,adult_infeasible_fedcvar_a0.10_g0.60_seed4.csv.gz
adult,infeasible,fedcvar,0.10,0.70,0,4000,500,0,,0.255682,Asian-Pac-Islander,0.391149,0.335731,0.211031,0.391149,0.207534,0.132966,adult_infeasible_fedcvar_a0.10_g0.70_seed0.csv.gz
adult,infeasible,fedcvar,0.10,0.70,1,4000,500,0,,0.255428,Asian-Pac-Islander,0.387717,0.335992,0.207401,0.387717,0.203473,0.142555,adult_infeasible_fedcvar_a0.10_g0.70_seed1.csv.gz
adult,infeasible,fedcvar,0.10,0.70,2,4000,500,0,,0.259038,Asian-Pac-Islander,0.390573,0.336157,0.209552,0.390573,0.211071,0.147837,adult_infeasible_fedcvar_a0.10_g0.70_seed2.csv.gz
adult,infeasible,fedcvar,0.10,0.70,3,4000,500,0,,0.257637,Asian-Pac-Islander,0.391954,0.335345,0.207726,0.391954,0.204334,0.148824,adult_infeasible_fedcvar_a0.10_g0.70_seed3.csv.gz
adult,infeasible,fedcvar,0.10,0.70,4,4000,500,0,,0.256956,Asian-Pac-Islander,0.391701,0.335338,0.209803,0.391701,0.203863,0.144076,adult_infeasible_fedcvar_a0.10_g0.70_seed4.csv.gz
adult,infeasible,fedcvar,0.10,0.80,0,4000,500,0,,0.252471,Asian-Pac-Islander,0.392197,0.33411,0.208028,0.392197,0.204073,0.123946,adult_infeasible_fedcvar_a0.10_g0.80_seed0.csv.gz
adult,infeasible,fedcvar,0.10,0.80,1,4000,500,0,,0.252308,Asian-Pac-Islander,0.389097,0.334484,0.204528,0.389097,0.199398,0.134032,adult_infeasible_fedcvar_a0.10_g0.80_seed1.csv.gz
adult,infeasible,fedcvar,0.10,0.80,2,4000,500,0,,0.25569,Asian-Pac-Islander,0.391287,0.33446,0.206839,0.391287,0.206758,0.139104,adult_infeasible_fedcvar_a0.10_g0.80_seed2.csv.gz
adult,infeasible,fedcvar,0.10,0.80,3,4000,500,0,,0.254416,Asian-Pac-Islander,0.393275,0.333899,0.204636,0.393275,0.200646,0.139623,adult_infeasible_fedcvar_a0.10_g0.80_seed3.csv.gz
adult,infeasible,fedcvar,0.10,0.80,4,4000,500,0,,0.254188,Asian-Pac-Islander,0.393584,0.333889,0.207444,0.393584,0.200801,0.135221,adult_infeasible_fedcvar_a0.10_g0.80_seed4.csv.gz
adult,infeasible,fedcvar,0.10,0.90,0,4000,500,0,,0.249614,Asian-Pac-Islander,0.395076,0.332682,0.204774,0.395076,0.198685,0.116851,adult_infeasible_fedcvar_a0.10_g0.90_seed0.csv.gz
adult,infeasible,fedcvar,0.10,0.90,1,4000,500,0,,0.249543,Asian-Pac-Islander,0.392626,0.333116,0.201488,0.392626,0.194397,0.126086,adult_infeasible_fedcvar_a0.10_g0.90_seed1.csv.gz
adult,infeasible,fedcvar,0.10,0.90,2,4000,500,0,,0.252422,Asian-Pac-Islander,0.39403,0.332932,0.203815,0.39403,0.200127,0.131206,adult_infeasible_fedcvar_a0.10_g0.90_seed2.csv.gz
adult,infeasible,fedcvar,0.10,0.90,3,4000,500,0,,0.251071,Asian-Pac-Islander,0.39624,0.332641,0.201516,0.39624,0.194637,0.130321,adult_infeasible_fedcvar_a0.10_g0.90_seed3.csv.gz
adult,infeasible,fedcvar,0.10,0.90,4,4000,500,0,,0.251406,Asian-Pac-Islander,0.39677,0.332642,0.204988,0.39677,0.19505,0.12758,adult_infeasible_fedcvar_a0.10_g0.90_seed4.csv.gz
adult,infeasible,fedcvar,0.10,1.00,0,4000,500,0,,0.246885,Asian-Pac-Islander,0.399635,0.332113,0.200648,0.399635,0.191188,0.110841,adult_infeasible_fedcvar_a0.10_g1.00_seed0.csv.gz
adult,infeasible,fedcvar,0.10,1.00,1,4000,500,0,,0.246788,Asian-Pac-Islander,0.397544,0.332652,0.197583,0.397544,0.187137,0.119026,adult_infeasible_fedcvar_a0.10_g1.00_seed1.csv.gz
adult,infeasible,fedcvar,0.10,1.00,2,4000,500,0,,0.249132,Asian-Pac-Islander,0.398424,0.3323,0.200047,0.398424,0.191071,0.123817,adult_infeasible_fedcvar_a0.10_g1.00_seed2.csv.gz
adult,infeasible,fedcvar,0.10,1.00,3,4000,500,0,,0.248121,Asian-Pac-Islander,0.400655,0.332439,0.197797,0.400655,0.186969,0.122747,adult_infeasible_fedcvar_a0.10_g1.00_seed3.csv.gz
adult,infeasible,fedcvar,0.10,1.00,4,4000,500,0,,0.248412,Asian-Pac-Islander,0.400587,0.332195,0.201517,0.400587,0.187398,0.120366,adult_infeasible_fedcvar_a0.10_g1.00_seed4.csv.gz
adult,infeasible,fedcvar,0.20,0.10,0,4000,500,0,,0.288951,Asian-Pac-Islander,0.393598,0.342079,0.226231,0.393598,0.231479,0.251365,adult_infeasible_fedcvar_a0.20_g0.10_seed0.csv.gz
adult,infeasible,fedcvar,0.20,0.10,1,4000,500,0,,0.288046,Asian-Pac-Islander,0.39015,0.341986,0.221736,0.39015,0.231443,0.254913,adult_infeasible_fedcvar_a0.20_g0.10_seed1.csv.gz
adult,infeasible,fedcvar,0.20,0.10,2,4000,500,0,,0.293099,Asian-Pac-Islander,0.393296,0.342921,0.223999,0.393296,0.237866,0.267412,adult_infeasible_fedcvar_a0.20_g0.10_seed2.csv.gz
adult,infeasible,fedcvar,0.20,0.10,3,4000,500,0,,0.290883,Asian-Pac-Islander,0.392467,0.341264,0.222667,0.392467,0.232603,0.265411,adult_infeasible_fedcvar_a0.20_g0.10_seed3.csv.gz
adult,infeasible,fedcvar,0.20,0.10,4,4000,500,0,,0.290438,Asian-Pac-Islander,0.394683,0.341738,0.222786,0.394683,0.228592,0.264389,adult_infeasible_fedcvar_a0.20_g0.10_seed4.csv.gz
adult,infeasible,fedcvar,0.20,0.20,0,4000,500,0,,0.279056,Asian-Pac-Islander,0.393458,0.341063,0.222363,0.393458,0.222741,0.215652,adult_infeasible_fedcvar_a0.20_g0.20_seed0.csv.gz
adult,infeasible,fedcvar,0.20,0.20,1,4000,500,0,,0.279349,Asian-Pac-Islander,0.389691,0.341103,0.218573,0.389691,0.221811,0.225568,adult_infeasible_fedcvar_a0.20_g0.20_seed1.csv.gz
adult,infeasible,fedcvar,0.20,0.20,2,4000,500,0,,0.283126,Asian-Pac-Islander,0.393036,0.341829,0.22006,0.393036,0.228259,0.232445,adult_infeasible_fedcvar_a0.20_g0.20_seed2.csv.gz
adult,infeasible,fedcvar,0.20,0.20,3,4000,500,0,,0.281121,Asian-Pac-Islander,0.392356,0.340323,0.218826,0.392356,0.222563,0.231538,adult_infeasible_fedcvar_a0.20_g0.20_seed3.csv.gz
adult,infeasible,fedcvar,0.20,0.20,4,4000,500,0,,0.280957,Asian-Pac-Islander,0.394029,0.34085,0.220068,0.394029,0.220141,0.229698,adult_infeasible_fedcvar_a0.20_g0.20_seed4.csv.gz
adult,infeasible,fedcvar,0.20,0.30,0,4000,500,0,,0.272033,Asian-Pac-Islander,0.393067,0.339941,0.220067,0.393067,0.216043,0.191047,adult_infeasible_fedcvar_a0.20_g0.30_seed0.csv.gz
adult,infeasible,fedcvar,0.20,0.30,1,4000,500,0,,0.272087,Asian-Pac-Islander,0.389404,0.339961,0.216434,0.389404,0.214548,0.200088,adult_infeasible_fedcvar_a0.20_g0.30_seed1.csv.gz
adult,infeasible,fedcvar,0.20,0.30,2,4000,500,0,,0.275849,Asian-Pac-Islander,0.392573,0.340463,0.21787,0.392573,0.220924,0.207414,adult_infeasible_fedcvar_a0.20_g0.30_seed2.csv.gz
adult,infeasible,fedcvar,0.20,0.30,3,4000,500,0,,0.273958,Asian-Pac-Islander,0.392514,0.339179,0.216381,0.392514,0.214979,0.206735,adult_infeasible_fedcvar_a0.20_g0.30_seed3.csv.gz
adult,infeasible,fedcvar,0.20,0.30,4,4000,500,0,,0.274084,Asian-Pac-Islander,0.393749,0.339734,0.218303,0.393749,0.214314,0.204323,adult_infeasible_fedcvar_a0.20_g0.30_seed4.csv.gz
adult,infeasible,fedcvar,0.20,0.40,0,4000,500,0,,0.266202,Asian-Pac-Islander,0.392776,0.338628,0.217961,0.392776,0.210603,0.171041,adult_infeasible_fedcvar_a0.20_g0.40_seed0.csv.gz
adult,infeasible,fedcvar,0.20,0.40,1,4000,500,0,,0.26658,Asian-Pac-Islander,0.38926,0.33884,0.214457,0.38926,0.208855,0.181489,adult_infeasible_fedcvar_a0.20_g0.40_seed1.csv.gz
adult,infeasible,fedcvar,0.20,0.40,2,4000,500,0,,0.270302,Asian-Pac-Islander,0.392434,0.339168,0.215848,0.392434,0.215398,0.188661,adult_infeasible_fedcvar_a0.20_g0.40_seed2.csv.gz
adult,infeasible,fedcvar,0.20,0.40,3,4000,500,0,,0.268519,Asian-Pac-Islander,0.392485,0.337914,0.214418,0.392485,0.21007,0.187706,adult_infeasible_fedcvar_a0.20_g0.40_seed3.csv.gz
adult,infeasible,fedcvar,0.20,0.40,4,4000,500,0,,0.268448,Asian-Pac-Islander,0.393599,0.33842,0.216634,0.393599,0.208902,0.184686,adult_infeasible_fedcvar_a0.20_g0.40_seed4.csv.gz
adult,infeasible,fedcvar,0.20,0.50,0,4000,500,0,,0.261534,Asian-Pac-Islander,0.393097,0.337226,0.215866,0.393097,0.20571,0.155772,adult_infeasible_fedcvar_a0.20_g0.50_seed0.csv.gz
adult,infeasible,fedcvar,0.20,0.50,1,4000,500,0,,0.261977,Asian-Pac-Islander,0.389856,0.337496,0.212418,0.389856,0.203851,0.166262,adult_infeasible_fedcvar_a0.20_g0.50_seed1.csv.gz
adult,infeasible,fedcvar,0.20,0.50,2,4000,500,0,,0.26555,Asian-Pac-Islander,0.392119,0.337693,0.213776,0.392119,0.210746,0.173418,adult_infeasible_fedcvar_a0.20_g0.50_seed2.csv.gz
adult,infeasible,fedcvar,0.20,0.50,3,4000,500,0,,0.263849,Asian-Pac-Islander,0.392633,0.336635,0.212275,0.392633,0.205059,0.172645,adult_infeasible_fedcvar_a0.20_g0.50_seed3.csv.gz
adult,infeasible,fedcvar,0.20,0.50,4,4000,500,0,,0.263663,Asian-Pac-Islander,0.393347,0.33704,0.214667,0.393347,0.204449,0.168815,adult_infeasible_fedcvar_a0.20_g0.50_seed4.csv.gz
adult,infeasible,fedcvar,0.20,0.60,0,4000,500,0,,0.257343,Asian-Pac-Islander,0.393233,0.335761,0.213334,0.393233,0.201343,0.143041,adult_infeasible_fedcvar_a0.20_g0.60_seed0.csv.gz
adult,infeasible,fedcvar,0.20,0.60,1,4000,500,0,,0.257981,Asian-Pac-Islander,0.389979,0.336181,0.209876,0.389979,0.199563,0.154305,adult_infeasible_fedcvar_a0.20_g0.60_seed1.csv.gz
adult,infeasible,fedcvar,0.20,0.60,2,4000,500,0,,0.261223,Asian-Pac-Islander,0.392203,0.336177,0.211546,0.392203,0.205712,0.160478,adult_infeasible_fedcvar_a0.20_g0.60_seed2.csv.gz
adult,infeasible,fedcvar,0.20,0.60,3,4000,500,0,,0.259869,Asian-Pac-Islander,0.39337,0.335318,0.209839,0.39337,0.200461,0.160356,adult_infeasible_fedcvar_a0.20_g0.60_seed3.csv.gz
adult,infeasible,fedcvar,0.20,0.60,4,4000,500,0,,0.259581,Asian-Pac-Islander,0.393585,0.335599,0.212392,0.393585,0.199998,0.156333,adult_infeasible_fedcvar_a0.20_g0.60_seed4.csv.gz
adult,infeasible,fedcvar,0.20,0.70,0,4000,500,0,,0.253914,Asian-Pac-Islander,0.393617,0.334353,0.210492,0.393617,0.197774,0.133336,adult_infeasible_fedcvar_a0.20_g0.70_seed0.csv.gz
adult,infeasible,fedcvar,0.20,0.70,1,4000,500,0,,0.254373,Asian-Pac-Islander,0.390641,0.334826,0.207139,0.390641,0.195543,0.143714,adult_infeasible_fedcvar_a0.20_g0.70_seed1.csv.gz
adult,infeasible,fedcvar,0.20,0.70,2,4000,500,0,,0.257456,Asian-Pac-Islander,0.392373,0.334755,0.208888,0.392373,0.201561,0.149706,adult_infeasible_fedcvar_a0.20_g0.70_seed2.csv.gz
adult,infeasible,fedcvar,0.20,0.70,3,4000,500,0,,0.255991,Asian-Pac-Islander,0.393992,0.334061,0.207141,0.393992,0.196045,0.148717,adult_infeasible_fedcvar_a0.20_g0.70_seed3.csv.gz
adult,infeasible,fedcvar,0.20,0.70,4,4000,500,0,,0.255919,Asian-Pac-Islander,0.393972,0.334206,0.209837,0.393972,0.196002,0.145578,adult_infeasible_fedcvar_a0.20_g0.70_seed4.csv.gz
adult,infeasible,fedcvar,0.20,0.80,0,4000,500,0,,0.251088,Asian-Pac-Islander,0.394596,0.333124,0.207477,0.394596,0.194907,0.125335,adult_infeasible_fedcvar_a0.20_g0.80_seed0.csv.gz
adult,infeasible,fedcvar,0.20,0.80,1,4000,500,0,,0.251277,Asian-Pac-Islander,0.391947,0.333665,0.204062,0.391947,0.192012,0.134701,adult_infeasible_fedcvar_a0.20_g0.80_seed1.csv.gz
adult,infeasible,fedcvar,0.20,0.80,2,4000,500,0,,0.254129,Asian-Pac-Islander,0.393211,0.333465,0.206095,0.393211,0.19754,0.140332,adult_infeasible_fedcvar_a0.20_g0.80_seed2.csv.gz
adult,infeasible,fedcvar,0.20,0.80,3,4000,500,0,,0.252549,Asian-Pac-Islander,0.395104,0.333008,0.204139,0.395104,0.192224,0.138269,adult_infeasible_fedcvar_a0.20_g0.80_seed3.csv.gz
adult,infeasible,fedcvar,0.20,0.80,4,4000,500,0,,0.252832,Asian-Pac-Islander,0.39505,0.333041,0.207121,0.39505,0.192545,0.1364,adult_infeasible_fedcvar_a0.20_g0.80_seed4.csv.gz
adult,infeasible,fedcvar,0.20,0.90,0,4000,500,0,,0.248592,Asian-Pac-Islander,0.396256,0.33228,0.204118,0.396256,0.192729,0.117575,adult_infeasible_fedcvar_a0.20_g0.90_seed0.csv.gz
adult,infeasible,fedcvar,0.20,0.90,1,4000,500,0,,0.248708,Asian-Pac-Islander,0.393915,0.332859,0.200782,0.393915,0.189194,0.126792,adult_infeasible_fedcvar_a0.20_g0.90_seed1.csv.gz
adult,infeasible,fedcvar,0.20,0.90,2,4000,500,0,,0.25114,Asian-Pac-Islander,0.39495,0.332543,0.203086,0.39495,0.194005,0.131117,adult_infeasible_fedcvar_a0.20_g0.90_seed2.csv.gz
adult,infeasible,fedcvar,0.20,0.90,3,4000,500,0,,0.249928,Asian-Pac-Islander,0.39707,0.332373,0.200856,0.39707,0.189073,0.130266,adult_infeasible_fedcvar_a0.20_g0.90_seed3.csv.gz
adult,infeasible,fedcvar,0.20,0.90,4,4000,500,0,,0.250301,Asian-Pac-Islander,0.397043,0.332267,0.204337,0.397043,0.189703,0.128156,adult_infeasible_fedcvar_a0.20_g0.90_seed4.csv.gz
adult,infeasible,fedcvar,0.20,1.00,0,4000,500,0,,0.246885,Asian-Pac-Islander,0.399635,0.332113,0.200648,0.399635,0.191188,0.110841,adult_infeasible_fedcvar_a0.20_g1.00_seed0.csv.gz
adult,infeasible,fedcvar,0.20,1.00,1,4000,500,0,,0.246788,Asian-Pac-Islander,0.397544,0.332652,0.197583,0.397544,0.187137,0.119026,adult_infeasible_fedcvar_a0.20_g1.00_seed1.csv.gz
adult,infeasible,fedcvar,0.20,1.00,2,4000,500,0,,0.249132,Asian-Pac-Islander,0.398424,0.3323,0.200047,0.398424,0.191071,0.123817,adult_infeasible_fedcvar_a0.20_g1.00_seed2.csv.gz
adult,infeasible,fedcvar,0.20,1.00,3,4000,500,0,,0.248121,Asian-Pac-Islander,0.400655,0.332439,0.197797,0.400655,0.186969,0.122747,adult_infeasible_fedcvar_a0.20_g1.00_seed3.csv.gz
adult,infeasible,fedcvar,0.20,1.00,4,4000,500,0,,0.248412,Asian-Pac-Islander,0.400587,0.332195,0.201517,0.400587,0.187398,0.120366,adult_infeasible_fedcvar_a0.20_g1.00_seed4.csv.gz
adult,infeasible,fedcvar,0.30,0.10,0,4000,500,0,,0.28686,Asian-Pac-Islander,0.394195,0.339539,0.226202,0.394195,0.225473,0.24889,adult_infeasible_fedcvar_a0.30_g0.10_seed0.csv.gz
adult,infeasible,fedcvar,0.30,0.10,1,4000,500,0,,0.288069,Asian-Pac-Islander,0.391396,0.339953,0.221865,0.391396,0.227106,0.260025,adult_infeasible_fedcvar_a0.30_g0.10_seed1.csv.gz
adult,infeasible,fedcvar,0.30,0.10,2,4000,500,0,,0.291593,Asian-Pac-Islander,0.393782,0.340173,0.223938,0.393782,0.230709,0.269363,adult_infeasible_fedcvar_a0.30_g0.10_seed2.csv.gz
adult,infeasible,fedcvar,0.30,0.10,3,4000,500,0,,0.288992,Asian-Pac-Islander,0.393608,0.338915,0.222799,0.393608,0.22698,0.26266,adult_infeasible_fedcvar_a0.30_g0.10_seed3.csv.gz
adult,infeasible,fedcvar,0.30,0.10,4,4000,500,0,,0.288033,Asian-Pac-Islander,0.395463,0.33928,0.22353,0.395463,0.223464,0.25843,adult_infeasible_fedcvar_a0.30_g0.10_seed4.csv.gz
adult,infeasible,fedcvar,0.30,0.20,0,4000,500,0,,0.276971,Asian-Pac-Islander,0.394343,0.338495,0.221875,0.394343,0.216773,0.213368,adult_infeasible_fedcvar_a0.30_g0.20_seed0.csv.gz
adult,infeasible,fedcvar,0.30,0.20,1,4000,500,0,,0.278769,Asian-Pac-Islander,0.391601,0.338929,0.218251,0.391601,0.217424,0.227641,adult_infeasible_fedcvar_a0.30_g0.20_seed1.csv.gz
adult,infeasible,fedcvar,0.30,0.20,2,4000,500,0,,0.281793,Asian-Pac-Islander,0.3939,0.339067,0.219617,0.3939,0.221444,0.234935,adult_infeasible_fedcvar_a0.30_g0.20_seed2.csv.gz
adult,infeasible,fedcvar,0.30,0.20,3,4000,500,0,,0.279832,Asian-Pac-Islander,0.393552,0.337884,0.218445,0.393552,0.217539,0.231743,adult_infeasible_fedcvar_a0.30_g0.20_seed3.csv.gz
adult,infeasible,fedcvar,0.30,0.20,4,4000,500,0,,0.279853,Asian-Pac-Islander,0.39531,0.338214,0.21986,0.39531,0.215066,0.230813,adult_infeasible_fedcvar_a0.30_g0.20_seed4.csv.gz
adult,infeasible,fedcvar,0.30,0.30,0,4000,500,0,,0.270075,Asian-Pac-Islander,0.394426,0.337433,0.219094,0.394426,0.210366,0.189056,adult_infeasible_fedcvar_a0.30_g0.30_seed0.csv.gz
adult,infeasible,fedcvar,0.30,0.30,1,4000,500,0,,0.271605,Asian-Pac-Islander,0.391712,0.337849,0.215855,0.391712,0.210288,0.202323,adult_infeasible_fedcvar_a0.30_g0.30_seed1.csv.gz
adult,infeasible,fedcvar,0.30,0.30,2,4000,500,0,,0.274765,Asian-Pac-Islander,0.393828,0.337941,0.216923,0.393828,0.214946,0.210185,adult_infeasible_fedcvar_a0.30_g0.30_seed2.csv.gz
adult,infeasible,fedcvar,0.30,0.30,3,4000,500,0,,0.272881,Asian-Pac-Islander,0.393655,0.336857,0.215684,0.393655,0.210708,0.207499,adult_infeasible_fedcvar_a0.30_g0.30_seed3.csv.gz
adult,infeasible,fedcvar,0.30,0.30,4,4000,500,0,,0.272868,Asian-Pac-Islander,0.394998,0.337143,0.217719,0.394998,0.209186,0.205291,adult_infeasible_fedcvar_a0.30_g0.30_seed4.csv.gz
adult,infeasible,fedcvar,0.30,0.40,0,4000,500,0,,0.26485,Asian-Pac-Islander,0.394421,0.336379,0.216802,0.394421,0.205924,0.170724,adult_infeasible_fedcvar_a0.30_g0.40_seed0.csv.gz
adult,infeasible,fedcvar,0.30,0.40,1,4000,500,0,,0.266033,Asian-Pac-Islander,0.392016,0.336736,0.213629,0.392016,0.204617,0.183166,adult_infeasible_fedcvar_a0.30_g0.40_seed1.csv.gz
adult,infeasible,fedcvar,0.30,0.40,2,4000,500,0,,0.269104,Asian-Pac-Islander,0.393502,0.336813,0.214712,0.393502,0.209631,0.190861,adult_infeasible_fedcvar_a0.30_g0.40_seed2.csv.gz
adult,infeasible,fedcvar,0.30,0.40,3,4000,500,0,,0.267363,Asian-Pac-Islander,0.39385,0.335847,0.213455,0.39385,0.20522,0.188441,adult_infeasible_fedcvar_a0.30_g0.40_seed3.csv.gz
adult,infeasible,fedcvar,0.30,0.40,4,4000,500,0,,0.267485,Asian-Pac-Islander,0.394839,0.336094,0.215831,0.394839,0.20442,0.186241,adult_infeasible_fedcvar_a0.30_g0.40_seed4.csv.gz
adult,infeasible,fedcvar,0.30,0.50,0,4000,500,0,,0.260532,Asian-Pac-Islander,0.394395,0.335285,0.214399,0.394395,0.202047,0.156536,adult_infeasible_fedcvar_a0.30_g0.50_seed0.csv.gz
adult,infeasible,fedcvar,0.30,0.50,1,4000,500,0,,0.261501,Asian-Pac-Islander,0.39229,0.335685,0.211421,0.39229,0.200104,0.168008,adult_infeasible_fedcvar_a0.30_g0.50_seed1.csv.gz
adult,infeasible,fedcvar,0.30,0.50,2,4000,500,0,,0.264459,Asian-Pac-Islander,0.393514,0.335696,0.212595,0.393514,0.205092,0.175398,adult_infeasible_fedcvar_a0.30_g0.50_seed2.csv.gz
adult,infeasible,fedcvar,0.30,0.50,3,4000,500,0,,0.262654,Asian-Pac-Islander,0.394188,0.33486,0.211218,0.394188,0.201108,0.171893,adult_infeasible_fedcvar_a0.30_g0.50_seed3.csv.gz
adult,infeasible,fedcvar,0.30,0.50,4,4000,500,0,,0.263022,Asian-Pac-Islander,0.39499,0.335068,0.213963,0.39499,0.200372,0.170718,adult_infeasible_fedcvar_a0.30_g0.50_seed4.csv.gz
adult,infeasible,fedcvar,0.30,0.60,0,4000,500,0,,0.256902,Asian-Pac-Islander,0.394719,0.334253,0.212124,0.394719,0.198725,0.144689,adult_infeasible_fedcvar_a0.30_g0.60_seed0.csv.gz
adult,infeasible,fedcvar,0.30,0.60,1,4000,500,0,,0.257635,Asian-Pac-Islander,0.392661,0.334706,0.209137,0.392661,0.196419,0.155252,adult_infeasible_fedcvar_a0.30_g0.60_seed1.csv.gz
adult,infeasible,fedcvar,0.30,0.60,2,4000,500,0,,0.260514,Asian-Pac-Islander,0.393677,0.334631,0.210409,0.393677,0.201496,0.162357,adult_infeasible_fedcvar_a0.30_g0.60_seed2.csv.gz
adult,infeasible,fedcvar,0.30,0.60,3,4000,500,0,,0.258597,Asian-Pac-Islander,0.394726,0.333944,0.208903,0.394726,0.197316,0.158098,adult_infeasible_fedcvar_a0.30_g0.60_seed3.csv.gz
adult,infeasible,fedcvar,0.30,0.60,4,4000,500,0,,0.259199,Asian-Pac-Islander,0.395183,0.334096,0.211938,0.395183,0.197107,0.15767,adult_infeasible_fedcvar_a0.30_g0.60_seed4.csv.gz
adult,infeasible,fedcvar,0.30,0.70,0,4000,500,0,,0.253758,Asian-Pac-Islander,0.395189,0.33333,0.209504,0.395189,0.196256,0.13451,adult_infeasible_fedcvar_a0.30_g0.70_seed0.csv.gz
adult,infeasible,fedcvar,0.30,0.70,1,4000,500,0,,0.25437,Asian-Pac-Islander,0.393249,0.333819,0.206506,0.393249,0.193582,0.144694,adult_infeasible_fedcvar_a0.30_g0.70_seed1.csv.gz
adult,infeasible,fedcvar,0.30,0.70,2,4000,500,0,,0.256883,Asian-Pac-Islander,0.394111,0.333661,0.208041,0.394111,0.198205,0.1504,adult_infeasible_fedcvar_a0.30_g0.70_seed2.csv.gz
adult,infeasible,fedcvar,0.30,0.70,3,4000,500,0,,0.255232,Asian-Pac-Islander,0.395385,0.333135,0.206457,0.395385,0.194172,0.147012,adult_infeasible_fedcvar_a0.30_g0.70_seed3.csv.gz
adult,infeasible,fedcvar,0.30,0.70,4,4000,500,0,,0.255929,Asian-Pac-Islander,0.395839,0.333209,0.209679,0.395839,0.194349,0.146571,adult_infeasible_fedcvar_a0.30_g0.70_seed4.csv.gz
adult,infeasible,fedcvar,0.30,0.80,0,4000,500,0,,0.251048,Asian-Pac-Islander,0.396079,0.332588,0.206781,0.396079,0.194246,0.125546,adult_infeasible_fedcvar_a0.30_g0.80_seed0.csv.gz
adult,infeasible,fedcvar,0.30,0.80,1,4000,500,0,,0.251486,Asian-Pac-Islander,0.394112,0.333076,0.203701,0.394112,0.191316,0.135225,adult_infeasible_fedcvar_a0.30_g0.80_seed1.csv.gz
adult,infeasible,fedcvar,0.30,0.80,2,4000,500,0,,0.253763,Asian-Pac-Islander,0.394959,0.332866,0.205518,0.394959,0.195566,0.139907,adult_infeasible_fedcvar_a0.30_g0.80_seed2.csv.gz
adult,infeasible,fedcvar,0.30,0.80,3,4000,500,0,,0.252478,Asian-Pac-Islander,0.396517,0.332538,0.203761,0.396517,0.191453,0.138119,adult_infeasible_fedcvar_a0.30_g0.80_seed3.csv.gz
adult,infeasible,fedcvar,0.30,0.80,4,4000,500,0,,0.253098,Asian-Pac-Islander,0.396944,0.332521,0.207204,0.396944,0.191952,0.136867,adult_infeasible_fedcvar_a0.30_g0.80_seed4.csv.gz
adult,infeasible,fedcvar,0.30,0.90,0,4000,500,0,,0.248779,Asian-Pac-Islander,0.397584,0.332113,0.203867,0.397584,0.192785,0.117544,adult_infeasible_fedcvar_a0.30_g0.90_seed0.csv.gz
adult,infeasible,fedcvar,0.30,0.90,1,4000,500,0,,0.24903,Asian-Pac-Islander,0.395515,0.332616,0.200786,0.395515,0.1894,0.126835,adult_infeasible_fedcvar_a0.30_g0.90_seed1.csv.gz
adult,infeasible,fedcvar,0.30,0.90,2,4000,500,0,,0.251254,Asian-Pac-Islander,0.396299,0.332349,0.202854,0.396299,0.193264,0.131506,adult_infeasible_fedcvar_a0.30_g0.90_seed2.csv.gz
adult,infeasible,fedcvar,0.30,0.90,3,4000,500,0,,0.250156,Asian-Pac-Islander,0.398322,0.332236,0.20092,0.398322,0.189246,0.130054,adult_infeasible_fedcvar_a0.30_g0.90_seed3.csv.gz
adult,infeasible,fedcvar,0.30,0.90,4,4000,500,0,,0.250598,Asian-Pac-Islander,0.398484,0.332116,0.204493,0.398484,0.189827,0.128069,adult_infeasible_fedcvar_a0.30_g0.90_seed4.csv.gz
adult,infeasible,fedcvar,0.30,1.00,0,4000,500,0,,0.246885,Asian-Pac-Islander,0.399635,0.332113,0.200648,0.399635,0.191188,0.110841,adult_infeasible_fedcvar_a0.30_g1.00_seed0.csv.gz
adult,infeasible,fedcvar,0.30,1.00,1,4000,500,0,,0.246788,Asian-Pac-Islander,0.397544,0.332652,0.197583,0.397544,0.187137,0.119026,adult_infeasible_fedcvar_a0.30_g1.00_seed1.csv.gz
adult,infeasible,fedcvar,0.30,1.00,2,4000,500,0,,0.249132,Asian-Pac-Islander,0.398424,0.3323,0.200047,0.398424,0.191071,0.123817,adult_infeasible_fedcvar_a0.30_g1.00_seed2.csv.gz
adult,infeasible,fedcvar,0.30,1.00,3,4000,500,0,,0.248121,Asian-Pac-Islander,0.400655,0.332439,0.197797,0.400655,0.186969,0.122747,adult_infeasible_fedcvar_a0.30_g1.00_seed3.csv.gz
adult,infeasible,fedcvar,0.30,1.00,4,4000,500,0,,0.248412,Asian-Pac-Islander,0.400587,0.332195,0.201517,0.400587,0.187398,0.120366,adult_infeasible_fedcvar_a0.30_g1.00_seed4.csv.gz
adult,infeasible,fedcvar,0.40,0.10,0,4000,500,0,,0.286222,Asian-Pac-Islander,0.394977,0.33712,0.225728,0.394977,0.224119,0.249164,adult_infeasible_fedcvar_a0.40_g0.10_seed0.csv.gz
adult,infeasible,fedcvar,0.40,0.10,1,4000,500,0,,0.287521,Asian-Pac-Islander,0.392881,0.337579,0.221781,0.392881,0.225312,0.260053,adult_infeasible_fedcvar_a0.40_g0.10_seed1.csv.gz
adult,infeasible,fedcvar,0.40,0.10,2,4000,500,0,,0.290277,Asian-Pac-Islander,0.394409,0.337563,0.223102,0.394409,0.227968,0.268342,adult_infeasible_fedcvar_a0.40_g0.10_seed2.csv.gz
adult,infeasible,fedcvar,0.40,0.10,3,4000,500,0,,0.287089,Asian-Pac-Islander,0.393884,0.336596,0.222152,0.393884,0.225334,0.25748,adult_infeasible_fedcvar_a0.40_g0.10_seed3.csv.gz
adult,infeasible,fedcvar,0.40,0.10,4,4000,500,0,,0.286934,Asian-Pac-Islander,0.395953,0.33666,0.223082,0.395953,0.221552,0.257422,adult_infeasible_fedcvar_a0.40_g0.10_seed4.csv.gz
adult,infeasible,fedcvar,0.40,0.20,0,4000,500,0,,0.27694,Asian-Pac-Islander,0.395365,0.336292,0.220991,0.395365,0.216141,0.215912,adult_infeasible_fedcvar_a0.40_g0.20_seed0.csv.gz
adult,infeasible,fedcvar,0.40,0.20,1,4000,500,0,,0.27883,Asian-Pac-Islander,0.393033,0.33674,0.217546,0.393033,0.216549,0.230283,adult_infeasible_fedcvar_a0.40_g0.20_seed1.csv.gz
adult,infeasible,fedcvar,0.40,0.20,2,4000,500,0,,0.281516,Asian-Pac-Islander,0.394902,0.336701,0.219108,0.394902,0.21996,0.236909,adult_infeasible_fedcvar_a0.40_g0.20_seed2.csv.gz
adult,infeasible,fedcvar,0.40,0.20,3,4000,500,0,,0.278997,Asian-Pac-Islander,0.394451,0.335835,0.217716,0.394451,0.216976,0.230005,adult_infeasible_fedcvar_a0.40_g0.20_seed3.csv.gz
adult,infeasible,fedcvar,0.40,0.20,4,4000,500,0,,0.279412,Asian-Pac-Islander,0.396359,0.335847,0.219109,0.396359,0.214333,0.231414,adult_infeasible_fedcvar_a0.40_g0.20_seed4.csv.gz
adult,infeasible,fedcvar,0.40,0.30,0,4000,500,0,,0.27019,Asian-Pac-Islander,0.395475,0.335482,0.217655,0.395475,0.211111,0.191225,adult_infeasible_fedcvar_a0.40_g0.30_seed0.csv.gz
adult,infeasible,fedcvar,0.40,0.30,1,4000,500,0,,0.271586,Asian-Pac-Islander,0.393173,0.335941,0.214376,0.393173,0.210159,0.204281,adult_infeasible_fedcvar_a0.40_g0.30_seed1.csv.gz
adult,infeasible,fedcvar,0.40,0.30,2,4000,500,0,,0.27454,Asian-Pac-Islander,0.394929,0.335864,0.215871,0.394929,0.214273,0.211764,adult_infeasible_fedcvar_a0.40_g0.30_seed2.csv.gz
adult,infeasible,fedcvar,0.40,0.30,3,4000,500,0,,0.272063,Asian-Pac-Islander,0.394735,0.335061,0.214399,0.394735,0.21103,0.205088,adult_infeasible_fedcvar_a0.40_g0.30_seed3.csv.gz
adult,infeasible,fedcvar,0.40,0.30,4,4000,500,0,,0.272798,Asian-Pac-Islander,0.396599,0.335078,0.216498,0.396599,0.209454,0.206359,adult_infeasible_fedcvar_a0.40_g0.30_seed4.csv.gz
adult,infeasible,fedcvar,0.40,0.40,0,4000,500,0,,0.265006,Asian-Pac-Islander,0.395787,0.334703,0.215049,0.395787,0.207138,0.172351,adult_infeasible_fedcvar_a0.40_g0.40_seed0.csv.gz
adult,infeasible,fedcvar,0.40,0.40,1,4000,500,0,,0.266067,Asian-Pac-Islander,0.393359,0.335099,0.211799,0.393359,0.2055,0.184581,adult_infeasible_fedcvar_a0.40_g0.40_seed1.csv.gz
adult,infeasible,fedcvar,0.40,0.40,2,4000,500,0,,0.268988,Asian-Pac-Islander,0.39506,0.33503,0.21332,0.39506,0.209745,0.191788,adult_infeasible_fedcvar_a0.40_g0.40_seed2.csv.gz
adult,infeasible,fedcvar,0.40,0.40,3,4000,500,0,,0.266722,Asian-Pac-Islander,0.395378,0.334327,0.211854,0.395378,0.206538,0.185514,adult_infeasible_fedcvar_a0.40_g0.40_seed3.csv.gz
adult,infeasible,fedcvar,0.40,0.40,4,4000,500,0,,0.267501,Asian-Pac-Islander,0.396759,0.334339,0.214332,0.396759,0.20568,0.186394,adult_infeasible_fedcvar_a0.40_g0.40_seed4.csv.gz
adult,infeasible,fedcvar,0.40,0.50,0,4000,500,0,,0.260752,Asian-Pac-Islander,0.39604,0.333973,0.212628,0.39604,0.203901,0.157216,adult_infeasible_fedcvar_a0.40_g0.50_seed0.csv.gz
adult,infeasible,fedcvar,0.40,0.50,1,4000,500,0,,0.261569,Asian-Pac-Islander,0.393609,0.334368,0.209438,0.393609,0.201768,0.168662,adult_infeasible_fedcvar_a0.40_g0.50_seed1.csv.gz
adult,infeasible,fedcvar,0.40,0.50,2,4000,500,0,,0.264247,Asian-Pac-Islander,0.395095,0.334262,0.21105,0.395095,0.205995,0.17483,adult_infeasible_fedcvar_a0.40_g0.50_seed2.csv.gz
adult,infeasible,fedcvar,0.40,0.50,3,4000,500,0,,0.262281,Asian-Pac-Islander,0.395778,0.333641,0.209487,0.395778,0.202893,0.169606,adult_infeasible_fedcvar_a0.40_g0.50_seed3.csv.gz
adult,infeasible,fedcvar,0.40,0.50,4,4000,500,0,,0.263196,Asian-Pac-Islander,0.397086,0.333639,0.212317,0.397086,0.202406,0.170531,adult_infeasible_fedcvar_a0.40_g0.50_seed4.csv.gz
adult,infeasible,fedcvar,0.40,0.60,0,4000,500,0,,0.257217,Asian-Pac-Islander,0.396396,0.333285,0.210328,0.396396,0.201311,0.144764,adult_infeasible_fedcvar_a0.40_g0.60_seed0.csv.gz
adult,infeasible,fedcvar,0.40,0.60,1,4000,500,0,,0.257744,Asian-Pac-Islander,0.393971,0.33368,0.20712,0.393971,0.198519,0.15543,adult_infeasible_fedcvar_a0.40_g0.60_seed1.csv.gz
adult,infeasible,fedcvar,0.40,0.60,2,4000,500,0,,0.260321,Asian-Pac-Islander,0.395367,0.333532,0.20886,0.395367,0.202827,0.161021,adult_infeasible_fedcvar_a0.40_g0.60_seed2.csv.gz
adult,infeasible,fedcvar,0.40,0.60,3,4000,500,0,,0.258743,Asian-Pac-Islander,0.396347,0.333041,0.207148,0.396347,0.199712,0.157468,adult_infeasible_fedcvar_a0.40_g0.60_seed3.csv.gz
adult,infeasible,fedcvar,0.40,0.60,4,4000,500,0,,0.259473,Asian-Pac-Islander,0.397285,0.333024,0.210342,0.397285,0.199513,0.1572,adult_infeasible_fedcvar_a0.40_g0.60_seed4.csv.gz
adult,infeasible,fedcvar,0.40,0.70,0,4000,500,0,,0.254007,Asian-Pac-Islander,0.396812,0.332697,0.208171,0.396812,0.19866,0.133696,adult_infeasible_fedcvar_a0.40_g0.70_seed0.csv.gz
adult,infeasible,fedcvar,0.40,0.70,1,4000,500,0,,0.254446,Asian-Pac-Islander,0.394465,0.333102,0.204872,0.394465,0.195535,0.144256,adult_infeasible_fedcvar_a0.40_g0.70_seed1.csv.gz
adult,infeasible,fedcvar,0.40,0.70,2,4000,500,0,,0.256817,Asian-Pac-Islander,0.395676,0.332928,0.206687,0.395676,0.19984,0.148955,adult_infeasible_fedcvar_a0.40_g0.70_seed2.csv.gz
adult,infeasible,fedcvar,0.40,0.70,3,4000,500,0,,0.255573,Asian-Pac-Islander,0.396983,0.332572,0.204893,0.396983,0.196524,0.146892,adult_infeasible_fedcvar_a0.40_g0.70_seed3.csv.gz
adult,infeasible,fedcvar,0.40,0.70,4,4000,500,0,,0.256235,Asian-Pac-Islander,0.397639,0.332518,0.208391,0.397639,0.196661,0.145967,adult_infeasible_fedcvar_a0.40_g0.70_seed4.csv.gz
adult,infeasible,fedcvar,0.40,0.80,0,4000,500,0,,0.251263,Asian-Pac-Islander,0.397505,0.332247,0.205863,0.397505,0.196117,0.124581,adult_infeasible_fedcvar_a0.40_g0.80_seed0.csv.gz
adult,infeasible,fedcvar,0.40,0.80,1,4000,500,0,,0.25153,Asian-Pac-Islander,0.395174,0.332697,0.202515,0.395174,0.192527,0.134739,adult_infeasible_fedcvar_a0.40_g0.80_seed1.csv.gz
adult,infeasible,fedcvar,0.40,0.80,2,4000,500,0,,0.253943,Asian-Pac-Islander,0.396203,0.332463,0.204599,0.396203,0.196995,0.139453,adult_infeasible_fedcvar_a0.40_g0.80_seed2.csv.gz
adult,infeasible,fedcvar,0.40,0.80,3,4000,500,0,,0.252795,Asian-Pac-Islander,0.397901,0.332269,0.202553,0.397901,0.193391,0.137862,adult_infeasible_fedcvar_a0.40_g0.80_seed3.csv.gz
adult,infeasible,fedcvar,0.40,0.80,4,4000,500,0,,0.253377,Asian-Pac-Islander,0.398312,0.332153,0.206318,0.398312,0.193673,0.13643,adult_infeasible_fedcvar_a0.40_g0.80_seed4.csv.gz
adult,infeasible,fedcvar,0.40,0.90,0,4000,500,0,,0.248914,Asian-Pac-Islander,0.398441,0.332015,0.203356,0.398441,0.193638,0.117118,adult_infeasible_fedcvar_a0.40_g0.90_seed0.csv.gz
adult,infeasible,fedcvar,0.40,0.90,1,4000,500,0,,0.248953,Asian-Pac-Islander,0.396136,0.332518,0.200101,0.396136,0.189663,0.126347,adult_infeasible_fedcvar_a0.40_g0.90_seed1.csv.gz
adult,infeasible,fedcvar,0.40,0.90,2,4000,500,0,,0.25129,Asian-Pac-Islander,0.396972,0.33222,0.202384,0.396972,0.194054,0.130819,adult_infeasible_fedcvar_a0.40_g0.90_seed2.csv.gz
adult,infeasible,fedcvar,0.40,0.90,3,4000,500,0,,0.250175,Asian-Pac-Islander,0.399067,0.332191,0.200229,0.399067,0.190149,0.129241,adult_infeasible_fedcvar_a0.40_g0.90_seed3.csv.gz
adult,infeasible,fedcvar,0.40,0.90,4,4000,500,0,,0.250699,Asian-Pac-Islander,0.399205,0.332007,0.204041,0.399205,0.190614,0.12763,adult_infeasible_fedcvar_a0.40_g0.90_seed4.csv.gz
adult,infeasible,fedcvar,0.40,1.00,0,4000,500,0,,0.246885,Asian-Pac-Islander,0.399635,0.332113,0.200648,0.399635,0.191188,0.110841,adult_infeasible_fedcvar_a0.40_g1.00_seed0.csv.gz
adult,infeasible,fedcvar,0.40,1.00,1,4000,500,0,,0.246788,Asian-Pac-Islander,0.397544,0.332652,0.197583,0.397544,0.187137,0.119026,adult_infeasible_fedcvar_a0.40_g1.00_seed1.csv.gz
adult,infeasible,fedcvar,0.40,1.00,2,4000,500,0,,0.249132,Asian-Pac-Islander,0.398424,0.3323,0.200047,0.398424,0.191071,0.123817,adult_infeasible_fedcvar_a0.40_g1.00_seed2.csv.gz
adult,infeasible,fedcvar,0.40,1.00,3,4000,500,0,,0.248121,Asian-Pac-Islander,0.400655,0.332439,0.197797,0.400655,0.186969,0.122747,adult_infeasible_fedcvar_a0.40_g1.00_seed3.csv.gz
adult,infeasible,fedcvar,0.40,1.00,4,4000,500,0,,0.248412,Asian-Pac-Islander,0.400587,0.332195,0.201517,0.400587,0.187398,0.120366,adult_infeasible_fedcvar_a0.40_g1.00_seed4.csv.gz
adult,infeasible,fedcvar,0.50,0.10,0,4000,500,0,,0.285374,Asian-Pac-Islander,0.396132,0.33514,0.22411,0.396132,0.224536,0.246952,adult_infeasible_fedcvar_a0.50_g0.10_seed0.csv.gz
adult,infeasible,fedcvar,0.50,0.10,1,4000,500,0,,0.286748,Asian-Pac-Islander,0.393272,0.335663,0.220447,0.393272,0.225379,0.258981,adult_infeasible_fedcvar_a0.50_g0.10_seed1.csv.gz
adult,infeasible,fedcvar,0.50,0.10,2,4000,500,0,,0.288609,Asian-Pac-Islander,0.394939,0.335505,0.221755,0.394939,0.228671,0.262177,adult_infeasible_fedcvar_a0.50_g0.10_seed2.csv.gz
adult,infeasible,fedcvar,0.50,0.10,3,4000,500,0,,0.285122,Asian-Pac-Islander,0.395148,0.334835,0.22025,0.395148,0.226453,0.248922,adult_infeasible_fedcvar_a0.50_g0.10_seed3.csv.gz
adult,infeasible,fedcvar,0.50,0.10,4,4000,500,0,,0.285752,Asian-Pac-Islander,0.396912,0.334809,0.221552,0.396912,0.222559,0.25293,adult_infeasible_fedcvar_a0.50_g0.10_seed4.csv.gz
adult,infeasible,fedcvar,0.50,0.20,0,4000,500,0,,0.276898,Asian-Pac-Islander,0.396633,0.334558,0.219928,0.396633,0.217407,0.215966,adult_infeasible_fedcvar_a0.50_g0.20_seed0.csv.gz
adult,infeasible,fedcvar,0.50,0.20,1,4000,500,0,,0.278239,Asian-Pac-Islander,0.393558,0.335079,0.216161,0.393558,0.217681,0.228714,adult_infeasible_fedcvar_a0.50_g0.20_seed1.csv.gz
adult,infeasible,fedcvar,0.50,0.20,2,4000,500,0,,0.280808,Asian-Pac-Islander,0.395211,0.334891,0.217769,0.395211,0.22145,0.234717,adult_infeasible_fedcvar_a0.50_g0.20_seed2.csv.gz
adult,infeasible,fedcvar,0.50,0.20,3,4000,500,0,,0.277825,Asian-Pac-Islander,0.395523,0.334275,0.216271,0.395523,0.218663,0.224394,adult_infeasible_fedcvar_a0.50_g0.20_seed3.csv.gz
adult,infeasible,fedcvar,0.50,0.20,4,4000,500,0,,0.278553,Asian-Pac-Islander,0.397191,0.334211,0.218048,0.397191,0.215954,0.227361,adult_infeasible_fedcvar_a0.50_g0.20_seed4.csv.gz
adult,infeasible,fedcvar,0.50,0.30,0,4000,500,0,,0.270245,Asian-Pac-Islander,0.396771,0.334012,0.216591,0.396771,0.212569,0.191283,adult_infeasible_fedcvar_a0.50_g0.30_seed0.csv.gz
adult,infeasible,fedcvar,0.50,0.30,1,4000,500,0,,0.271567,Asian-Pac-Islander,0.393944,0.334498,0.212979,0.393944,0.212039,0.204378,adult_infeasible_fedcvar_a0.50_g0.30_seed1.csv.gz
adult,infeasible,fedcvar,0.50,0.30,2,4000,500,0,,0.273842,Asian-Pac-Islander,0.395624,0.334305,0.214695,0.395624,0.215818,0.208769,adult_infeasible_fedcvar_a0.50_g0.30_seed2.csv.gz
adult,infeasible,fedcvar,0.50,0.30,3,4000,500,0,,0.271476,Asian-Pac-Islander,0.396176,0.33375,0.213058,0.396176,0.21293,0.201465,adult_infeasible_fedcvar_a0.50_g0.30_seed3.csv.gz
adult,infeasible,fedcvar,0.50,0.30,4,4000,500,0,,0.272598,Asian-Pac-Islander,0.39759,0.333684,0.215357,0.39759,0.211007,0.205352,adult_infeasible_fedcvar_a0.50_g0.30_seed4.csv.gz
adult,infeasible,fedcvar,0.50,0.40,0,4000,500,0,,0.265054,Asian-Pac-Islander,0.3972,0.333507,0.213815,0.3972,0.208741,0.172005,adult_infeasible_fedcvar_a0.50_g0.40_seed0.csv.gz
adult,infeasible,fedcvar,0.50,0.40,1,4000,500,0,,0.266045,Asian-Pac-Islander,0.39415,0.333956,0.210351,0.39415,0.207563,0.184202,adult_infeasible_fedcvar_a0.50_g0.40_seed1.csv.gz
adult,infeasible,fedcvar,0.50,0.40,2,4000,500,0,,0.268393,Asian-Pac-Islander,0.39598,0.333768,0.212119,0.39598,0.211486,0.18861,adult_infeasible_fedcvar_a0.50_g0.40_seed2.csv.gz
adult,infeasible,fedcvar,0.50,0.40,3,4000,500,0,,0.266427,Asian-Pac-Islander,0.396621,0.333293,0.210297,0.396621,0.208319,0.183601,adult_infeasible_fedcvar_a0.50_g0.40_seed3.csv.gz
adult,infeasible,fedcvar,0.50,0.40,4,4000,500,0,,0.267325,Asian-Pac-Islander,0.39791,0.333182,0.213046,0.39791,0.206926,0.185562,adult_infeasible_fedcvar_a0.50_g0.40_seed4.csv.gz
adult,infeasible,fedcvar,0.50,0.50,0,4000,500,0,,0.260718,Asian-Pac-Islander,0.397463,0.333046,0.211329,0.397463,0.205474,0.156278,adult_infeasible_fedcvar_a0.50_g0.50_seed0.csv.gz
adult,infeasible,fedcvar,0.50,0.50,1,4000,500,0,,0.261608,Asian-Pac-Islander,0.394531,0.333491,0.207927,0.394531,0.203917,0.168175,adult_infeasible_fedcvar_a0.50_g0.50_seed1.csv.gz
adult,infeasible,fedcvar,0.50,0.50,2,4000,500,0,,0.263885,Asian-Pac-Islander,0.396442,0.333294,0.209877,0.396442,0.207863,0.171948,adult_infeasible_fedcvar_a0.50_g0.50_seed2.csv.gz
adult,infeasible,fedcvar,0.50,0.50,3,4000,500,0,,0.262231,Asian-Pac-Islander,0.397166,0.332888,0.207884,0.397166,0.204342,0.168877,adult_infeasible_fedcvar_a0.50_g0.50_seed3.csv.gz
adult,infeasible,fedcvar,0.50,0.50,4,4000,500,0,,0.263019,Asian-Pac-Islander,0.398225,0.332767,0.210973,0.398225,0.203497,0.169635,adult_infeasible_fedcvar_a0.50_g0.50_seed4.csv.gz
adult,infeasible,fedcvar,0.50,0.60,0,4000,500,0,,0.257135,Asian-Pac-Islander,0.397794,0.332651,0.209024,0.397794,0.20275,0.143456,adult_infeasible_fedcvar_a0.50_g0.60_seed0.csv.gz
adult,infeasible,fedcvar,0.50,0.60,1,4000,500,0,,0.257794,Asian-Pac-Islander,0.394792,0.333083,0.205701,0.394792,0.200467,0.154927,adult_infeasible_fedcvar_a0.50_g0.60_seed1.csv.gz
adult,infeasible,fedcvar,0.50,0.60,2,4000,500,0,,0.260168,Asian-Pac-Islander,0.396697,0.33287,0.20772,0.396697,0.204589,0.158966,adult_infeasible_fedcvar_a0.50_g0.60_seed2.csv.gz
adult,infeasible,fedcvar,0.50,0.60,3,4000,500,0,,0.258691,Asian-Pac-Islander,0.397768,0.332565,0.205633,0.397768,0.20084,0.156649,adult_infeasible_fedcvar_a0.50_g0.60_seed3.csv.gz
adult,infeasible,fedcvar,0.50,0.60,4,4000,500,0,,0.259295,Asian-Pac-Islander,0.398407,0.332416,0.208977,0.398407,0.200375,0.156301,adult_infeasible_fedcvar_a0.50_g0.60_seed4.csv.gz
adult,infeasible,fedcvar,0.50,0.70,0,4000,500,0,,0.25406,Asian-Pac-Islander,0.398183,0.332331,0.20684,0.398183,0.199932,0.133013,adult_infeasible_fedcvar_a0.50_g0.70_seed0.csv.gz
adult,infeasible,fedcvar,0.50,0.70,1,4000,500,0,,0.254484,Asian-Pac-Islander,0.395192,0.332773,0.203538,0.395192,0.197166,0.143754,adult_infeasible_fedcvar_a0.50_g0.70_seed1.csv.gz
adult,infeasible,fedcvar,0.50,0.70,2,4000,500,0,,0.257015,Asian-Pac-Islander,0.397087,0.332532,0.205733,0.397087,0.201429,0.148293,adult_infeasible_fedcvar_a0.50_g0.70_seed2.csv.gz
adult,infeasible,fedcvar,0.50,0.70,3,4000,500,0,,0.255609,Asian-Pac-Islander,0.398291,0.332327,0.203582,0.398291,0.197517,0.14633,adult_infeasible_fedcvar_a0.50_g0.70_seed3.csv.gz
adult,infeasible,fedcvar,0.50,0.70,4,4000,500,0,,0.256034,Asian-Pac-Islander,0.398746,0.332168,0.206999,0.398746,0.197272,0.144983,adult_infeasible_fedcvar_a0.50_g0.70_seed4.csv.gz
adult,infeasible,fedcvar,0.50,0.80,0,4000,500,0,,0.251384,Asian-Pac-Islander,0.398446,0.332118,0.204669,0.398446,0.197169,0.124518,adult_infeasible_fedcvar_a0.50_g0.80_seed0.csv.gz
adult,infeasible,fedcvar,0.50,0.80,1,4000,500,0,,0.251611,Asian-Pac-Islander,0.395854,0.332569,0.201469,0.395854,0.193937,0.134229,adult_infeasible_fedcvar_a0.50_g0.80_seed1.csv.gz
adult,infeasible,fedcvar,0.50,0.80,2,4000,500,0,,0.25414,Asian-Pac-Islander,0.397394,0.332299,0.203715,0.397394,0.198168,0.139122,adult_infeasible_fedcvar_a0.50_g0.80_seed2.csv.gz
adult,infeasible,fedcvar,0.50,0.80,3,4000,500,0,,0.252763,Asian-Pac-Islander,0.398924,0.332206,0.201565,0.398924,0.194174,0.136945,adult_infeasible_fedcvar_a0.50_g0.80_seed3.csv.gz
adult,infeasible,fedcvar,0.50,0.80,4,4000,500,0,,0.253077,Asian-Pac-Islander,0.399025,0.332034,0.205006,0.399025,0.194147,0.135174,adult_infeasible_fedcvar_a0.50_g0.80_seed4.csv.gz
adult,infeasible,fedcvar,0.50,0.90,0,4000,500,0,,0.24897,Asian-Pac-Islander,0.398905,0.332032,0.202561,0.398905,0.194295,0.117059,adult_infeasible_fedcvar_a0.50_g0.90_seed0.csv.gz
adult,infeasible,fedcvar,0.50,0.90,1,4000,500,0,,0.249008,Asian-Pac-Islander,0.396541,0.332518,0.199427,0.396541,0.190688,0.125865,adult_infeasible_fedcvar_a0.50_g0.90_seed1.csv.gz
adult,infeasible,fedcvar,0.50,0.90,2,4000,500,0,,0.25134,Asian-Pac-Islander,0.397789,0.332197,0.201837,0.397789,0.194681,0.130195,adult_infeasible_fedcvar_a0.50_g0.90_seed2.csv.gz
adult,infeasible,fedcvar,0.50,0.90,3,4000,500,0,,0.250188,Asian-Pac-Islander,0.399638,0.332219,0.199619,0.399638,0.190653,0.128809,adult_infeasible_fedcvar_a0.50_g0.90_seed3.csv.gz
adult,infeasible,fedcvar,0.50,0.90,4,4000,500,0,,0.250503,Asian-Pac-Islander,0.399561,0.332025,0.203173,0.399561,0.190836,0.126922,adult_infeasible_fedcvar_a0.50_g0.90_seed4.csv.gz
adult,infeasible,fedcvar,0.50,1.00,0,4000,500,0,,0.246885,Asian-Pac-Islander,0.399635,0.332113,0.200648,0.399635,0.191188,0.110841,adult_infeasible_fedcvar_a0.50_g1.00_seed0.csv.gz
adult,infeasible,fedcvar,0.50,1.00,1,4000,500,0,,0.246788,Asian-Pac-Islander,0.397544,0.332652,0.197583,0.397544,0.187137,0.119026,adult_infeasible_fedcvar_a0.50_g1.00_seed1.csv.gz
adult,infeasible,fedcvar,0.50,1.00,2,4000,500,0,,0.249132,Asian-Pac-Islander,0.398424,0.3323,0.200047,0.398424,0.191071,0.123817,adult_infeasible_fedcvar_a0.50_g1.00_seed2.csv.gz
adult,infeasible,fedcvar,0.50,1.00,3,4000,500,0,,0.248121,Asian-Pac-Islander,0.400655,0.332439,0.197797,0.400655,0.186969,0.122747,adult_infeasible_fedcvar_a0.50_g1.00_seed3.csv.gz
adult,infeasible,fedcvar,0.50,1.00,4,4000,500,0,,0.248412,Asian-Pac-Islander,0.400587,0.332195,0.201517,0.400587,0.187398,0.120366,adult_infeasible_fedcvar_a0.50_g1.00_seed4.csv.gz
adult,infeasible,fedcvar,0.60,0.10,0,4000,500,0,,0.283129,Asian-Pac-Islander,0.396251,0.333761,0.221543,0.396251,0.224433,0.239658,adult_infeasible_fedcvar_a0.60_g0.10_seed0.csv.gz
adult,infeasible,fedcvar,0.60,0.10,1,4000,500,0,,0.284836,Asian-Pac-Islander,0.393184,0.334298,0.217959,0.393184,0.225239,0.253498,adult_infeasible_fedcvar_a0.60_g0.10_seed1.csv.gz
adult,infeasible,fedcvar,0.60,0.10,2,4000,500,0,,0.285624,Asian-Pac-Islander,0.395173,0.33409,0.219542,0.395173,0.228649,0.250668,adult_infeasible_fedcvar_a0.60_g0.10_seed2.csv.gz
adult,infeasible,fedcvar,0.60,0.10,3,4000,500,0,,0.282562,Asian-Pac-Islander,0.395881,0.333616,0.217387,0.395881,0.225348,0.240576,adult_infeasible_fedcvar_a0.60_g0.10_seed3.csv.gz
adult,infeasible,fedcvar,0.60,0.10,4,4000,500,0,,0.283179,Asian-Pac-Islander,0.396888,0.333506,0.219273,0.396888,0.222052,0.244176,adult_infeasible_fedcvar_a0.60_g0.10_seed4.csv.gz
adult,infeasible,fedcvar,0.60,0.20,0,4000,500,0,,0.275741,Asian-Pac-Islander,0.396666,0.333357,0.217883,0.396666,0.217823,0.212976,adult_infeasible_fedcvar_a0.60_g0.20_seed0.csv.gz
adult,infeasible,fedcvar,0.60,0.20,1,4000,500,0,,0.27715,Asian-Pac-Islander,0.393544,0.3339,0.214064,0.393544,0.217546,0.226698,adult_infeasible_fedcvar_a0.60_g0.20_seed1.csv.gz
adult,infeasible,fedcvar,0.60,0.20,2,4000,500,0,,0.278842,Asian-Pac-Islander,0.395659,0.333684,0.216119,0.395659,0.221764,0.226983,adult_infeasible_fedcvar_a0.60_g0.20_seed2.csv.gz
adult,infeasible,fedcvar,0.60,0.20,3,4000,500,0,,0.276385,Asian-Pac-Islander,0.396223,0.333257,0.213932,0.396223,0.218043,0.220469,adult_infeasible_fedcvar_a0.60_g0.20_seed3.csv.gz
adult,infeasible,fedcvar,0.60,0.20,4,4000,500,0,,0.277173,Asian-Pac-Islander,0.397116,0.333124,0.216158,0.397116,0.215645,0.223824,adult_infeasible_fedcvar_a0.60_g0.20_seed4.csv.gz
adult,infeasible,fedcvar,0.60,0.30,0,4000,500,0,,0.269581,Asian-Pac-Islander,0.397014,0.333031,0.21485,0.397014,0.212852,0.190158,adult_infeasible_fedcvar_a0.60_g0.30_seed0.csv.gz
adult,infeasible,fedcvar,0.60,0.30,1,4000,500,0,,0.270514,Asian-Pac-Islander,0.393767,0.333555,0.211032,0.393767,0.211579,0.202639,adult_infeasible_fedcvar_a0.60_g0.30_seed1.csv.gz
adult,infeasible,fedcvar,0.60,0.30,2,4000,500,0,,0.272665,Asian-Pac-Islander,0.395996,0.333329,0.213366,0.395996,0.216264,0.204368,adult_infeasible_fedcvar_a0.60_g0.30_seed2.csv.gz
adult,infeasible,fedcvar,0.60,0.30,3,4000,500,0,,0.270726,Asian-Pac-Islander,0.396764,0.332941,0.211158,0.396764,0.212231,0.200534,adult_infeasible_fedcvar_a0.60_g0.30_seed3.csv.gz
adult,infeasible,fedcvar,0.60,0.30,4,4000,500,0,,0.271352,Asian-Pac-Islander,0.397415,0.332785,0.213634,0.397415,0.210429,0.202499,adult_infeasible_fedcvar_a0.60_g0.30_seed4.csv.gz
adult,infeasible,fedcvar,0.60,0.40,0,4000,500,0,,0.264415,Asian-Pac-Islander,0.397299,0.332724,0.212382,0.397299,0.209011,0.17066,adult_infeasible_fedcvar_a0.60_g0.40_seed0.csv.gz
adult,infeasible,fedcvar,0.60,0.40,1,4000,500,0,,0.26526,Asian-Pac-Islander,0.39414,0.333237,0.208596,0.39414,0.207146,0.183177,adult_infeasible_fedcvar_a0.60_g0.40_seed1.csv.gz
adult,infeasible,fedcvar,0.60,0.40,2,4000,500,0,,0.267548,Asian-Pac-Islander,0.396484,0.333008,0.210996,0.396484,0.211708,0.185546,adult_infeasible_fedcvar_a0.60_g0.40_seed2.csv.gz
adult,infeasible,fedcvar,0.60,0.40,3,4000,500,0,,0.265807,Asian-Pac-Islander,0.397018,0.332669,0.208726,0.397018,0.207566,0.183057,adult_infeasible_fedcvar_a0.60_g0.40_seed3.csv.gz
adult,infeasible,fedcvar,0.60,0.40,4,4000,500,0,,0.266454,Asian-Pac-Islander,0.39765,0.332496,0.211469,0.39765,0.206262,0.184394,adult_infeasible_fedcvar_a0.60_g0.40_seed4.csv.gz
adult,infeasible,fedcvar,0.60,0.50,0,4000,500,0,,0.260202,Asian-Pac-Islander,0.397676,0.332463,0.21003,0.397676,0.205609,0.155234,adult_infeasible_fedcvar_a0.60_g0.50_seed0.csv.gz
adult,infeasible,fedcvar,0.60,0.50,1,4000,500,0,,0.261013,Asian-Pac-Islander,0.394539,0.332986,0.206309,0.394539,0.203363,0.167868,adult_infeasible_fedcvar_a0.60_g0.50_seed1.csv.gz
adult,infeasible,fedcvar,0.60,0.50,2,4000,500,0,,0.263416,Asian-Pac-Islander,0.396807,0.332719,0.208829,0.396807,0.207952,0.170773,adult_infeasible_fedcvar_a0.60_g0.50_seed2.csv.gz
adult,infeasible,fedcvar,0.60,0.50,3,4000,500,0,,0.261786,Asian-Pac-Islander,0.397538,0.33244,0.206538,0.397538,0.203603,0.16881,adult_infeasible_fedcvar_a0.60_g0.50_seed3.csv.gz
adult,infeasible,fedcvar,0.60,0.50,4,4000,500,0,,0.262242,Asian-Pac-Islander,0.397934,0.332257,0.209519,0.397934,0.202627,0.168875,adult_infeasible_fedcvar_a0.60_g0.50_seed4.csv.gz
adult,infeasible,fedcvar,0.60,0.60,0,4000,500,0,,0.2568,Asian-Pac-Islander,0.398017,0.332253,0.207834,0.398017,0.202626,0.143269,adult_infeasible_fedcvar_a0.60_g0.60_seed0.csv.gz
adult,infeasible,fedcvar,0.60,0.60,1,4000,500,0,,0.257362,Asian-Pac-Islander,0.394978,0.332773,0.204219,0.394978,0.200012,0.154829,adult_infeasible_fedcvar_a0.60_g0.60_seed1.csv.gz
adult,infeasible,fedcvar,0.60,0.60,2,4000,500,0,,0.259827,Asian-Pac-Islander,0.397151,0.33248,0.206741,0.397151,0.204476,0.15829,adult_infeasible_fedcvar_a0.60_g0.60_seed2.csv.gz
adult,infeasible,fedcvar,0.60,0.60,3,4000,500,0,,0.258281,Asian-Pac-Islander,0.39808,0.332274,0.204495,0.39808,0.200026,0.156532,adult_infeasible_fedcvar_a0.60_g0.60_seed3.csv.gz
adult,infeasible,fedcvar,0.60,0.60,4,4000,500,0,,0.258663,Asian-Pac-Islander,0.398404,0.332086,0.207628,0.398404,0.199512,0.155683,adult_infeasible_fedcvar_a0.60_g0.60_seed4.csv.gz
adult,infeasible,fedcvar,0.60,0.70,0,4000,500,0,,0.253853,Asian-Pac-Islander,0.39842,0.332101,0.205797,0.39842,0.199872,0.133077,adult_infeasible_fedcvar_a0.60_g0.70_seed0.csv.gz
adult,infeasible,fedcvar,0.60,0.70,1,4000,500,0,,0.254224,Asian-Pac-Islander,0.395559,0.332619,0.202249,0.395559,0.19683,0.143865,adult_infeasible_fedcvar_a0.60_g0.70_seed1.csv.gz
adult,infeasible,fedcvar,0.60,0.70,2,4000,500,0,,0.256698,Asian-Pac-Islander,0.397398,0.332307,0.204805,0.397398,0.20118,0.147798,adult_infeasible_fedcvar_a0.60_g0.70_seed2.csv.gz
adult,infeasible,fedcvar,0.60,0.70,3,4000,500,0,,0.255199,Asian-Pac-Islander,0.398742,0.332181,0.202544,0.398742,0.196693,0.145835,adult_infeasible_fedcvar_a0.60_g0.70_seed3.csv.gz
adult,infeasible,fedcvar,0.60,0.70,4,4000,500,0,,0.25558,Asian-Pac-Islander,0.398952,0.331979,0.205876,0.398952,0.196498,0.144594,adult_infeasible_fedcvar_a0.60_g0.70_seed4.csv.gz
adult,infeasible,fedcvar,0.60,0.80,0,4000,500,0,,0.251238,Asian-Pac-Islander,0.398891,0.332006,0.203896,0.398891,0.19706,0.124339,adult_infeasible_fedcvar_a0.60_g0.80_seed0.csv.gz
adult,infeasible,fedcvar,0.60,0.80,1,4000,500,0,,0.251435,Asian-Pac-Islander,0.396239,0.332527,0.200479,0.396239,0.193655,0.134275,adult_infeasible_fedcvar_a0.60_g0.80_seed1.csv.gz
adult,infeasible,fedcvar,0.60,0.80,2,4000,500,0,,0.253715,Asian-Pac-Islander,0.397704,0.332209,0.20302,0.397704,0.197923,0.137719,adult_infeasible_fedcvar_a0.60_g0.80_seed2.csv.gz
adult,infeasible,fedcvar,0.60,0.80,3,4000,500,0,,0.252407,Asian-Pac-Islander,0.399405,0.332162,0.200738,0.399405,0.193435,0.136296,adult_infeasible_fedcvar_a0.60_g0.80_seed3.csv.gz
adult,infeasible,fedcvar,0.60,0.80,4,4000,500,0,,0.252838,Asian-Pac-Islander,0.39953,0.331943,0.204275,0.39953,0.193512,0.134932,adult_infeasible_fedcvar_a0.60_g0.80_seed4.csv.gz
adult,infeasible,fedcvar,0.60,0.90,0,4000,500,0,,0.248875,Asian-Pac-Islander,0.39925,0.331993,0.202171,0.39925,0.19422,0.116743,adult_infeasible_fedcvar_a0.60_g0.90_seed0.csv.gz
adult,infeasible,fedcvar,0.60,0.90,1,4000,500,0,,0.248928,Asian-Pac-Islander,0.396932,0.332518,0.198929,0.396932,0.190436,0.125823,adult_infeasible_fedcvar_a0.60_g0.90_seed1.csv.gz
adult,infeasible,fedcvar,0.60,0.90,2,4000,500,0,,0.251206,Asian-Pac-Islander,0.398012,0.332191,0.201416,0.398012,0.194593,0.129818,adult_infeasible_fedcvar_a0.60_g0.90_seed2.csv.gz
adult,infeasible,fedcvar,0.60,0.90,3,4000,500,0,,0.25012,Asian-Pac-Islander,0.40007,0.332234,0.199146,0.40007,0.19025,0.1289,adult_infeasible_fedcvar_a0.60_g0.90_seed3.csv.gz
adult,infeasible,fedcvar,0.60,0.90,4,4000,500,0,,0.250449,Asian-Pac-Islander,0.400067,0.332001,0.202804,0.400067,0.190586,0.126786,adult_infeasible_fedcvar_a0.60_g0.90_seed4.csv.gz
adult,infeasible,fedcvar,0.60,1.00,0,4000,500,0,,0.246885,Asian-Pac-Islander,0.399635,0.332113,0.200648,0.399635,0.191188,0.110841,adult_infeasible_fedcvar_a0.60_g1.00_seed0.csv.gz
adult,infeasible,fedcvar,0.60,1.00,1,4000,500,0,,0.246788,Asian-Pac-Islander,0.397544,0.332652,0.197583,0.397544,0.187137,0.119026,adult_infeasible_fedcvar_a0.60_g1.00_seed1.csv.gz
adult,infeasible,fedcvar,0.60,1.00,2,4000,500,0,,0.249132,Asian-Pac-Islander,0.398424,0.3323,0.200047,0.398424,0.191071,0.123817,adult_infeasible_fedcvar_a0.60_g1.00_seed2.csv.gz
adult,infeasible,fedcvar,0.60,1.00,3,4000,500,0,,0.248121,Asian-Pac-Islander,0.400655,0.332439,0.197797,0.400655,0.186969,0.122747,adult_infeasible_fedcvar_a0.60_g1.00_seed3.csv.gz
adult,infeasible,fedcvar,0.60,1.00,4,4000,500,0,,0.248412,Asian-Pac-Islander,0.400587,0.332195,0.201517,0.400587,0.187398,0.120366,adult_infeasible_fedcvar_a0.60_g1.00_seed4.csv.gz
adult,infeasible,fedcvar,0.70,0.10,0,4000,500,0,,0.279257,Asian-Pac-Islander,0.395542,0.332954,0.218222,0.395542,0.221804,0.227764,adult_infeasible_fedcvar_a0.70_g0.10_seed0.csv.gz
adult,infeasible,fedcvar,0.70,0.10,1,4000,500,0,,0.279822,Asian-Pac-Islander,0.392984,0.333437,0.214203,0.392984,0.220765,0.237723,adult_infeasible_fedcvar_a0.70_g0.10_seed1.csv.gz
adult,infeasible,fedcvar,0.70,0.10,2,4000,500,0,,0.281517,Asian-Pac-Islander,0.394707,0.33326,0.216768,0.394707,0.226152,0.236699,adult_infeasible_fedcvar_a0.70_g0.10_seed2.csv.gz
adult,infeasible,fedcvar,0.70,0.10,3,4000,500,0,,0.27889,Asian-Pac-Islander,0.396127,0.332908,0.213587,0.396127,0.221219,0.230609,adult_infeasible_fedcvar_a0.70_g0.10_seed3.csv.gz
adult,infeasible,fedcvar,0.70,0.10,4,4000,500,0,,0.279188,Asian-Pac-Islander,0.396422,0.332784,0.216073,0.396422,0.21815,0.232514,adult_infeasible_fedcvar_a0.70_g0.10_seed4.csv.gz
adult,infeasible,fedcvar,0.70,0.20,0,4000,500,0,,0.273632,Asian-Pac-Islander,0.395678,0.332715,0.214874,0.395678,0.215918,0.208972,adult_infeasible_fedcvar_a0.70_g0.20_seed0.csv.gz
adult,infeasible,fedcvar,0.70,0.20,1,4000,500,0,,0.274841,Asian-Pac-Islander,0.393237,0.333223,0.21069,0.393237,0.214465,0.222589,adult_infeasible_fedcvar_a0.70_g0.20_seed1.csv.gz
adult,infeasible,fedcvar,0.70,0.20,2,4000,500,0,,0.276628,Asian-Pac-Islander,0.394929,0.332999,0.213508,0.394929,0.219892,0.221812,adult_infeasible_fedcvar_a0.70_g0.20_seed2.csv.gz
adult,infeasible,fedcvar,0.70,0.20,3,4000,500,0,,0.274149,Asian-Pac-Islander,0.396512,0.332717,0.210452,0.396512,0.214702,0.216365,adult_infeasible_fedcvar_a0.70_g0.20_seed3.csv.gz
adult,infeasible,fedcvar,0.70,0.20,4,4000,500,0,,0.274413,Asian-Pac-Islander,0.396533,0.332562,0.213095,0.396533,0.21245,0.217425,adult_infeasible_fedcvar_a0.70_g0.20_seed4.csv.gz
adult,infeasible,fedcvar,0.70,0.30,0,4000,500,0,,0.267659,Asian-Pac-Islander,0.395951,0.332503,0.212057,0.395951,0.210555,0.187229,adult_infeasible_fedcvar_a0.70_g0.30_seed0.csv.gz
adult,infeasible,fedcvar,0.70,0.30,1,4000,500,0,,0.269149,Asian-Pac-Islander,0.393521,0.333017,0.208011,0.393521,0.208888,0.202307,adult_infeasible_fedcvar_a0.70_g0.30_seed1.csv.gz
adult,infeasible,fedcvar,0.70,0.30,2,4000,500,0,,0.271145,Asian-Pac-Islander,0.395186,0.332781,0.210865,0.395186,0.214414,0.202476,adult_infeasible_fedcvar_a0.70_g0.30_seed2.csv.gz
adult,infeasible,fedcvar,0.70,0.30,3,4000,500,0,,0.269242,Asian-Pac-Islander,0.396826,0.332533,0.208027,0.396826,0.209463,0.199361,adult_infeasible_fedcvar_a0.70_g0.30_seed3.csv.gz
adult,infeasible,fedcvar,0.70,0.30,4,4000,500,0,,0.269134,Asian-Pac-Islander,0.396825,0.332372,0.21084,0.396825,0.207411,0.19822,adult_infeasible_fedcvar_a0.70_g0.30_seed4.csv.gz
adult,infeasible,fedcvar,0.70,0.40,0,4000,500,0,,0.262921,Asian-Pac-Islander,0.396253,0.332316,0.209839,0.396253,0.206499,0.169698,adult_infeasible_fedcvar_a0.70_g0.40_seed0.csv.gz
adult,infeasible,fedcvar,0.70,0.40,1,4000,500,0,,0.264021,Asian-Pac-Islander,0.393915,0.332851,0.205811,0.393915,0.204229,0.183297,adult_infeasible_fedcvar_a0.70_g0.40_seed1.csv.gz
adult,infeasible,fedcvar,0.70,0.40,2,4000,500,0,,0.266379,Asian-Pac-Islander,0.395523,0.332594,0.208649,0.395523,0.209726,0.185404,adult_infeasible_fedcvar_a0.70_g0.40_seed2.csv.gz
adult,infeasible,fedcvar,0.70,0.40,3,4000,500,0,,0.264518,Asian-Pac-Islander,0.397202,0.332388,0.20597,0.397202,0.20481,0.18222,adult_infeasible_fedcvar_a0.70_g0.40_seed3.csv.gz
adult,infeasible,fedcvar,0.70,0.40,4,4000,500,0,,0.26471,Asian-Pac-Islander,0.397145,0.332208,0.209021,0.397145,0.2035,0.181675,adult_infeasible_fedcvar_a0.70_g0.40_seed4.csv.gz
adult,infeasible,fedcvar,0.70,0.50,0,4000,500,0,,0.258947,Asian-Pac-Islander,0.396599,0.332158,0.207879,0.396599,0.203117,0.15498,adult_infeasible_fedcvar_a0.70_g0.50_seed0.csv.gz
adult,infeasible,fedcvar,0.70,0.50,1,4000,500,0,,0.259826,Asian-Pac-Islander,0.394225,0.332702,0.20406,0.394225,0.200431,0.167714,adult_infeasible_fedcvar_a0.70_g0.50_seed1.csv.gz
adult,infeasible,fedcvar,0.70,0.50,2,4000,500,0,,0.262339,Asian-Pac-Islander,0.395886,0.332417,0.206866,0.395886,0.205829,0.170695,adult_infeasible_fedcvar_a0.70_g0.50_seed2.csv.gz
adult,infeasible,fedcvar,0.70,0.50,3,4000,500,0,,0.260513,Asian-Pac-Islander,0.397599,0.332271,0.20426,0.397599,0.200947,0.16749,adult_infeasible_fedcvar_a0.70_g0.50_seed3.csv.gz
adult,infeasible,fedcvar,0.70,0.50,4,4000,500,0,,0.26072,Asian-Pac-Islander,0.397542,0.33208,0.207499,0.397542,0.200174,0.166304,adult_infeasible_fedcvar_a0.70_g0.50_seed4.csv.gz
adult,infeasible,fedcvar,0.70,0.60,0,4000,500,0,,0.255694,Asian-Pac-Islander,0.396991,0.332036,0.206191,0.396991,0.200244,0.143007,adult_infeasible_fedcvar_a0.70_g0.60_seed0.csv.gz
adult,infeasible,fedcvar,0.70,0.60,1,4000,500,0,,0.256282,Asian-Pac-Islander,0.394688,0.332578,0.202559,0.394688,0.197199,0.154386,adult_infeasible_fedcvar_a0.70_g0.60_seed1.csv.gz
adult,infeasible,fedcvar,0.70,0.60,2,4000,500,0,,0.258703,Asian-Pac-Islander,0.39621,0.332278,0.205305,0.39621,0.202274,0.157445,adult_infeasible_fedcvar_a0.70_g0.60_seed2.csv.gz
adult,infeasible,fedcvar,0.70,0.60,3,4000,500,0,,0.25708,Asian-Pac-Islander,0.398037,0.332188,0.202781,0.398037,0.197675,0.154719,adult_infeasible_fedcvar_a0.70_g0.60_seed3.csv.gz
adult,infeasible,fedcvar,0.70,0.60,4,4000,500,0,,0.257497,Asian-Pac-Islander,0.397982,0.331983,0.206208,0.397982,0.19728,0.154033,adult_infeasible_fedcvar_a0.70_g0.60_seed4.csv.gz
adult,infeasible,fedcvar,0.70,0.70,0,4000,500,0,,0.25294,Asian-Pac-Islander,0.397415,0.331959,0.204658,0.397415,0.197723,0.132947,adult_infeasible_fedcvar_a0.70_g0.70_seed0.csv.gz
adult,infeasible,fedcvar,0.70,0.70,1,4000,500,0,,0.253275,Asian-Pac-Islander,0.395132,0.3325,0.201206,0.395132,0.194356,0.143181,adult_infeasible_fedcvar_a0.70_g0.70_seed1.csv.gz
adult,infeasible,fedcvar,0.70,0.70,2,4000,500,0,,0.255612,Asian-Pac-Islander,0.396696,0.332185,0.203875,0.396696,0.19913,0.146175,adult_infeasible_fedcvar_a0.70_g0.70_seed2.csv.gz
adult,infeasible,fedcvar,0.70,0.70,3,4000,500,0,,0.254195,Asian-Pac-Islander,0.398486,0.332152,0.201401,0.398486,0.194702,0.144233,adult_infeasible_fedcvar_a0.70_g0.70_seed3.csv.gz
adult,infeasible,fedcvar,0.70,0.70,4,4000,500,0,,0.254794,Asian-Pac-Islander,0.39852,0.331932,0.205026,0.39852,0.194652,0.143839,adult_infeasible_fedcvar_a0.70_g0.70_seed4.csv.gz
adult,infeasible,fedcvar,0.70,0.80,0,4000,500,0,,0.250505,Asian-Pac-Islander,0.397973,0.33194,0.203225,0.397973,0.195368,0.124019,adult_infeasible_fedcvar_a0.70_g0.80_seed0.csv.gz
adult,infeasible,fedcvar,0.70,0.80,1,4000,500,0,,0.250687,Asian-Pac-Islander,0.395723,0.33248,0.199922,0.395723,0.191688,0.133621,adult_infeasible_fedcvar_a0.70_g0.80_seed1.csv.gz
adult,infeasible,fedcvar,0.70,0.80,2,4000,500,0,,0.253064,Asian-Pac-Islander,0.397201,0.332154,0.202538,0.397201,0.196216,0.137213,adult_infeasible_fedcvar_a0.70_g0.80_seed2.csv.gz
adult,infeasible,fedcvar,0.70,0.80,3,4000,500,0,,0.251843,Asian-Pac-Islander,0.39908,0.332167,0.20015,0.39908,0.191993,0.135825,adult_infeasible_fedcvar_a0.70_g0.80_seed3.csv.gz
adult,infeasible,fedcvar,0.70,0.80,4,4000,500,0,,0.252314,Asian-Pac-Islander,0.399087,0.331946,0.203842,0.399087,0.192117,0.134577,adult_infeasible_fedcvar_a0.70_g0.80_seed4.csv.gz
adult,infeasible,fedcvar,0.70,0.90,0,4000,500,0,,0.248468,Asian-Pac-Islander,0.398747,0.331979,0.201889,0.398747,0.193209,0.116513,adult_infeasible_fedcvar_a0.70_g0.90_seed0.csv.gz
adult,infeasible,fedcvar,0.70,0.90,1,4000,500,0,,0.248523,Asian-Pac-Islander,0.396546,0.332522,0.198702,0.396546,0.189309,0.125534,adult_infeasible_fedcvar_a0.70_g0.90_seed1.csv.gz
adult,infeasible,fedcvar,0.70,0.90,2,4000,500,0,,0.250937,Asian-Pac-Islander,0.397746,0.332185,0.201246,0.397746,0.193565,0.129941,adult_infeasible_fedcvar_a0.70_g0.90_seed2.csv.gz
adult,infeasible,fedcvar,0.70,0.90,3,4000,500,0,,0.249807,Asian-Pac-Islander,0.399759,0.332258,0.198944,0.399759,0.189414,0.128659,adult_infeasible_fedcvar_a0.70_g0.90_seed3.csv.gz
adult,infeasible,fedcvar,0.70,0.90,4,4000,500,0,,0.250135,Asian-Pac-Islander,0.399727,0.332026,0.202666,0.399727,0.189696,0.126559,adult_infeasible_fedcvar_a0.70_g0.90_seed4.csv.gz
adult,infeasible,fedcvar,0.70,1.00,0,4000,500,0,,0.246885,Asian-Pac-Islander,0.399635,0.332113,0.200648,0.399635,0.191188,0.110841,adult_infeasible_fedcvar_a0.70_g1.00_seed0.csv.gz
adult,infeasible,fedcvar,0.70,1.00,1,4000,500,0,,0.246788,Asian-Pac-Islander,0.397544,0.332652,0.197583,0.397544,0.187137,0.119026,adult_infeasible_fedcvar_a0.70_g1.00_seed1.csv.gz
adult,infeasible,fedcvar,0.70,1.00,2,4000,500,0,,0.249132,Asian-Pac-Islander,0.398424,0.3323,0.200047,0.398424,0.191071,0.123817,adult_infeasible_fedcvar_a0.70_g1.00_seed2.csv.gz
adult,infeasible,fedcvar,0.70,1.00,3,4000,500,0,,0.248121,Asian-Pac-Islander,0.400655,0.332439,0.197797,0.400655,0.186969,0.122747,adult_infeasible_fedcvar_a0.70_g1.00_seed3.csv.gz
adult,infeasible,fedcvar,0.70,1.00,4,4000,500,0,,0.248412,Asian-Pac-Islander,0.400587,0.332195,0.201517,0.400587,0.187398,0.120366,adult_infeasible_fedcvar_a0.70_g1.00_seed4.csv.gz
adult,infeasible,fedcvar,0.80,0.10,0,4000,500,0,,0.271825,Asian-Pac-Islander,0.396257,0.332254,0.213214,0.396257,0.21198,0.205421,adult_infeasible_fedcvar_a0.80_g0.10_seed0.csv.gz
adult,infeasible,fedcvar,0.80,0.10,1,4000,500,0,,0.271786,Asian-Pac-Islander,0.394456,0.332705,0.209482,0.394456,0.208311,0.213976,adult_infeasible_fedcvar_a0.80_g0.10_seed1.csv.gz
adult,infeasible,fedcvar,0.80,0.10,2,4000,500,0,,0.273515,Asian-Pac-Islander,0.395834,0.332505,0.21197,0.395834,0.214795,0.212469,adult_infeasible_fedcvar_a0.80_g0.10_seed2.csv.gz
adult,infeasible,fedcvar,0.80,0.10,3,4000,500,0,,0.270894,Asian-Pac-Islander,0.398212,0.332294,0.209037,0.398212,0.207705,0.207222,adult_infeasible_fedcvar_a0.80_g0.10_seed3.csv.gz
adult,infeasible,fedcvar,0.80,0.10,4,4000,500,0,,0.271268,Asian-Pac-Islander,0.39791,0.332297,0.211461,0.39791,0.207512,0.207161,adult_infeasible_fedcvar_a0.80_g0.10_seed4.csv.gz
adult,infeasible,fedcvar,0.80,0.20,0,4000,500,0,,0.268669,Asian-Pac-Islander,0.396525,0.332137,0.2105,0.396525,0.208574,0.195606,adult_infeasible_fedcvar_a0.80_g0.20_seed0.csv.gz
adult,infeasible,fedcvar,0.80,0.20,1,4000,500,0,,0.268829,Asian-Pac-Islander,0.39463,0.332594,0.206766,0.39463,0.204855,0.205302,adult_infeasible_fedcvar_a0.80_g0.20_seed1.csv.gz
adult,infeasible,fedcvar,0.80,0.20,2,4000,500,0,,0.270559,Asian-Pac-Islander,0.395991,0.33238,0.209379,0.395991,0.210979,0.204064,adult_infeasible_fedcvar_a0.80_g0.20_seed2.csv.gz
adult,infeasible,fedcvar,0.80,0.20,3,4000,500,0,,0.26812,Asian-Pac-Islander,0.39836,0.332205,0.206644,0.39836,0.204411,0.198978,adult_infeasible_fedcvar_a0.80_g0.20_seed3.csv.gz
adult,infeasible,fedcvar,0.80,0.20,4,4000,500,0,,0.268585,Asian-Pac-Islander,0.398022,0.332186,0.209395,0.398022,0.204368,0.198951,adult_infeasible_fedcvar_a0.80_g0.20_seed4.csv.gz
adult,infeasible,fedcvar,0.80,0.30,0,4000,500,0,,0.26501,Asian-Pac-Islander,0.396762,0.332052,0.208394,0.396762,0.205301,0.182541,adult_infeasible_fedcvar_a0.80_g0.30_seed0.csv.gz
adult,infeasible,fedcvar,0.80,0.30,1,4000,500,0,,0.265289,Asian-Pac-Islander,0.39489,0.332513,0.204649,0.39489,0.201245,0.193149,adult_infeasible_fedcvar_a0.80_g0.30_seed1.csv.gz
adult,infeasible,fedcvar,0.80,0.30,2,4000,500,0,,0.267193,Asian-Pac-Islander,0.396182,0.332276,0.207369,0.396182,0.207362,0.192779,adult_infeasible_fedcvar_a0.80_g0.30_seed2.csv.gz
adult,infeasible,fedcvar,0.80,0.30,3,4000,500,0,,0.265016,Asian-Pac-Islander,0.39857,0.332152,0.204721,0.39857,0.201106,0.188532,adult_infeasible_fedcvar_a0.80_g0.30_seed3.csv.gz
adult,infeasible,fedcvar,0.80,0.30,4,4000,500,0,,0.265259,Asian-Pac-Islander,0.398189,0.3321,0.20773,0.398189,0.201109,0.187169,adult_infeasible_fedcvar_a0.80_g0.30_seed4.csv.gz
adult,infeasible,fedcvar,0.80,0.40,0,4000,500,0,,0.260968,Asian-Pac-Islander,0.397072,0.331983,0.206649,0.397072,0.202293,0.166844,adult_infeasible_fedcvar_a0.80_g0.40_seed0.csv.gz
adult,infeasible,fedcvar,0.80,0.40,1,4000,500,0,,0.26142,Asian-Pac-Islander,0.395227,0.332454,0.20303,0.395227,0.198174,0.178214,adult_infeasible_fedcvar_a0.80_g0.40_seed1.csv.gz
adult,infeasible,fedcvar,0.80,0.40,2,4000,500,0,,0.263457,Asian-Pac-Islander,0.396464,0.332198,0.205767,0.396464,0.203952,0.178906,adult_infeasible_fedcvar_a0.80_g0.40_seed2.csv.gz
adult,infeasible,fedcvar,0.80,0.40,3,4000,500,0,,0.261718,Asian-Pac-Islander,0.398822,0.33211,0.203238,0.398822,0.19829,0.176129,adult_infeasible_fedcvar_a0.80_g0.40_seed3.csv.gz
adult,infeasible,fedcvar,0.80,0.40,4,4000,500,0,,0.26186,Asian-Pac-Islander,0.398416,0.332036,0.206406,0.398416,0.198079,0.174363,adult_infeasible_fedcvar_a0.80_g0.40_seed4.csv.gz
adult,infeasible,fedcvar,0.80,0.50,0,4000,500,0,,0.257466,Asian-Pac-Islander,0.397456,0.331936,0.205308,0.397456,0.199651,0.152979,adult_infeasible_fedcvar_a0.80_g0.50_seed0.csv.gz
adult,infeasible,fedcvar,0.80,0.50,1,4000,500,0,,0.257902,Asian-Pac-Islander,0.39555,0.332423,0.201726,0.39555,0.195377,0.164436,adult_infeasible_fedcvar_a0.80_g0.50_seed1.csv.gz
adult,infeasible,fedcvar,0.80,0.50,2,4000,500,0,,0.259943,Asian-Pac-Islander,0.396756,0.332146,0.204456,0.396756,0.200833,0.165523,adult_infeasible_fedcvar_a0.80_g0.50_seed2.csv.gz
adult,infeasible,fedcvar,0.80,0.50,3,4000,500,0,,0.258473,Asian-Pac-Islander,0.399091,0.332098,0.202004,0.399091,0.195714,0.163459,adult_infeasible_fedcvar_a0.80_g0.50_seed3.csv.gz
adult,infeasible,fedcvar,0.80,0.50,4,4000,500,0,,0.258724,Asian-Pac-Islander,0.39872,0.331998,0.205303,0.39872,0.19559,0.162006,adult_infeasible_fedcvar_a0.80_g0.50_seed4.csv.gz
adult,infeasible,fedcvar,0.80,0.60,0,4000,500,0,,0.254447,Asian-Pac-Islander,0.397801,0.331916,0.204154,0.397801,0.197389,0.140974,adult_infeasible_fedcvar_a0.80_g0.60_seed0.csv.gz
adult,infeasible,fedcvar,0.80,0.60,1,4000,500,0,,0.254855,Asian-Pac-Islander,0.39591,0.332418,0.200647,0.39591,0.193085,0.152214,adult_infeasible_fedcvar_a0.80_g0.60_seed1.csv.gz
adult,infeasible,fedcvar,0.80,0.60,2,4000,500,0,,0.257006,Asian-Pac-Islander,0.397079,0.33212,0.203347,0.397079,0.198193,0.154291,adult_infeasible_fedcvar_a0.80_g0.60_seed2.csv.gz
adult,infeasible,fedcvar,0.80,0.60,3,4000,500,0,,0.255704,Asian-Pac-Islander,0.399364,0.332112,0.20096,0.399364,0.193511,0.152575,adult_infeasible_fedcvar_a0.80_g0.60_seed3.csv.gz
adult,infeasible,fedcvar,0.80,0.60,4,4000,500,0,,0.256013,Asian-Pac-Islander,0.399035,0.331987,0.204366,0.399035,0.193442,0.151236,adult_infeasible_fedcvar_a0.80_g0.60_seed4.csv.gz
adult,infeasible,fedcvar,0.80,0.70,0,4000,500,0,,0.251981,Asian-Pac-Islander,0.398224,0.33192,0.203148,0.398224,0.195504,0.13111,adult_infeasible_fedcvar_a0.80_g0.70_seed0.csv.gz
adult,infeasible,fedcvar,0.80,0.70,1,4000,500,0,,0.252243,Asian-Pac-Islander,0.3963,0.332436,0.199739,0.3963,0.191191,0.14155,adult_infeasible_fedcvar_a0.80_g0.70_seed1.csv.gz
adult,infeasible,fedcvar,0.80,0.70,2,4000,500,0,,0.254442,Asian-Pac-Islander,0.397378,0.332122,0.202403,0.397378,0.196032,0.144277,adult_infeasible_fedcvar_a0.80_g0.70_seed2.csv.gz
adult,infeasible,fedcvar,0.80,0.70,3,4000,500,0,,0.253335,Asian-Pac-Islander,0.399679,0.332147,0.200067,0.399679,0.191608,0.143177,adult_infeasible_fedcvar_a0.80_g0.70_seed3.csv.gz
adult,infeasible,fedcvar,0.80,0.70,4,4000,500,0,,0.253632,Asian-Pac-Islander,0.39938,0.331997,0.203544,0.39938,0.191649,0.141588,adult_infeasible_fedcvar_a0.80_g0.70_seed4.csv.gz
adult,infeasible,fedcvar,0.80,0.80,0,4000,500,0,,0.249881,Asian-Pac-Islander,0.398651,0.331952,0.202221,0.398651,0.19384,0.122742,adult_infeasible_fedcvar_a0.80_g0.80_seed0.csv.gz
adult,infeasible,fedcvar,0.80,0.80,1,4000,500,0,,0.250063,Asian-Pac-Islander,0.396684,0.332479,0.198941,0.396684,0.189579,0.132634,adult_infeasible_fedcvar_a0.80_g0.80_seed1.csv.gz
adult,infeasible,fedcvar,0.80,0.80,2,4000,500,0,,0.252414,Asian-Pac-Islander,0.397701,0.332149,0.201542,0.397701,0.194159,0.136518,adult_infeasible_fedcvar_a0.80_g0.80_seed2.csv.gz
adult,infeasible,fedcvar,0.80,0.80,3,4000,500,0,,0.251294,Asian-Pac-Islander,0.399966,0.332211,0.199254,0.399966,0.189842,0.1352,adult_infeasible_fedcvar_a0.80_g0.80_seed3.csv.gz
adult,infeasible,fedcvar,0.80,0.80,4,4000,500,0,,0.251526,Asian-Pac-Islander,0.399746,0.332032,0.20281,0.399746,0.190029,0.133012,adult_infeasible_fedcvar_a0.80_g0.80_seed4.csv.gz
adult,infeasible,fedcvar,0.80,0.90,0,4000,500,0,,0.248206,Asian-Pac-Islander,0.399118,0.332014,0.201382,0.399118,0.192374,0.11614,adult_infeasible_fedcvar_a0.80_g0.90_seed0.csv.gz
adult,infeasible,fedcvar,0.80,0.90,1,4000,500,0,,0.248251,Asian-Pac-Islander,0.397101,0.332543,0.198223,0.397101,0.188283,0.125105,adult_infeasible_fedcvar_a0.80_g0.90_seed1.csv.gz
adult,infeasible,fedcvar,0.80,0.90,2,4000,500,0,,0.250652,Asian-Pac-Islander,0.398059,0.332202,0.200773,0.398059,0.192528,0.129698,adult_infeasible_fedcvar_a0.80_g0.90_seed2.csv.gz
adult,infeasible,fedcvar,0.80,0.90,3,4000,500,0,,0.249543,Asian-Pac-Islander,0.4003,0.332302,0.198478,0.4003,0.188304,0.128329,adult_infeasible_fedcvar_a0.80_g0.90_seed3.csv.gz
adult,infeasible,fedcvar,0.80,0.90,4,4000,500,0,,0.249811,Asian-Pac-Islander,0.40012,0.332093,0.202131,0.40012,0.188607,0.126104,adult_infeasible_fedcvar_a0.80_g0.90_seed4.csv.gz
adult,infeasible,fedcvar,0.80,1.00,0,4000,500,0,,0.246885,Asian-Pac-Islander,0.399635,0.332113,0.200648,0.399635,0.191188,0.110841,adult_infeasible_fedcvar_a0.80_g1.00_seed0.csv.gz
adult,infeasible,fedcvar,0.80,1.00,1,4000,500,0,,0.246788,Asian-Pac-Islander,0.397544,0.332652,0.197583,0.397544,0.187137,0.119026,adult_infeasible_fedcvar_a0.80_g1.00_seed1.csv.gz
adult,infeasible,fedcvar,0.80,1.00,2,4000,500,0,,0.249132,Asian-Pac-Islander,0.398424,0.3323,0.200047,0.398424,0.191071,0.123817,adult_infeasible_fedcvar_a0.80_g1.00_seed2.csv.gz
adult,infeasible,fedcvar,0.80,1.00,3,4000,500,0,,0.248121,Asian-Pac-Islander,0.400655,0.332439,0.197797,0.400655,0.186969,0.122747,adult_infeasible_fedcvar_a0.80_g1.00_seed3.csv.gz
adult,infeasible,fedcvar,0.80,1.00,4,4000,500,0,,0.248412,Asian-Pac-Islander,0.400587,0.332195,0.201517,0.400587,0.187398,0.120366,adult_infeasible_fedcvar_a0.80_g1.00_seed4.csv.gz
adult,infeasible,fedcvar,0.90,0.10,0,4000,500,0,,0.26127,Asian-Pac-Islander,0.398293,0.331707,0.206411,0.398293,0.196718,0.173221,adult_infeasible_fedcvar_a0.90_g0.10_seed0.csv.gz
adult,infeasible,fedcvar,0.90,0.10,1,4000,500,0,,0.260323,Asian-Pac-Islander,0.396396,0.33214,0.203029,0.396396,0.192457,0.177591,adult_infeasible_fedcvar_a0.90_g0.10_seed1.csv.gz
adult,infeasible,fedcvar,0.90,0.10,2,4000,500,0,,0.262291,Asian-Pac-Islander,0.398028,0.331884,0.205889,0.398028,0.197512,0.17814,adult_infeasible_fedcvar_a0.90_g0.10_seed2.csv.gz
adult,infeasible,fedcvar,0.90,0.10,3,4000,500,0,,0.261011,Asian-Pac-Islander,0.399525,0.331801,0.203406,0.399525,0.192725,0.177598,adult_infeasible_fedcvar_a0.90_g0.10_seed3.csv.gz
adult,infeasible,fedcvar,0.90,0.10,4,4000,500,0,,0.260855,Asian-Pac-Islander,0.399929,0.331814,0.205981,0.399929,0.193404,0.173149,adult_infeasible_fedcvar_a0.90_g0.10_seed4.csv.gz
adult,infeasible,fedcvar,0.90,0.20,0,4000,500,0,,0.259692,Asian-Pac-Islander,0.398417,0.331709,0.205583,0.398417,0.19586,0.166891,adult_infeasible_fedcvar_a0.90_g0.20_seed0.csv.gz
adult,infeasible,fedcvar,0.90,0.20,1,4000,500,0,,0.259131,Asian-Pac-Islander,0.396432,0.33216,0.202154,0.396432,0.191587,0.17332,adult_infeasible_fedcvar_a0.90_g0.20_seed1.csv.gz
adult,infeasible,fedcvar,0.90,0.20,2,4000,500,0,,0.26101,Asian-Pac-Islander,0.397998,0.331887,0.205043,0.397998,0.196493,0.173629,adult_infeasible_fedcvar_a0.90_g0.20_seed2.csv.gz
adult,infeasible,fedcvar,0.90,0.20,3,4000,500,0,,0.259701,Asian-Pac-Islander,0.399576,0.331828,0.202563,0.399576,0.191833,0.172704,adult_infeasible_fedcvar_a0.90_g0.20_seed3.csv.gz
adult,infeasible,fedcvar,0.90,0.20,4,4000,500,0,,0.259761,Asian-Pac-Islander,0.399982,0.33182,0.205321,0.399982,0.192571,0.169112,adult_infeasible_fedcvar_a0.90_g0.20_seed4.csv.gz
adult,infeasible,fedcvar,0.90,0.30,0,4000,500,0,,0.258077,Asian-Pac-Islander,0.398476,0.33172,0.204809,0.398476,0.194951,0.160431,adult_infeasible_fedcvar_a0.90_g0.30_seed0.csv.gz
adult,infeasible,fedcvar,0.90,0.30,1,4000,500,0,,0.257648,Asian-Pac-Islander,0.396483,0.332194,0.201365,0.396483,0.19072,0.167479,adult_infeasible_fedcvar_a0.90_g0.30_seed1.csv.gz
adult,infeasible,fedcvar,0.90,0.30,2,4000,500,0,,0.259751,Asian-Pac-Islander,0.397973,0.331902,0.204238,0.397973,0.195616,0.169023,adult_infeasible_fedcvar_a0.90_g0.30_seed2.csv.gz
adult,infeasible,fedcvar,0.90,0.30,3,4000,500,0,,0.258174,Asian-Pac-Islander,0.399672,0.331867,0.201804,0.399672,0.190917,0.16661,adult_infeasible_fedcvar_a0.90_g0.30_seed3.csv.gz
adult,infeasible,fedcvar,0.90,0.30,4,4000,500,0,,0.25857,Asian-Pac-Islander,0.400015,0.331831,0.20474,0.400015,0.191689,0.164576,adult_infeasible_fedcvar_a0.90_g0.30_seed4.csv.gz
adult,infeasible,fedcvar,0.90,0.40,0,4000,500,0,,0.256162,Asian-Pac-Islander,0.398586,0.331741,0.204093,0.398586,0.194174,0.152216,adult_infeasible_fedcvar_a0.90_g0.40_seed0.csv.gz
adult,infeasible,fedcvar,0.90,0.40,1,4000,500,0,,0.25596,Asian-Pac-Islander,0.396591,0.332234,0.200626,0.396591,0.189978,0.16037,adult_infeasible_fedcvar_a0.90_g0.40_seed1.csv.gz
adult,infeasible,fedcvar,0.90,0.40,2,4000,500,0,,0.258253,Asian-Pac-Islander,0.39797,0.331926,0.203491,0.39797,0.194737,0.163139,adult_infeasible_fedcvar_a0.90_g0.40_seed2.csv.gz
adult,infeasible,fedcvar,0.90,0.40,3,4000,500,0,,0.256627,Asian-Pac-Islander,0.399785,0.331917,0.201101,0.399785,0.190015,0.160319,adult_infeasible_fedcvar_a0.90_g0.40_seed3.csv.gz
adult,infeasible,fedcvar,0.90,0.40,4,4000,500,0,,0.257183,Asian-Pac-Islander,0.400067,0.331854,0.204183,0.400067,0.190914,0.158896,adult_infeasible_fedcvar_a0.90_g0.40_seed4.csv.gz
adult,infeasible,fedcvar,0.90,0.50,0,4000,500,0,,0.254214,Asian-Pac-Islander,0.398728,0.33177,0.203464,0.398728,0.193513,0.143597,adult_infeasible_fedcvar_a0.90_g0.50_seed0.csv.gz
adult,infeasible,fedcvar,0.90,0.50,1,4000,500,0,,0.254303,Asian-Pac-Islander,0.396721,0.33228,0.199999,0.396721,0.189217,0.153299,adult_infeasible_fedcvar_a0.90_g0.50_seed1.csv.gz
adult,infeasible,fedcvar,0.90,0.50,2,4000,500,0,,0.256633,Asian-Pac-Islander,0.398007,0.33196,0.202831,0.398007,0.193871,0.156494,adult_infeasible_fedcvar_a0.90_g0.50_seed2.csv.gz
adult,infeasible,fedcvar,0.90,0.50,3,4000,500,0,,0.255027,Asian-Pac-Islander,0.399931,0.331977,0.20044,0.399931,0.189247,0.153543,adult_infeasible_fedcvar_a0.90_g0.50_seed3.csv.gz
adult,infeasible,fedcvar,0.90,0.50,4,4000,500,0,,0.25551,Asian-Pac-Islander,0.400166,0.331891,0.20365,0.400166,0.190111,0.151731,adult_infeasible_fedcvar_a0.90_g0.50_seed4.csv.gz
adult,infeasible,fedcvar,0.90,0.60,0,4000,500,0,,0.252308,Asian-Pac-Islander,0.398912,0.331818,0.202849,0.398912,0.192718,0.135242,adult_infeasible_fedcvar_a0.90_g0.60_seed0.csv.gz
adult,infeasible,fedcvar,0.90,0.60,1,4000,500,0,,0.25244,Asian-Pac-Islander,0.396881,0.332336,0.199427,0.396881,0.188558,0.145,adult_infeasible_fedcvar_a0.90_g0.60_seed1.csv.gz
adult,infeasible,fedcvar,0.90,0.60,2,4000,500,0,,0.254842,Asian-Pac-Islander,0.398076,0.332001,0.202245,0.398076,0.193089,0.148799,adult_infeasible_fedcvar_a0.90_g0.60_seed2.csv.gz
adult,infeasible,fedcvar,0.90,0.60,3,4000,500,0,,0.253477,Asian-Pac-Islander,0.400066,0.332048,0.199844,0.400066,0.188593,0.146833,adult_infeasible_fedcvar_a0.90_g0.60_seed3.csv.gz
adult,infeasible,fedcvar,0.90,0.60,4,4000,500,0,,0.253879,Asian-Pac-Islander,0.400268,0.33193,0.203196,0.400268,0.18935,0.144649,adult_infeasible_fedcvar_a0.90_g0.60_seed4.csv.gz
adult,infeasible,fedcvar,0.90,0.70,0,4000,500,0,,0.250609,Asian-Pac-Islander,0.399103,0.331873,0.202262,0.399103,0.192202,0.127603,adult_infeasible_fedcvar_a0.90_g0.70_seed0.csv.gz
adult,infeasible,fedcvar,0.90,0.70,1,4000,500,0,,0.250698,Asian-Pac-Islander,0.39706,0.332401,0.198911,0.39706,0.188019,0.137099,adult_infeasible_fedcvar_a0.90_g0.70_seed1.csv.gz
adult,infeasible,fedcvar,0.90,0.70,2,4000,500,0,,0.253131,Asian-Pac-Islander,0.398182,0.332056,0.201667,0.398182,0.192386,0.141362,adult_infeasible_fedcvar_a0.90_g0.70_seed2.csv.gz
adult,infeasible,fedcvar,0.90,0.70,3,4000,500,0,,0.251876,Asian-Pac-Islander,0.400227,0.332127,0.199304,0.400227,0.188009,0.139711,adult_infeasible_fedcvar_a0.90_g0.70_seed3.csv.gz
adult,infeasible,fedcvar,0.90,0.70,4,4000,500,0,,0.25231,Asian-Pac-Islander,0.400357,0.331983,0.202749,0.400357,0.188696,0.137766,adult_infeasible_fedcvar_a0.90_g0.70_seed4.csv.gz
adult,infeasible,fedcvar,0.90,0.80,0,4000,500,0,,0.249164,Asian-Pac-Islander,0.399284,0.331941,0.201697,0.399284,0.191741,0.121157,adult_infeasible_fedcvar_a0.90_g0.80_seed0.csv.gz
adult,infeasible,fedcvar,0.90,0.80,1,4000,500,0,,0.249148,Asian-Pac-Islander,0.397221,0.332475,0.198443,0.397221,0.187624,0.129978,adult_infeasible_fedcvar_a0.90_g0.80_seed1.csv.gz
adult,infeasible,fedcvar,0.90,0.80,2,4000,500,0,,0.251598,Asian-Pac-Islander,0.39826,0.332126,0.201103,0.39826,0.191776,0.134723,adult_infeasible_fedcvar_a0.90_g0.80_seed2.csv.gz
adult,infeasible,fedcvar,0.90,0.80,3,4000,500,0,,0.2504,Asian-Pac-Islander,0.400375,0.332217,0.198787,0.400375,0.187514,0.133105,adult_infeasible_fedcvar_a0.90_g0.80_seed3.csv.gz
adult,infeasible,fedcvar,0.90,0.80,4,4000,500,0,,0.250794,Asian-Pac-Islander,0.400444,0.33204,0.20234,0.400444,0.18814,0.131007,adult_infeasible_fedcvar_a0.90_g0.80_seed4.csv.gz
adult,infeasible,fedcvar,0.90,0.90,0,4000,500,0,,0.247814,Asian-Pac-Islander,0.399452,0.332023,0.201148,0.399452,0.191358,0.11509,adult_infeasible_fedcvar_a0.90_g0.90_seed0.csv.gz
adult,infeasible,fedcvar,0.90,0.90,1,4000,500,0,,0.247761,Asian-Pac-Islander,0.397379,0.332559,0.197992,0.397379,0.187292,0.12358,adult_infeasible_fedcvar_a0.90_g0.90_seed1.csv.gz
adult,infeasible,fedcvar,0.90,0.90,2,4000,500,0,,0.250187,Asian-Pac-Islander,0.398328,0.332206,0.200562,0.398328,0.191291,0.128548,adult_infeasible_fedcvar_a0.90_g0.90_seed2.csv.gz
adult,infeasible,fedcvar,0.90,0.90,3,4000,500,0,,0.249125,Asian-Pac-Islander,0.400518,0.332325,0.198266,0.400518,0.187177,0.127339,adult_infeasible_fedcvar_a0.90_g0.90_seed3.csv.gz
adult,infeasible,fedcvar,0.90,0.90,4,4000,500,0,,0.249374,Asian-Pac-Islander,0.400524,0.332111,0.201919,0.400524,0.187657,0.124657,adult_infeasible_fedcvar_a0.90_g0.90_seed4.csv.gz
adult,infeasible,fedcvar,0.90,1.00,0,4000,500,0,,0.246885,Asian-Pac-Islander,0.399635,0.332113,0.200648,0.399635,0.191188,0.110841,adult_infeasible_fedcvar_a0.90_g1.00_seed0.csv.gz
adult,infeasible,fedcvar,0.90,1.00,1,4000,500,0,,0.246788,Asian-Pac-Islander,0.397544,0.332652,0.197583,0.397544,0.187137,0.119026,adult_infeasible_fedcvar_a0.90_g1.00_seed1.csv.gz
adult,infeasible,fedcvar,0.90,1.00,2,4000,500,0,,0.249132,Asian-Pac-Islander,0.398424,0.3323,0.200047,0.398424,0.191071,0.123817,adult_infeasible_fedcvar_a0.90_g1.00_seed2.csv.gz
adult,infeasible,fedcvar,0.90,1.00,3,4000,500,0,,0.248121,Asian-Pac-Islander,0.400655,0.332439,0.197797,0.400655,0.186969,0.122747,adult_infeasible_fedcvar_a0.90_g1.00_seed3.csv.gz
adult,infeasible,fedcvar,0.90,1.00,4,4000,500,0,,0.248412,Asian-Pac-Islander,0.400587,0.332195,0.201517,0.400587,0.187398,0.120366,adult_infeasible_fedcvar_a0.90_g1.00_seed4.csv.gz
adult,infeasible,fedcvar,1.00,0.10,0,4000,500,0,,0.246885,Asian-Pac-Islander,0.399635,0.332113,0.200648,0.399635,0.191188,0.110841,adult_infeasible_fedcvar_a1.00_g0.10_seed0.csv.gz
adult,infeasible,fedcvar,1.00,0.10,1,4000,500,0,,0.246788,Asian-Pac-Islander,0.397544,0.332652,0.197583,0.397544,0.187137,0.119026,adult_infeasible_fedcvar_a1.00_g0.10_seed1.csv.gz
adult,infeasible,fedcvar,1.00,0.10,2,4000,500,0,,0.249132,Asian-Pac-Islander,0.398424,0.3323,0.200047,0.398424,0.191071,0.123817,adult_infeasible_fedcvar_a1.00_g0.10_seed2.csv.gz
adult,infeasible,fedcvar,1.00,0.10,3,4000,500,0,,0.248121,Asian-Pac-Islander,0.400655,0.332439,0.197797,0.400655,0.186969,0.122747,adult_infeasible_fedcvar_a1.00_g0.10_seed3.csv.gz
adult,infeasible,fedcvar,1.00,0.10,4,4000,500,0,,0.248412,Asian-Pac-Islander,0.400587,0.332195,0.201517,0.400587,0.187398,0.120366,adult_infeasible_fedcvar_a1.00_g0.10_seed4.csv.gz
adult,infeasible,fedcvar,1.00,0.20,0,4000,500,0,,0.246885,Asian-Pac-Islander,0.399635,0.332113,0.200648,0.399635,0.191188,0.110841,adult_infeasible_fedcvar_a1.00_g0.20_seed0.csv.gz
adult,infeasible,fedcvar,1.00,0.20,1,4000,500,0,,0.246788,Asian-Pac-Islander,0.397544,0.332652,0.197583,0.397544,0.187137,0.119026,adult_infeasible_fedcvar_a1.00_g0.20_seed1.csv.gz
adult,infeasible,fedcvar,1.00,0.20,2,4000,500,0,,0.249132,Asian-Pac-Islander,0.398424,0.3323,0.200047,0.398424,0.191071,0.123817,adult_infeasible_fedcvar_a1.00_g0.20_seed2.csv.gz
adult,infeasible,fedcvar,1.00,0.20,3,4000,500,0,,0.248121,Asian-Pac-Islander,0.400655,0.332439,0.197797,0.400655,0.186969,0.122747,adult_infeasible_fedcvar_a1.00_g0.20_seed3.csv.gz
adult,infeasible,fedcvar,1.00,0.20,4,4000,500,0,,0.248412,Asian-Pac-Islander,0.400587,0.332195,0.201517,0.400587,0.187398,0.120366,adult_infeasible_fedcvar_a1.00_g0.20_seed4.csv.gz
adult,infeasible,fedcvar,1.00,0.30,0,4000,500,0,,0.246885,Asian-Pac-Islander,0.399635,0.332113,0.200648,0.399635,0.191188,0.110841,adult_infeasible_fedcvar_a1.00_g0.30_seed0.csv.gz
adult,infeasible,fedcvar,1.00,0.30,1,4000,500,0,,0.246788,Asian-Pac-Islander,0.397544,0.332652,0.197583,0.397544,0.187137,0.119026,adult_infeasible_fedcvar_a1.00_g0.30_seed1.csv.gz
adult,infeasible,fedcvar,1.00,0.30,2,4000,500,0,,0.249132,Asian-Pac-Islander,0.398424,0.3323,0.200047,0.398424,0.191071,0.123817,adult_infeasible_fedcvar_a1.00_g0.30_seed2.csv.gz
adult,infeasible,fedcvar,1.00,0.30,3,4000,500,0,,0.248121,Asian-Pac-Islander,0.400655,0.332439,0.197797,0.400655,0.186969,0.122747,adult_infeasible_fedcvar_a1.00_g0.30_seed3.csv.gz
adult,infeasible,fedcvar,1.00,0.30,4,4000,500,0,,0.248412,Asian-Pac-Islander,0.400587,0.332195,0.201517,0.400587,0.187398,0.120366,adult_infeasible_fedcvar_a1.00_g0.30_seed4.csv.gz
adult,infeasible,fedcvar,1.00,0.40,0,4000,500,0,,0.246885,Asian-Pac-Islander,0.399635,0.332113,0.200648,0.399635,0.191188,0.110841,adult_infeasible_fedcvar_a1.00_g0.40_seed0.csv.gz
adult,infeasible,fedcvar,1.00,0.40,1,4000,500,0,,0.246788,Asian-Pac-Islander,0.397544,0.332652,0.197583,0.397544,0.187137,0.119026,adult_infeasible_fedcvar_a1.00_g0.40_seed1.csv.gz
adult,infeasible,fedcvar,1.00,0.40,2,4000,500,0,,0.249132,Asian-Pac-Islander,0.398424,0.3323,0.200047,0.398424,0.191071,0.123817,adult_infeasible_fedcvar_a1.00_g0.40_seed2.csv.gz
adult,infeasible,fedcvar,1.00,0.40,3,4000,500,0,,0.248121,Asian-Pac-Islander,0.400655,0.332439,0.197797,0.400655,0.186969,0.122747,adult_infeasible_fedcvar_a1.00_g0.40_seed3.csv.gz
adult,infeasible,fedcvar,1.00,0.40,4,4000,500,0,,0.248412,Asian-Pac-Islander,0.400587,0.332195,0.201517,0.400587,0.187398,0.120366,adult_infeasible_fedcvar_a1.00_g0.40_seed4.csv.gz
adult,infeasible,fedcvar,1.00,0.50,0,4000,500,0,,0.246885,Asian-Pac-Islander,0.399635,0.332113,0.200648,0.399635,0.191188,0.110841,adult_infeasible_fedcvar_a1.00_g0.50_seed0.csv.gz
adult,infeasible,fedcvar,1.00,0.50,1,4000,500,0,,0.246788,Asian-Pac-Islander,0.397544,0.332652,0.197583,0.397544,0.187137,0.119026,adult_infeasible_fedcvar_a1.00_g0.50_seed1.csv.gz
adult,infeasible,fedcvar,1.00,0.50,2,4000,500,0,,0.249132,Asian-Pac-Islander,0.398424,0.3323,0.200047,0.398424,0.191071,0.123817,adult_infeasible_fedcvar_a1.00_g0.50_seed2.csv.gz
adult,infeasible,fedcvar,1.00,0.50,3,4000,500,0,,0.248121,Asian-Pac-Islander,0.400655,0.332439,0.197797,0.400655,0.186969,0.122747,adult_infeasible_fedcvar_a1.00_g0.50_seed3.csv.gz
adult,infeasible,fedcvar,1.00,0.50,4,4000,500,0,,0.248412,Asian-Pac-Islander,0.400587,0.332195,0.201517,0.400587,0.187398,0.120366,adult_infeasible_fedcvar_a1.00_g0.50_seed4.csv.gz
adult,infeasible,fedcvar,1.00,0.60,0,4000,500,0,,0.246885,Asian-Pac-Islander,0.399635,0.332113,0.200648,0.399635,0.191188,0.110841,adult_infeasible_fedcvar_a1.00_g0.60_seed0.csv.gz
adult,infeasible,fedcvar,1.00,0.60,1,4000,500,0,,0.246788,Asian-Pac-Islander,0.397544,0.332652,0.197583,0.397544,0.187137,0.119026,adult_infeasible_fedcvar_a1.00_g0.60_seed1.csv.gz
adult,infeasible,fedcvar,1.00,0.60,2,4000,500,0,,0.249132,Asian-Pac-Islander,0.398424,0.3323,0.200047,0.398424,0.191071,0.123817,adult_infeasible_fedcvar_a1.00_g0.60_seed2.csv.gz
adult,infeasible,fedcvar,1.00,0.60,3,4000,500,0,,0.248121,Asian-Pac-Islander,0.400655,0.332439,0.197797,0.400655,0.186969,0.122747,adult_infeasible_fedcvar_a1.00_g0.60_seed3.csv.gz
adult,infeasible,fedcvar,1.00,0.60,4,4000,500,0,,0.248412,Asian-Pac-Islander,0.400587,0.332195,0.201517,0.400587,0.187398,0.120366,adult_infeasible_fedcvar_a1.00_g0.60_seed4.csv.gz
adult,infeasible,fedcvar,1.00,0.70,0,4000,500,0,,0.246885,Asian-Pac-Islander,0.399635,0.332113,0.200648,0.399635,0.191188,0.110841,adult_infeasible_fedcvar_a1.00_g0.70_seed0.csv.gz
adult,infeasible,fedcvar,1.00,0.70,1,4000,500,0,,0.246788,Asian-Pac-Islander,0.397544,0.332652,0.197583,0.397544,0.187137,0.119026,adult_infeasible_fedcvar_a1.00_g0.70_seed1.csv.gz
adult,infeasible,fedcvar,1.00,0.70,2,4000,500,0,,0.249132,Asian-Pac-Islander,0.398424,0.3323,0.200047,0.398424,0.191071,0.123817,adult_infeasible_fedcvar_a1.00_g0.70_seed2.csv.gz
adult,infeasible,fedcvar,1.00,0.70,3,4000,500,0,,0.248121,Asian-Pac-Islander,0.400655,0.332439,0.197797,0.400655,0.186969,0.122747,adult_infeasible_fedcvar_a1.00_g0.70_seed3.csv.gz
adult,infeasible,fedcvar,1.00,0.70,4,4000,500,0,,0.248412,Asian-Pac-Islander,0.400587,0.332195,0.201517,0.400587,0.187398,0.120366,adult_infeasible_fedcvar_a1.00_g0.70_seed4.csv.gz
adult,infeasible,fedcvar,1.00,0.80,0,4000,500,0,,0.246885,Asian-Pac-Islander,0.399635,0.332113,0.200648,0.399635,0.191188,0.110841,adult_infeasible_fedcvar_a1.00_g0.80_seed0.csv.gz
adult,infeasible,fedcvar,1.00,0.80,1,4000,500,0,,0.246788,Asian-Pac-Islander,0.397544,0.332652,0.197583,0.397544,0.187137,0.119026,adult_infeasible_fedcvar_a1.00_g0.80_seed1.csv.gz
adult,infeasible,fedcvar,1.00,0.80,2,4000,500,0,,0.249132,Asian-Pac-Islander,0.398424,0.3323,0.200047,0.398424,0.191071,0.123817,adult_infeasible_fedcvar_a1.00_g0.80_seed2.csv.gz
adult,infeasible,fedcvar,1.00,0.80,3,4000,500,0,,0.248121,Asian-Pac-Islander,0.400655,0.332439,0.197797,0.400655,0.186969,0.122747,adult_infeasible_fedcvar_a1.00_g0.80_seed3.csv.gz
adult,infeasible,fedcvar,1.00,0.80,4,4000,500,0,,0.248412,Asian-Pac-Islander,0.400587,0.332195,0.201517,0.400587,0.187398,0.120366,adult_infeasible_fedcvar_a1.00_g0.80_seed4.csv.gz
adult,infeasible,fedcvar,1.00,0.90,0,4000,500,0,,0.246885,Asian-Pac-Islander,0.399635,0.332113,0.200648,0.399635,0.191188,0.110841,adult_infeasible_fedcvar_a1.00_g0.90_seed0.csv.gz
adult,infeasible,fedcvar,1.00,0.90,1,4000,500,0,,0.246788,Asian-Pac-Islander,0.397544,0.332652,0.197583,0.397544,0.187137,0.119026,adult_infeasible_fedcvar_a1.00_g0.90_seed1.csv.gz
adult,infeasible,fedcvar,1.00,0.90,2,4000,500,0,,0.249132,Asian-Pac-Islander,0.398424,0.3323,0.200047,0.398424,0.191071,0.123817,adult_infeasible_fedcvar_a1.00_g0.90_seed2.csv.gz
adult,infeasible,fedcvar,1.00,0.90,3,4000,500,0,,0.248121,Asian-Pac-Islander,0.400655,0.332439,0.197797,0.400655,0.186969,0.122747,adult_infeasible_fedcvar_a1.00_g0.90_seed3.csv.gz
adult,infeasible,fedcvar,1.00,0.90,4,4000,500,0,,0.248412,Asian-Pac-Islander,0.400587,0.332195,0.201517,0.400587,0.187398,0.120366,adult_infeasible_fedcvar_a1.00_g0.90_seed4.csv.gz
adult,infeasible,fedcvar,1.00,1.00,0,4000,500,0,,0.246885,Asian-Pac-Islander,0.399635,0.332113,0.200648,0.399635,0.191188,0.110841,adult_infeasible_fedcvar_a1.00_g1.00_seed0.csv.gz
adult,infeasible,fedcvar,1.00,1.00,1,4000,500,0,,0.246788,Asian-Pac-Islander,0.397544,0.332652,0.197583,0.397544,0.187137,0.119026,adult_infeasible_fedcvar_a1.00_g1.00_seed1.csv.gz
adult,infeasible,fedcvar,1.00,1.00,2,4000,500,0,,0.249132,Asian-Pac-Islander,0.398424,0.3323,0.200047,0.398424,0.191071,0.123817,adult_infeasible_fedcvar_a1.00_g1.00_seed2.csv.gz
adult,infeasible,fedcvar,1.00,1.00,3,4000,500,0,,0.248121,Asian-Pac-Islander,0.400655,0.332439,0.197797,0.400655,0.186969,0.122747,adult_infeasible_fedcvar_a1.00_g1.00_seed3.csv.gz
adult,infeasible,fedcvar,1.00,1.00,4,4000,500,0,,0.248412,Asian-Pac-Islander,0.400587,0.332195,0.201517,0.400587,0.187398,0.120366,adult_infeasible_fedcvar_a1.00_g1.00_seed4.csv.gz
adult,infeasible,full,,,0,4000,500,0,,0.207304,White,0.378582,0.378582,0.17684,0.327462,0.122714,0.0309206,adult_infeasible_full_seed0.csv.gz
adult,infeasible,full,,,1,4000,500,0,,0.207304,White,0.378582,0.378582,0.17684,0.327462,0.122714,0.0309206,adult_infeasible_full_seed1.csv.gz
adult,infeasible,full,,,2,4000,500,0,,0.207304,White,0.378582,0.378582,0.17684,0.327462,0.122714,0.0309206,adult_infeasible_full_seed2.csv.gz
adult,infeasible,full,,,3,4000,500,0,,0.207304,White,0.378582,0.378582,0.17684,0.327462,0.122714,0.0309206,adult_infeasible_full_seed3.csv.gz
adult,infeasible,full,,,4,4000,500,0,,0.207304,White,0.378582,0.378582,0.17684,0.327462,0.122714,0.0309206,adult_infeasible_full_seed4.csv.gz
adult,infeasible,downsample,,,0,4000,500,0,,0.23059,Asian-Pac-Islander,0.375647,0.336199,0.18462,0.375647,0.181587,0.0748986,adult_infeasible_downsample_seed0.csv.gz
adult,infeasible,downsample,,,1,4000,500,0,,0.230257,Asian-Pac-Islander,0.372341,0.33755,0.181655,0.372341,0.179686,0.0800525,adult_infeasible_downsample_seed1.csv.gz
adult,infeasible,downsample,,,2,4000,500,0,,0.231711,Asian-Pac-Islander,0.374417,0.336394,0.184319,0.374417,0.180196,0.0832264,adult_infeasible_downsample_seed2.csv.gz
adult,infeasible,downsample,,,3,4000,500,0,,0.231244,Asian-Pac-Islander,0.375868,0.336973,0.182323,0.375868,0.176611,0.0844431,adult_infeasible_downsample_seed3.csv.gz
adult,infeasible,downsample,,,4,4000,500,0,,0.230281,Asian-Pac-Islander,0.37528,0.336535,0.184997,0.37528,0.174643,0.0799516,adult_infeasible_downsample_seed4.csv.gz
adult,infeasible,ipw,,,0,4000,500,0,,0.228852,Asian-Pac-Islander,0.373297,0.336489,0.184779,0.373297,0.179771,0.0699235,adult_infeasible_ipw_seed0.csv.gz
adult,infeasible,ipw,,,1,4000,500,0,,0.228201,Asian-Pac-Islander,0.369648,0.337928,0.181775,0.369648,0.17776,0.0738949,adult_infeasible_ipw_seed1.csv.gz
adult,infeasible,ipw,,,2,4000,500,0,,0.229646,Asian-Pac-Islander,0.371543,0.336677,0.1846,0.371543,0.178167,0.0772463,adult_infeasible_ipw_seed2.csv.gz
adult,infeasible,ipw,,,3,4000,500,0,,0.228978,Asian-Pac-Islander,0.373139,0.337248,0.182731,0.373139,0.174531,0.0772439,adult_infeasible_ipw_seed3.csv.gz
adult,infeasible,ipw,,,4,4000,500,0,,0.22833,Asian-Pac-Islander,0.372198,0.336961,0.185155,0.372198,0.17263,0.0747062,adult_infeasible_ipw_seed4.csv.gz
