dataset,regime,model,alpha,gamma,seed,rounds,tail,diverged,death_round,overall_tail,worst_group,worst_group_tail,group_tail_tier1,group_tail_tier2,group_tail_tier3,group_tail_tier4,group_tail_tier5,file
imdbwiki,infeasible,fedavg,,,0,4000,500,0,,90.7275,tier2,97.9488,84.4845,97.9488,80.1105,72.3486,96.8193,imdbwiki_infeasible_fedavg_seed0.csv.gz
imdbwiki,infeasible,fedavg,,,1,4000,500,0,,91.8686,tier2,97.2239,87.175,97.2239,77.7396,72.0751,96.912,imdbwiki_infeasible_fedavg_seed1.csv.gz
imdbwiki,infeasible,fedavg,,,2,4000,500,0,,91.6531,tier5,96.5401,86.8821,96.3735,78.484,72.8631,96.5401,imdbwiki_infeasible_fedavg_seed2.csv.gz
imdbwiki,infeasible,fedavg,,,3,4000,500,0,,92.4588,tier2,98.1013,87.1287,98.1013,77.6035,71.9936,96.9195,imdbwiki_infeasible_fedavg_seed3.csv.gz
imdbwiki,infeasible,fedavg,,,4,4000,500,0,,91.4396,tier2,96.7976,86.4175,96.7976,79.1035,73.1685,95.8607,imdbwiki_infeasible_fedavg_seed4.csv.gz
imdbwiki,infeasible,fedavg_mk,,,0,4000,500,0,,41924.2,tier1,42751.1,42751.1,41480.6,42064.6,37330.6,38753.8,imdbwiki_infeasible_fedavg_mk_seed0.csv.gz
imdbwiki,infeasible,fedavg_mk,,,1,4000,500,0,,123.468,tier5,151.417,113.37,127.963,131.63,100.915,151.417,imdbwiki_infeasible_fedavg_mk_seed1.csv.gz
imdbwiki,infeasible,fedavg_mk,,,2,4000,500,0,,135.47,tier5,160.341,126.826,135.252,139.898,111.772,160.341,imdbwiki_infeasible_fedavg_mk_seed2.csv.gz
imdbwiki,infeasible,fedavg_mk,,,3,4000,500,0,,134.742,tier5,160.225,125.235,137.914,140.57,111.02,160.225,imdbwiki_infeasible_fedavg_mk_seed3.csv.gz
imdbwiki,infeasible,fedavg_mk,,,4,4000,500,0,,199.728,tier5,220.752,193.956,188.704,194.401,174.249,220.752,imdbwiki_infeasible_fedavg_mk_seed4.csv.gz
imdbwiki,infeasible,fedavot,,,0,4000,500,0,,85.8495,tier5,114.22,75.7608,99.201,88.4458,88.4549,114.22,imdbwiki_infeasible_fedavot_seed0.csv.gz
imdbwiki,infeasible,fedavot,,,1,4000,500,0,,85.9733,tier5,115.055,77.5969,96.0417,86.4093,86.5273,115.055,imdbwiki_infeasible_fedavot_seed1.csv.gz
imdbwiki,infeasible,fedavot,,,2,4000,500,0,,86.1828,tier5,115.866,77.781,96.4214,86.036,86.6977,115.866,imdbwiki_infeasible_fedavot_seed2.csv.gz
imdbwiki,infeasible,fedavot,,,3,4000,500,0,,86.4138,tier5,115.729,77.2092,96.6206,86.9818,83.635,115.729,imdbwiki_infeasible_fedavot_seed3.csv.gz
imdbwiki,infeasible,fedavot,,,4,4000,500,0,,85.8867,tier5,115.612,76.6262,98.3511,88.8261,90.3069,115.612,imdbwiki_infeasible_fedavot_seed4.csv.gz
imdbwiki,infeasible,fedavot_cvar,0.10,0.10,0,4000,500,0,,106.8,tier5,130.973,101.661,115.252,106.131,125.853,130.973,imdbwiki_infeasible_fedavot_cvar_a0.10_g0.10_seed0.csv.gz
imdbwiki,infeasible,fedavot_cvar,0.10,0.10,1,4000,500,0,,106.446,tier5,130.696,102.368,112.439,101.055,125.677,130.696,imdbwiki_infeasible_fedavot_cvar_a0.10_g0.10_seed1.csv.gz
imdbwiki,infeasible,fedavot_cvar,0.10,0.10,2,4000,500,0,,108.043,tier5,131.111,104.37,116.339,99.2738,124.543,131.111,imdbwiki_infeasible_fedavot_cvar_a0.10_g0.10_seed2.csv.gz
imdbwiki,infeasible,fedavot_cvar,0.10,0.10,3,4000,500,0,,107.239,tier5,131.639,103.708,112.232,102.625,121.622,131.639,imdbwiki_infeasible_fedavot_cvar_a0.10_g0.10_seed3.csv.gz
imdbwiki,infeasible,fedavot_cvar,0.10,0.10,4,4000,500,0,,107.803,tier5,135.348,103.051,116.588,103.881,129.109,135.348,imdbwiki_infeasible_fedavot_cvar_a0.10_g0.10_seed4.csv.gz
imdbwiki,infeasible,fedavot_cvar,0.10,0.20,0,4000,500,0,,105.172,tier5,129.575,99.7933,113.742,104.982,123.623,129.575,imdbwiki_infeasible_fedavot_cvar_a0.10_g0.20_seed0.csv.gz
imdbwiki,infeasible,fedavot_cvar,0.10,0.20,1,4000,500,0,,105.708,tier5,129.187,101.943,111.501,99.643,124.816,129.187,imdbwiki_infeasible_fedavot_cvar_a0.10_g0.20_seed1.csv.gz
imdbwiki,infeasible,fedavot_cvar,0.10,0.20,2,4000,500,0,,106.861,tier5,130.523,102.927,115.861,98.3863,123.891,130.523,imdbwiki_infeasible_fedavot_cvar_a0.10_g0.20_seed2.csv.gz
imdbwiki,infeasible,fedavot_cvar,0.10,0.20,3,4000,500,0,,105.348,tier5,130.561,101.276,110.789,101.626,119.375,130.561,imdbwiki_infeasible_fedavot_cvar_a0.10_g0.20_seed3.csv.gz
imdbwiki,infeasible,fedavot_cvar,0.10,0.20,4,4000,500,0,,105.952,tier5,133.461,101.17,114.263,102.577,126.791,133.461,imdbwiki_infeasible_fedavot_cvar_a0.10_g0.20_seed4.csv.gz
imdbwiki,infeasible,fedavot_cvar,0.10,0.30,0,4000,500,0,,103.529,tier5,128.222,98.1788,111.951,103.788,121.869,128.222,imdbwiki_infeasible_fedavot_cvar_a0.10_g0.30_seed0.csv.gz
imdbwiki,infeasible,fedavot_cvar,0.10,0.30,1,4000,500,0,,103.776,tier5,127.417,99.8371,109.613,98.2761,121.727,127.417,imdbwiki_infeasible_fedavot_cvar_a0.10_g0.30_seed1.csv.gz
imdbwiki,infeasible,fedavot_cvar,0.10,0.30,2,4000,500,0,,105.213,tier5,129.931,100.978,114.194,97.4357,122.178,129.931,imdbwiki_infeasible_fedavot_cvar_a0.10_g0.30_seed2.csv.gz
imdbwiki,infeasible,fedavot_cvar,0.10,0.30,3,4000,500,0,,103.61,tier5,128.749,99.4243,109.373,100.11,118.022,128.749,imdbwiki_infeasible_fedavot_cvar_a0.10_g0.30_seed3.csv.gz
imdbwiki,infeasible,fedavot_cvar,0.10,0.30,4,4000,500,0,,103.954,tier5,131.659,99.3721,112.061,100.856,124.231,131.659,imdbwiki_infeasible_fedavot_cvar_a0.10_g0.30_seed4.csv.gz
imdbwiki,infeasible,fedavot_cvar,0.10,0.40,0,4000,500,0,,101.65,tier5,126.401,95.9965,110.349,102.151,118.959,126.401,imdbwiki_infeasible_fedavot_cvar_a0.10_g0.40_seed0.csv.gz
imdbwiki,infeasible,fedavot_cvar,0.10,0.40,1,4000,500,0,,101.079,tier5,125.684,96.6893,107.523,96.5928,118.515,125.684,imdbwiki_infeasible_fedavot_cvar_a0.10_g0.40_seed1.csv.gz
imdbwiki,infeasible,fedavot_cvar,0.10,0.40,2,4000,500,0,,102.67,tier5,127.778,98.2996,111.399,95.9004,118.779,127.778,imdbwiki_infeasible_fedavot_cvar_a0.10_g0.40_seed2.csv.gz
imdbwiki,infeasible,fedavot_cvar,0.10,0.40,3,4000,500,0,,101.559,tier5,127.101,97.1459,107.256,98.9578,115.537,127.101,imdbwiki_infeasible_fedavot_cvar_a0.10_g0.40_seed3.csv.gz
imdbwiki,infeasible,fedavot_cvar,0.10,0.40,4,4000,500,0,,101.81,tier5,129.358,96.8348,110.24,99.8445,121.281,129.358,imdbwiki_infeasible_fedavot_cvar_a0.10_g0.40_seed4.csv.gz
imdbwiki,infeasible,fedavot_cvar,0.10,0.50,0,4000,500,0,,99.9022,tier5,124.968,94.2156,108.296,100.667,116.928,124.968,imdbwiki_infeasible_fedavot_cvar_a0.10_g0.50_seed0.csv.gz
imdbwiki,infeasible,fedavot_cvar,0.10,0.50,1,4000,500,0,,98.592,tier5,123.202,93.9593,104.896,95.1883,114.942,123.202,imdbwiki_infeasible_fedavot_cvar_a0.10_g0.50_seed1.csv.gz
imdbwiki,infeasible,fedavot_cvar,0.10,0.50,2,4000,500,0,,100.108,tier5,125.406,95.3729,108.771,94.2729,115.739,125.406,imdbwiki_infeasible_fedavot_cvar_a0.10_g0.50_seed2.csv.gz
imdbwiki,infeasible,fedavot_cvar,0.10,0.50,3,4000,500,0,,98.6619,tier5,125.141,93.7929,104.714,97.1587,111.389,125.141,imdbwiki_infeasible_fedavot_cvar_a0.10_g0.50_seed3.csv.gz
imdbwiki,infeasible,fedavot_cvar,0.10,0.50,4,4000,500,0,,99.4191,tier5,127.706,94.2656,107.846,98.2905,117.911,127.706,imdbwiki_infeasible_fedavot_cvar_a0.10_g0.50_seed4.csv.gz
imdbwiki,infeasible,fedavot_cvar,0.10,0.60,0,4000,500,0,,97.2055,tier5,122.116,91.2596,105.558,98.1769,112.633,122.116,imdbwiki_infeasible_fedavot_cvar_a0.10_g0.60_seed0.csv.gz
imdbwiki,infeasible,fedavot_cvar,0.10,0.60,1,4000,500,0,,95.4571,tier5,120.65,90.5741,101.769,92.9135,109.912,120.65,imdbwiki_infeasible_fedavot_cvar_a0.10_g0.60_seed1.csv.gz
imdbwiki,infeasible,fedavot_cvar,0.10,0.60,2,4000,500,0,,96.896,tier5,122.711,91.8058,105.522,92.0688,110.891,122.711,imdbwiki_infeasible_fedavot_cvar_a0.10_g0.60_seed2.csv.gz
imdbwiki,infeasible,fedavot_cvar,0.10,0.60,3,4000,500,0,,95.7252,tier5,122.665,90.4995,101.747,95.4378,107.313,122.665,imdbwiki_infeasible_fedavot_cvar_a0.10_g0.60_seed3.csv.gz
imdbwiki,infeasible,fedavot_cvar,0.10,0.60,4,4000,500,0,,96.3981,tier5,124.742,90.7381,105.327,96.2225,113.475,124.742,imdbwiki_infeasible_fedavot_cvar_a0.10_g0.60_seed4.csv.gz
imdbwiki,infeasible,fedavot_cvar,0.10,0.70,0,4000,500,0,,94.0996,tier5,119.702,87.5506,103.09,95.8159,107.871,119.702,imdbwiki_infeasible_fedavot_cvar_a0.10_g0.70_seed0.csv.gz
imdbwiki,infeasible,fedavot_cvar,0.10,0.70,1,4000,500,0,,92.0354,tier5,118.116,86.5346,99.0037,90.5058,104.014,118.116,imdbwiki_infeasible_fedavot_cvar_a0.10_g0.70_seed1.csv.gz
imdbwiki,infeasible,fedavot_cvar,0.10,0.70,2,4000,500,0,,93.4626,tier5,119.838,87.9761,101.84,90.293,106.133,119.838,imdbwiki_infeasible_fedavot_cvar_a0.10_g0.70_seed2.csv.gz
imdbwiki,infeasible,fedavot_cvar,0.10,0.70,3,4000,500,0,,92.6133,tier5,120.345,86.7644,99.2379,93.3286,102.322,120.345,imdbwiki_infeasible_fedavot_cvar_a0.10_g0.70_seed3.csv.gz
imdbwiki,infeasible,fedavot_cvar,0.10,0.70,4,4000,500,0,,93.2347,tier5,122.371,86.8738,102.874,94.0589,108.658,122.371,imdbwiki_infeasible_fedavot_cvar_a0.10_g0.70_seed4.csv.gz
imdbwiki,infeasible,fedavot_cvar,0.10,0.80,0,4000,500,0,,90.7024,tier5,117.079,83.2116,100.923,92.9509,101.968,117.079,imdbwiki_infeasible_fedavot_cvar_a0.10_g0.80_seed0.csv.gz
imdbwiki,infeasible,fedavot_cvar,0.10,0.80,1,4000,500,0,,89.1012,tier5,116.354,82.8955,96.8098,88.6605,98.2656,116.354,imdbwiki_infeasible_fedavot_cvar_a0.10_g0.80_seed1.csv.gz
imdbwiki,infeasible,fedavot_cvar,0.10,0.80,2,4000,500,0,,90.1434,tier5,117.603,83.8116,98.9876,88.511,100.556,117.603,imdbwiki_infeasible_fedavot_cvar_a0.10_g0.80_seed2.csv.gz
imdbwiki,infeasible,fedavot_cvar,0.10,0.80,3,4000,500,0,,89.4374,tier5,118,82.6603,97.0516,91.0755,96.6747,118,imdbwiki_infeasible_fedavot_cvar_a0.10_g0.80_seed3.csv.gz
imdbwiki,infeasible,fedavot_cvar,0.10,0.80,4,4000,500,0,,90.0267,tier5,119.616,82.8379,100.559,91.9891,103.058,119.616,imdbwiki_infeasible_fedavot_cvar_a0.10_g0.80_seed4.csv.gz
imdbwiki,infeasible,fedavot_cvar,0.10,0.90,0,4000,500,0,,87.9822,tier5,115.182,79.3606,99.6909,90.9151,96.3712,115.182,imdbwiki_infeasible_fedavot_cvar_a0.10_g0.90_seed0.csv.gz
imdbwiki,infeasible,fedavot_cvar,0.10,0.90,1,4000,500,0,,87.0468,tier5,115.274,79.802,95.9627,87.6705,93.0433,115.274,imdbwiki_infeasible_fedavot_cvar_a0.10_g0.90_seed1.csv.gz
imdbwiki,infeasible,fedavot_cvar,0.10,0.90,2,4000,500,0,,87.4305,tier5,115.65,80.0974,97.0971,87.2525,94.3099,115.65,imdbwiki_infeasible_fedavot_cvar_a0.10_g0.90_seed2.csv.gz
imdbwiki,infeasible,fedavot_cvar,0.10,0.90,3,4000,500,0,,86.9901,tier5,115.843,79.0833,95.9405,88.7822,90.3837,115.843,imdbwiki_infeasible_fedavot_cvar_a0.10_g0.90_seed3.csv.gz
imdbwiki,infeasible,fedavot_cvar,0.10,0.90,4,4000,500,0,,87.691,tier5,117.723,79.5387,99.2713,91.1194,98.2595,117.723,imdbwiki_infeasible_fedavot_cvar_a0.10_g0.90_seed4.csv.gz
imdbwiki,infeasible,fedavot_cvar,0.10,1.00,0,4000,500,0,,85.8495,tier5,114.22,75.7608,99.201,88.4458,88.4549,114.22,imdbwiki_infeasible_fedavot_cvar_a0.10_g1.00_seed0.csv.gz
imdbwiki,infeasible,fedavot_cvar,0.10,1.00,1,4000,500,0,,85.9733,tier5,115.055,77.5969,96.0417,86.4093,86.5273,115.055,imdbwiki_infeasible_fedavot_cvar_a0.10_g1.00_seed1.csv.gz
imdbwiki,infeasible,fedavot_cvar,0.10,1.00,2,4000,500,0,,86.1828,tier5,115.866,77.781,96.4214,86.036,86.6977,115.866,imdbwiki_infeasible_fedavot_cvar_a0.10_g1.00_seed2.csv.gz
imdbwiki,infeasible,fedavot_cvar,0.10,1.00,3,4000,500,0,,86.4138,tier5,115.729,77.2092,96.6206,86.9818,83.635,115.729,imdbwiki_infeasible_fedavot_cvar_a0.10_g1.00_seed3.csv.gz
imdbwiki,infeasible,fedavot_cvar,0.10,1.00,4,4000,500,0,,85.8867,tier5,115.612,76.6262,98.3511,88.8261,90.3069,115.612,imdbwiki_infeasible_fedavot_cvar_a0.10_g1.00_seed4.csv.gz
imdbwiki,infeasible,fedavot_cvar,0.20,0.10,0,4000,500,0,,104.009,tier5,127.712,98.7227,112.295,103.633,121.999,127.712,imdbwiki_infeasible_fedavot_cvar_a0.20_g0.10_seed0.csv.gz
imdbwiki,infeasible,fedavot_cvar,0.20,0.10,1,4000,500,0,,101.773,tier5,126.26,97.2908,108.253,97.1535,119.765,126.26,imdbwiki_infeasible_fedavot_cvar_a0.20_g0.10_seed1.csv.gz
imdbwiki,infeasible,fedavot_cvar,0.20,0.10,2,4000,500,0,,103.655,tier5,127.003,99.6573,111.342,97.8107,119.847,127.003,imdbwiki_infeasible_fedavot_cvar_a0.20_g0.10_seed2.csv.gz
imdbwiki,infeasible,fedavot_cvar,0.20,0.10,3,4000,500,0,,102.835,tier5,127.836,98.9307,107.619,100.16,117.21,127.836,imdbwiki_infeasible_fedavot_cvar_a0.20_g0.10_seed3.csv.gz
imdbwiki,infeasible,fedavot_cvar,0.20,0.10,4,4000,500,0,,103.758,tier5,132.54,98.5246,113.172,102.407,125.237,132.54,imdbwiki_infeasible_fedavot_cvar_a0.20_g0.10_seed4.csv.gz
imdbwiki,infeasible,fedavot_cvar,0.20,0.20,0,4000,500,0,,102.248,tier5,126.213,96.7591,110.673,102.381,119.652,126.213,imdbwiki_infeasible_fedavot_cvar_a0.20_g0.20_seed0.csv.gz
imdbwiki,infeasible,fedavot_cvar,0.20,0.20,1,4000,500,0,,99.9494,tier5,124.599,95.2249,106.448,96.0427,117.014,124.599,imdbwiki_infeasible_fedavot_cvar_a0.20_g0.20_seed1.csv.gz
imdbwiki,infeasible,fedavot_cvar,0.20,0.20,2,4000,500,0,,101.844,tier5,126.33,97.1299,110.585,96.7747,117.793,126.33,imdbwiki_infeasible_fedavot_cvar_a0.20_g0.20_seed2.csv.gz
imdbwiki,infeasible,fedavot_cvar,0.20,0.20,3,4000,500,0,,100.809,tier5,125.903,96.4589,106.144,98.7807,114.429,125.903,imdbwiki_infeasible_fedavot_cvar_a0.20_g0.20_seed3.csv.gz
imdbwiki,infeasible,fedavot_cvar,0.20,0.20,4,4000,500,0,,102.019,tier5,131.032,96.5763,111.564,101.321,122.875,131.032,imdbwiki_infeasible_fedavot_cvar_a0.20_g0.20_seed4.csv.gz
imdbwiki,infeasible,fedavot_cvar,0.20,0.30,0,4000,500,0,,100.51,tier5,124.774,94.7235,109.405,100.972,117.434,124.774,imdbwiki_infeasible_fedavot_cvar_a0.20_g0.30_seed0.csv.gz
imdbwiki,infeasible,fedavot_cvar,0.20,0.30,1,4000,500,0,,98.1731,tier5,123.497,93.0739,105.124,95.0268,114.601,123.497,imdbwiki_infeasible_fedavot_cvar_a0.20_g0.30_seed1.csv.gz
imdbwiki,infeasible,fedavot_cvar,0.20,0.30,2,4000,500,0,,99.7791,tier5,124.486,94.8623,108.372,95.4197,115.119,124.486,imdbwiki_infeasible_fedavot_cvar_a0.20_g0.30_seed2.csv.gz
imdbwiki,infeasible,fedavot_cvar,0.20,0.30,3,4000,500,0,,98.5634,tier5,124.097,93.7858,104.4,97.182,111.213,124.097,imdbwiki_infeasible_fedavot_cvar_a0.20_g0.30_seed3.csv.gz
imdbwiki,infeasible,fedavot_cvar,0.20,0.30,4,4000,500,0,,99.9209,tier5,128.816,94.4457,109.255,99.8788,120.331,128.816,imdbwiki_infeasible_fedavot_cvar_a0.20_g0.30_seed4.csv.gz
imdbwiki,infeasible,fedavot_cvar,0.20,0.40,0,4000,500,0,,98.7115,tier5,122.986,92.6171,107.883,99.6629,114.961,122.986,imdbwiki_infeasible_fedavot_cvar_a0.20_g0.40_seed0.csv.gz
imdbwiki,infeasible,fedavot_cvar,0.20,0.40,1,4000,500,0,,96.061,tier5,121.831,90.6926,103.144,93.7878,111.643,121.831,imdbwiki_infeasible_fedavot_cvar_a0.20_g0.40_seed1.csv.gz
imdbwiki,infeasible,fedavot_cvar,0.20,0.40,2,4000,500,0,,97.1808,tier5,122.562,91.8575,105.838,93.9302,111.793,122.562,imdbwiki_infeasible_fedavot_cvar_a0.20_g0.40_seed2.csv.gz
imdbwiki,infeasible,fedavot_cvar,0.20,0.40,3,4000,500,0,,96.0105,tier5,122.174,90.6432,102.505,95.462,107.765,122.174,imdbwiki_infeasible_fedavot_cvar_a0.20_g0.40_seed3.csv.gz
imdbwiki,infeasible,fedavot_cvar,0.20,0.40,4,4000,500,0,,97.782,tier5,126.717,91.9189,107.497,98.5583,117.204,126.717,imdbwiki_infeasible_fedavot_cvar_a0.20_g0.40_seed4.csv.gz
imdbwiki,infeasible,fedavot_cvar,0.20,0.50,0,4000,500,0,,96.389,tier5,121.178,89.8265,105.88,98.0782,111.681,121.178,imdbwiki_infeasible_fedavot_cvar_a0.20_g0.50_seed0.csv.gz
imdbwiki,infeasible,fedavot_cvar,0.20,0.50,1,4000,500,0,,93.996,tier5,120.003,88.2139,101.549,92.5189,108.137,120.003,imdbwiki_infeasible_fedavot_cvar_a0.20_g0.50_seed1.csv.gz
imdbwiki,infeasible,fedavot_cvar,0.20,0.50,2,4000,500,0,,94.8952,tier5,120.635,89.2447,103.554,92.4623,108.38,120.635,imdbwiki_infeasible_fedavot_cvar_a0.20_g0.50_seed2.csv.gz
imdbwiki,infeasible,fedavot_cvar,0.20,0.50,3,4000,500,0,,93.3448,tier5,119.756,87.4336,100.342,93.4561,103.457,119.756,imdbwiki_infeasible_fedavot_cvar_a0.20_g0.50_seed3.csv.gz
imdbwiki,infeasible,fedavot_cvar,0.20,0.50,4,4000,500,0,,95.4643,tier5,124.879,89.182,105.576,97.2722,114.142,124.879,imdbwiki_infeasible_fedavot_cvar_a0.20_g0.50_seed4.csv.gz
imdbwiki,infeasible,fedavot_cvar,0.20,0.60,0,4000,500,0,,93.8133,tier5,118.936,86.7296,103.839,95.9534,107.654,118.936,imdbwiki_infeasible_fedavot_cvar_a0.20_g0.60_seed0.csv.gz
imdbwiki,infeasible,fedavot_cvar,0.20,0.60,1,4000,500,0,,91.7068,tier5,118.042,85.549,99.6023,90.9804,104.092,118.042,imdbwiki_infeasible_fedavot_cvar_a0.20_g0.60_seed1.csv.gz
imdbwiki,infeasible,fedavot_cvar,0.20,0.60,2,4000,500,0,,92.2827,tier5,118.338,86.1755,101.038,90.8415,104.244,118.338,imdbwiki_infeasible_fedavot_cvar_a0.20_g0.60_seed2.csv.gz
imdbwiki,infeasible,fedavot_cvar,0.20,0.60,3,4000,500,0,,90.8496,tier5,117.699,84.3817,98.3423,91.6974,99.2838,117.699,imdbwiki_infeasible_fedavot_cvar_a0.20_g0.60_seed3.csv.gz
imdbwiki,infeasible,fedavot_cvar,0.20,0.60,4,4000,500,0,,93.0993,tier5,122.817,86.2817,103.613,95.9529,110.378,122.817,imdbwiki_infeasible_fedavot_cvar_a0.20_g0.60_seed4.csv.gz
imdbwiki,infeasible,fedavot_cvar,0.20,0.70,0,4000,500,0,,91.0953,tier5,116.733,83.307,101.904,93.8359,102.96,116.733,imdbwiki_infeasible_fedavot_cvar_a0.20_g0.70_seed0.csv.gz
imdbwiki,infeasible,fedavot_cvar,0.20,0.70,1,4000,500,0,,89.5099,tier5,116.36,82.8011,98.0735,89.535,99.7398,116.36,imdbwiki_infeasible_fedavot_cvar_a0.20_g0.70_seed1.csv.gz
imdbwiki,infeasible,fedavot_cvar,0.20,0.70,2,4000,500,0,,90.0219,tier5,116.416,83.5065,98.934,89.27,100.285,116.416,imdbwiki_infeasible_fedavot_cvar_a0.20_g0.70_seed2.csv.gz
imdbwiki,infeasible,fedavot_cvar,0.20,0.70,3,4000,500,0,,88.8108,tier5,116.017,81.6655,97.0737,89.9588,95.0471,116.017,imdbwiki_infeasible_fedavot_cvar_a0.20_g0.70_seed3.csv.gz
imdbwiki,infeasible,fedavot_cvar,0.20,0.70,4,4000,500,0,,90.6934,tier5,120.362,83.3333,101.655,94.2268,106.017,120.362,imdbwiki_infeasible_fedavot_cvar_a0.20_g0.70_seed4.csv.gz
imdbwiki,infeasible,fedavot_cvar,0.20,0.80,0,4000,500,0,,88.6598,tier5,114.897,80.1206,100.442,91.6272,98.0697,114.897,imdbwiki_infeasible_fedavot_cvar_a0.20_g0.80_seed0.csv.gz
imdbwiki,infeasible,fedavot_cvar,0.20,0.80,1,4000,500,0,,87.7049,tier5,115.031,80.4206,96.9267,88.1186,95.1772,115.031,imdbwiki_infeasible_fedavot_cvar_a0.20_g0.80_seed1.csv.gz
imdbwiki,infeasible,fedavot_cvar,0.20,0.80,2,4000,500,0,,87.9741,tier5,115.003,80.825,97.4679,87.7844,95.7268,115.003,imdbwiki_infeasible_fedavot_cvar_a0.20_g0.80_seed2.csv.gz
imdbwiki,infeasible,fedavot_cvar,0.20,0.80,3,4000,500,0,,87.2033,tier5,114.863,79.327,96.3319,88.415,90.8978,114.863,imdbwiki_infeasible_fedavot_cvar_a0.20_g0.80_seed3.csv.gz
imdbwiki,infeasible,fedavot_cvar,0.20,0.80,4,4000,500,0,,88.4623,tier5,117.998,80.4278,100.153,92.2736,101.105,117.998,imdbwiki_infeasible_fedavot_cvar_a0.20_g0.80_seed4.csv.gz
imdbwiki,infeasible,fedavot_cvar,0.20,0.90,0,4000,500,0,,86.8885,tier5,113.982,77.5532,99.6286,89.7634,93.4056,113.982,imdbwiki_infeasible_fedavot_cvar_a0.20_g0.90_seed0.csv.gz
imdbwiki,infeasible,fedavot_cvar,0.20,0.90,1,4000,500,0,,86.4962,tier5,114.577,78.6443,96.2496,87.0325,90.9301,114.577,imdbwiki_infeasible_fedavot_cvar_a0.20_g0.90_seed1.csv.gz
imdbwiki,infeasible,fedavot_cvar,0.20,0.90,2,4000,500,0,,86.6086,tier5,114.747,78.8114,96.5789,86.6015,91.1701,114.747,imdbwiki_infeasible_fedavot_cvar_a0.20_g0.90_seed2.csv.gz
imdbwiki,infeasible,fedavot_cvar,0.20,0.90,3,4000,500,0,,86.3378,tier5,114.763,77.7466,96.1667,87.2385,87.1063,114.763,imdbwiki_infeasible_fedavot_cvar_a0.20_g0.90_seed3.csv.gz
imdbwiki,infeasible,fedavot_cvar,0.20,0.90,4,4000,500,0,,86.7824,tier5,116.25,78.0766,99.0981,90.3901,96.0644,116.25,imdbwiki_infeasible_fedavot_cvar_a0.20_g0.90_seed4.csv.gz
imdbwiki,infeasible,fedavot_cvar,0.20,1.00,0,4000,500,0,,85.8495,tier5,114.22,75.7608,99.201,88.4458,88.4549,114.22,imdbwiki_infeasible_fedavot_cvar_a0.20_g1.00_seed0.csv.gz
imdbwiki,infeasible,fedavot_cvar,0.20,1.00,1,4000,500,0,,85.9733,tier5,115.055,77.5969,96.0417,86.4093,86.5273,115.055,imdbwiki_infeasible_fedavot_cvar_a0.20_g1.00_seed1.csv.gz
imdbwiki,infeasible,fedavot_cvar,0.20,1.00,2,4000,500,0,,86.1828,tier5,115.866,77.781,96.4214,86.036,86.6977,115.866,imdbwiki_infeasible_fedavot_cvar_a0.20_g1.00_seed2.csv.gz
imdbwiki,infeasible,fedavot_cvar,0.20,1.00,3,4000,500,0,,86.4138,tier5,115.729,77.2092,96.6206,86.9818,83.635,115.729,imdbwiki_infeasible_fedavot_cvar_a0.20_g1.00_seed3.csv.gz
imdbwiki,infeasible,fedavot_cvar,0.20,1.00,4,4000,500,0,,85.8867,tier5,115.612,76.6262,98.3511,88.8261,90.3069,115.612,imdbwiki_infeasible_fedavot_cvar_a0.20_g1.00_seed4.csv.gz
imdbwiki,infeasible,fedavot_cvar,0.30,0.10,0,4000,500,0,,99.1602,tier5,122.908,92.7278,109.17,99.7746,114.652,122.908,imdbwiki_infeasible_fedavot_cvar_a0.30_g0.10_seed0.csv.gz
imdbwiki,infeasible,fedavot_cvar,0.30,0.10,1,4000,500,0,,97.2768,tier5,122.549,92.0216,104.414,94.4145,113.067,122.549,imdbwiki_infeasible_fedavot_cvar_a0.30_g0.10_seed1.csv.gz
imdbwiki,infeasible,fedavot_cvar,0.30,0.10,2,4000,500,0,,97.4166,tier5,120.988,92.5029,105.25,93.8483,111.202,120.988,imdbwiki_infeasible_fedavot_cvar_a0.30_g0.10_seed2.csv.gz
imdbwiki,infeasible,fedavot_cvar,0.30,0.10,3,4000,500,0,,96.2415,tier5,121.34,91.3607,102.212,93.9009,106.673,121.34,imdbwiki_infeasible_fedavot_cvar_a0.30_g0.10_seed3.csv.gz
imdbwiki,infeasible,fedavot_cvar,0.30,0.10,4,4000,500,0,,98.6919,tier5,127.941,92.4569,109.18,100.136,118.952,127.941,imdbwiki_infeasible_fedavot_cvar_a0.30_g0.10_seed4.csv.gz
imdbwiki,infeasible,fedavot_cvar,0.30,0.20,0,4000,500,0,,97.4348,tier5,121.182,90.8555,107.526,98.2,112.098,121.182,imdbwiki_infeasible_fedavot_cvar_a0.30_g0.20_seed0.csv.gz
imdbwiki,infeasible,fedavot_cvar,0.30,0.20,1,4000,500,0,,95.6655,tier5,121.257,90.2091,102.987,93.1744,110.442,121.257,imdbwiki_infeasible_fedavot_cvar_a0.30_g0.20_seed1.csv.gz
imdbwiki,infeasible,fedavot_cvar,0.30,0.20,2,4000,500,0,,95.919,tier5,119.98,90.8202,103.795,92.6836,109.184,119.98,imdbwiki_infeasible_fedavot_cvar_a0.30_g0.20_seed2.csv.gz
imdbwiki,infeasible,fedavot_cvar,0.30,0.20,3,4000,500,0,,94.6184,tier5,120.006,89.3708,101.074,92.5048,104.517,120.006,imdbwiki_infeasible_fedavot_cvar_a0.30_g0.20_seed3.csv.gz
imdbwiki,infeasible,fedavot_cvar,0.30,0.20,4,4000,500,0,,97.0297,tier5,126.342,90.6468,107.662,98.747,116.721,126.342,imdbwiki_infeasible_fedavot_cvar_a0.30_g0.20_seed4.csv.gz
imdbwiki,infeasible,fedavot_cvar,0.30,0.30,0,4000,500,0,,95.7163,tier5,119.625,88.8979,105.93,96.8367,109.686,119.625,imdbwiki_infeasible_fedavot_cvar_a0.30_g0.30_seed0.csv.gz
imdbwiki,infeasible,fedavot_cvar,0.30,0.30,1,4000,500,0,,94.0896,tier5,119.766,88.4197,101.531,92.0521,107.885,119.766,imdbwiki_infeasible_fedavot_cvar_a0.30_g0.30_seed1.csv.gz
imdbwiki,infeasible,fedavot_cvar,0.30,0.30,2,4000,500,0,,94.1429,tier5,118.558,88.6173,102.431,91.458,106.36,118.558,imdbwiki_infeasible_fedavot_cvar_a0.30_g0.30_seed2.csv.gz
imdbwiki,infeasible,fedavot_cvar,0.30,0.30,3,4000,500,0,,92.9568,tier5,118.659,87.2655,99.9786,91.335,101.846,118.659,imdbwiki_infeasible_fedavot_cvar_a0.30_g0.30_seed3.csv.gz
imdbwiki,infeasible,fedavot_cvar,0.30,0.30,4,4000,500,0,,95.3065,tier5,124.629,88.6341,106.126,97.4794,114.377,124.629,imdbwiki_infeasible_fedavot_cvar_a0.30_g0.30_seed4.csv.gz
imdbwiki,infeasible,fedavot_cvar,0.30,0.40,0,4000,500,0,,93.933,tier5,118.09,86.7695,104.531,95.3004,107.048,118.09,imdbwiki_infeasible_fedavot_cvar_a0.30_g0.40_seed0.csv.gz
imdbwiki,infeasible,fedavot_cvar,0.30,0.40,1,4000,500,0,,92.5555,tier5,118.486,86.6066,100.24,91.0117,105.25,118.486,imdbwiki_infeasible_fedavot_cvar_a0.30_g0.40_seed1.csv.gz
imdbwiki,infeasible,fedavot_cvar,0.30,0.40,2,4000,500,0,,92.6048,tier5,117.445,86.7838,101.078,90.3461,103.826,117.445,imdbwiki_infeasible_fedavot_cvar_a0.30_g0.40_seed2.csv.gz
imdbwiki,infeasible,fedavot_cvar,0.30,0.40,3,4000,500,0,,91.3904,tier5,117.363,85.2058,98.9659,90.179,99.3149,117.363,imdbwiki_infeasible_fedavot_cvar_a0.30_g0.40_seed3.csv.gz
imdbwiki,infeasible,fedavot_cvar,0.30,0.40,4,4000,500,0,,93.6296,tier5,122.782,86.6736,104.705,96.1686,111.58,122.782,imdbwiki_infeasible_fedavot_cvar_a0.30_g0.40_seed4.csv.gz
imdbwiki,infeasible,fedavot_cvar,0.30,0.50,0,4000,500,0,,92.2882,tier5,116.916,84.774,103.215,93.9983,104.533,116.916,imdbwiki_infeasible_fedavot_cvar_a0.30_g0.50_seed0.csv.gz
imdbwiki,infeasible,fedavot_cvar,0.30,0.50,1,4000,500,0,,91.0968,tier5,117.397,84.7637,99.2135,90.0975,102.608,117.397,imdbwiki_infeasible_fedavot_cvar_a0.30_g0.50_seed1.csv.gz
imdbwiki,infeasible,fedavot_cvar,0.30,0.50,2,4000,500,0,,91.0502,tier5,116.445,84.8505,99.8197,89.2795,101.271,116.445,imdbwiki_infeasible_fedavot_cvar_a0.30_g0.50_seed2.csv.gz
imdbwiki,infeasible,fedavot_cvar,0.30,0.50,3,4000,500,0,,89.8583,tier5,116.249,83.0963,98.0857,89.1863,96.5808,116.249,imdbwiki_infeasible_fedavot_cvar_a0.30_g0.50_seed3.csv.gz
imdbwiki,infeasible,fedavot_cvar,0.30,0.50,4,4000,500,0,,91.885,tier5,121.119,84.6836,103.087,94.7371,108.602,121.119,imdbwiki_infeasible_fedavot_cvar_a0.30_g0.50_seed4.csv.gz
imdbwiki,infeasible,fedavot_cvar,0.30,0.60,0,4000,500,0,,90.6497,tier5,115.701,82.7286,101.923,92.6467,101.793,115.701,imdbwiki_infeasible_fedavot_cvar_a0.30_g0.60_seed0.csv.gz
imdbwiki,infeasible,fedavot_cvar,0.30,0.60,1,4000,500,0,,89.5556,tier5,116.145,82.7796,98.2634,88.9299,99.5444,116.145,imdbwiki_infeasible_fedavot_cvar_a0.30_g0.60_seed1.csv.gz
imdbwiki,infeasible,fedavot_cvar,0.30,0.60,2,4000,500,0,,89.6307,tier5,115.502,83.0405,98.6779,88.2836,98.5358,115.502,imdbwiki_infeasible_fedavot_cvar_a0.30_g0.60_seed2.csv.gz
imdbwiki,infeasible,fedavot_cvar,0.30,0.60,3,4000,500,0,,88.4705,tier5,115.378,81.1574,97.2829,88.238,93.7763,115.378,imdbwiki_infeasible_fedavot_cvar_a0.30_g0.60_seed3.csv.gz
imdbwiki,infeasible,fedavot_cvar,0.30,0.60,4,4000,500,0,,90.2399,tier5,119.452,82.7582,101.578,93.355,105.339,119.452,imdbwiki_infeasible_fedavot_cvar_a0.30_g0.60_seed4.csv.gz
imdbwiki,infeasible,fedavot_cvar,0.30,0.70,0,4000,500,0,,89.0999,tier5,114.666,80.7175,100.837,91.2666,98.7583,114.666,imdbwiki_infeasible_fedavot_cvar_a0.30_g0.70_seed0.csv.gz
imdbwiki,infeasible,fedavot_cvar,0.30,0.70,1,4000,500,0,,88.1012,tier5,115.139,80.9085,97.2491,87.9313,96.2972,115.139,imdbwiki_infeasible_fedavot_cvar_a0.30_g0.70_seed1.csv.gz
imdbwiki,infeasible,fedavot_cvar,0.30,0.70,2,4000,500,0,,88.2281,tier5,114.921,81.183,97.6554,87.3444,95.5917,114.921,imdbwiki_infeasible_fedavot_cvar_a0.30_g0.70_seed2.csv.gz
imdbwiki,infeasible,fedavot_cvar,0.30,0.70,3,4000,500,0,,87.3564,tier5,114.799,79.5834,96.5699,87.397,91.1247,114.799,imdbwiki_infeasible_fedavot_cvar_a0.30_g0.70_seed3.csv.gz
imdbwiki,infeasible,fedavot_cvar,0.30,0.70,4,4000,500,0,,88.7141,tier5,118.031,80.8517,100.276,92.052,101.934,118.031,imdbwiki_infeasible_fedavot_cvar_a0.30_g0.70_seed4.csv.gz
imdbwiki,infeasible,fedavot_cvar,0.30,0.80,0,4000,500,0,,87.637,tier5,113.982,78.7149,99.931,89.9433,95.3311,113.982,imdbwiki_infeasible_fedavot_cvar_a0.30_g0.80_seed0.csv.gz
imdbwiki,infeasible,fedavot_cvar,0.30,0.80,1,4000,500,0,,86.955,tier5,114.557,79.3845,96.449,87.0403,92.9425,114.557,imdbwiki_infeasible_fedavot_cvar_a0.30_g0.80_seed1.csv.gz
imdbwiki,infeasible,fedavot_cvar,0.30,0.80,2,4000,500,0,,87.0826,tier5,114.643,79.647,96.7399,86.484,92.5177,114.643,imdbwiki_infeasible_fedavot_cvar_a0.30_g0.80_seed2.csv.gz
imdbwiki,infeasible,fedavot_cvar,0.30,0.80,3,4000,500,0,,86.5901,tier5,114.591,78.3261,96.2139,86.8402,88.4418,114.591,imdbwiki_infeasible_fedavot_cvar_a0.30_g0.80_seed3.csv.gz
imdbwiki,infeasible,fedavot_cvar,0.30,0.80,4,4000,500,0,,87.3839,tier5,116.812,79.0939,99.2364,90.7388,98.2056,116.812,imdbwiki_infeasible_fedavot_cvar_a0.30_g0.80_seed4.csv.gz
imdbwiki,infeasible,fedavot_cvar,0.30,0.90,0,4000,500,0,,86.562,tier5,113.807,77.0827,99.374,88.8938,91.7893,113.807,imdbwiki_infeasible_fedavot_cvar_a0.30_g0.90_seed0.csv.gz
imdbwiki,infeasible,fedavot_cvar,0.30,0.90,1,4000,500,0,,86.2151,tier5,114.475,78.2874,95.9327,86.4444,89.6049,114.475,imdbwiki_infeasible_fedavot_cvar_a0.30_g0.90_seed1.csv.gz
imdbwiki,infeasible,fedavot_cvar,0.30,0.90,2,4000,500,0,,86.3745,tier5,114.892,78.4832,96.3224,85.9425,89.4034,114.892,imdbwiki_infeasible_fedavot_cvar_a0.30_g0.90_seed2.csv.gz
imdbwiki,infeasible,fedavot_cvar,0.30,0.90,3,4000,500,0,,86.2579,tier5,114.837,77.5482,96.1893,86.5521,85.7994,114.837,imdbwiki_infeasible_fedavot_cvar_a0.30_g0.90_seed3.csv.gz
imdbwiki,infeasible,fedavot_cvar,0.30,0.90,4,4000,500,0,,86.3882,tier5,115.902,77.6629,98.4961,89.5107,94.1654,115.902,imdbwiki_infeasible_fedavot_cvar_a0.30_g0.90_seed4.csv.gz
imdbwiki,infeasible,fedavot_cvar,0.30,1.00,0,4000,500,0,,85.8495,tier5,114.22,75.7608,99.201,88.4458,88.4549,114.22,imdbwiki_infeasible_fedavot_cvar_a0.30_g1.00_seed0.csv.gz
imdbwiki,infeasible,fedavot_cvar,0.30,1.00,1,4000,500,0,,85.9733,tier5,115.055,77.5969,96.0417,86.4093,86.5273,115.055,imdbwiki_infeasible_fedavot_cvar_a0.30_g1.00_seed1.csv.gz
imdbwiki,infeasible,fedavot_cvar,0.30,1.00,2,4000,500,0,,86.1828,tier5,115.866,77.781,96.4214,86.036,86.6977,115.866,imdbwiki_infeasible_fedavot_cvar_a0.30_g1.00_seed2.csv.gz
imdbwiki,infeasible,fedavot_cvar,0.30,1.00,3,4000,500,0,,86.4138,tier5,115.729,77.2092,96.6206,86.9818,83.635,115.729,imdbwiki_infeasible_fedavot_cvar_a0.30_g1.00_seed3.csv.gz
imdbwiki,infeasible,fedavot_cvar,0.30,1.00,4,4000,500,0,,85.8867,tier5,115.612,76.6262,98.3511,88.8261,90.3069,115.612,imdbwiki_infeasible_fedavot_cvar_a0.30_g1.00_seed4.csv.gz
imdbwiki,infeasible,fedavot_cvar,0.40,0.10,0,4000,500,0,,94.6507,tier5,118.404,87.5472,105.396,95.2614,107.314,118.404,imdbwiki_infeasible_fedavot_cvar_a0.40_g0.10_seed0.csv.gz
imdbwiki,infeasible,fedavot_cvar,0.40,0.10,1,4000,500,0,,93.245,tier5,118.265,87.5376,100.61,91.4648,106.157,118.265,imdbwiki_infeasible_fedavot_cvar_a0.40_g0.10_seed1.csv.gz
imdbwiki,infeasible,fedavot_cvar,0.40,0.10,2,4000,500,0,,93.2246,tier5,117.017,87.7413,101.072,90.7068,104.285,117.017,imdbwiki_infeasible_fedavot_cvar_a0.40_g0.10_seed2.csv.gz
imdbwiki,infeasible,fedavot_cvar,0.40,0.10,3,4000,500,0,,92.2224,tier5,117.353,86.4294,99.4064,90.0651,99.8817,117.353,imdbwiki_infeasible_fedavot_cvar_a0.40_g0.10_seed3.csv.gz
imdbwiki,infeasible,fedavot_cvar,0.40,0.10,4,4000,500,0,,93.9697,tier5,122.43,87.0591,105.149,95.8485,111.329,122.43,imdbwiki_infeasible_fedavot_cvar_a0.40_g0.10_seed4.csv.gz
imdbwiki,infeasible,fedavot_cvar,0.40,0.20,0,4000,500,0,,93.4453,tier5,117.364,86.1949,104.317,94.1651,105.548,117.364,imdbwiki_infeasible_fedavot_cvar_a0.40_g0.20_seed0.csv.gz
imdbwiki,infeasible,fedavot_cvar,0.40,0.20,1,4000,500,0,,92.168,tier5,117.338,86.263,99.6692,90.6463,104.178,117.338,imdbwiki_infeasible_fedavot_cvar_a0.40_g0.20_seed1.csv.gz
imdbwiki,infeasible,fedavot_cvar,0.40,0.20,2,4000,500,0,,92.1513,tier5,116.399,86.3902,100.328,89.809,102.506,116.399,imdbwiki_infeasible_fedavot_cvar_a0.40_g0.20_seed2.csv.gz
imdbwiki,infeasible,fedavot_cvar,0.40,0.20,3,4000,500,0,,91.2249,tier5,116.606,85.164,98.7847,89.227,98.159,116.606,imdbwiki_infeasible_fedavot_cvar_a0.40_g0.20_seed3.csv.gz
imdbwiki,infeasible,fedavot_cvar,0.40,0.20,4,4000,500,0,,92.8946,tier5,121.241,85.9259,104.111,94.8155,109.493,121.241,imdbwiki_infeasible_fedavot_cvar_a0.40_g0.20_seed4.csv.gz
imdbwiki,infeasible,fedavot_cvar,0.40,0.30,0,4000,500,0,,92.3179,tier5,116.435,84.8218,103.378,93.2771,103.763,116.435,imdbwiki_infeasible_fedavot_cvar_a0.40_g0.30_seed0.csv.gz
imdbwiki,infeasible,fedavot_cvar,0.40,0.30,1,4000,500,0,,91.1031,tier5,116.705,84.9566,98.9199,89.7544,102.05,116.705,imdbwiki_infeasible_fedavot_cvar_a0.40_g0.30_seed1.csv.gz
imdbwiki,infeasible,fedavot_cvar,0.40,0.30,2,4000,500,0,,90.9702,tier5,115.784,84.9006,99.3936,88.899,100.499,115.784,imdbwiki_infeasible_fedavot_cvar_a0.40_g0.30_seed2.csv.gz
imdbwiki,infeasible,fedavot_cvar,0.40,0.30,3,4000,500,0,,90.2045,tier5,115.868,83.8126,98.1798,88.3532,96.2109,115.868,imdbwiki_infeasible_fedavot_cvar_a0.40_g0.30_seed3.csv.gz
imdbwiki,infeasible,fedavot_cvar,0.40,0.30,4,4000,500,0,,91.6894,tier5,120.219,84.4891,103.012,93.874,107.399,120.219,imdbwiki_infeasible_fedavot_cvar_a0.40_g0.30_seed4.csv.gz
imdbwiki,infeasible,fedavot_cvar,0.40,0.40,0,4000,500,0,,91.1763,tier5,115.631,83.4682,102.394,92.2415,101.924,115.631,imdbwiki_infeasible_fedavot_cvar_a0.40_g0.40_seed0.csv.gz
imdbwiki,infeasible,fedavot_cvar,0.40,0.40,1,4000,500,0,,90.0524,tier5,115.978,83.6533,98.0921,88.953,99.9403,115.978,imdbwiki_infeasible_fedavot_cvar_a0.40_g0.40_seed1.csv.gz
imdbwiki,infeasible,fedavot_cvar,0.40,0.40,2,4000,500,0,,89.8739,tier5,115.277,83.5816,98.441,88.0386,98.437,115.277,imdbwiki_infeasible_fedavot_cvar_a0.40_g0.40_seed2.csv.gz
imdbwiki,infeasible,fedavot_cvar,0.40,0.40,3,4000,500,0,,89.2004,tier5,115.217,82.4245,97.555,87.6364,94.3603,115.217,imdbwiki_infeasible_fedavot_cvar_a0.40_g0.40_seed3.csv.gz
imdbwiki,infeasible,fedavot_cvar,0.40,0.40,4,4000,500,0,,90.6284,tier5,118.992,83.338,101.917,92.8878,105.411,118.992,imdbwiki_infeasible_fedavot_cvar_a0.40_g0.40_seed4.csv.gz
imdbwiki,infeasible,fedavot_cvar,0.40,0.50,0,4000,500,0,,90.0487,tier5,114.825,82.0728,101.434,91.2974,99.7822,114.825,imdbwiki_infeasible_fedavot_cvar_a0.40_g0.50_seed0.csv.gz
imdbwiki,infeasible,fedavot_cvar,0.40,0.50,1,4000,500,0,,88.9983,tier5,115.352,82.3439,97.2636,88.1882,97.8833,115.352,imdbwiki_infeasible_fedavot_cvar_a0.40_g0.50_seed1.csv.gz
imdbwiki,infeasible,fedavot_cvar,0.40,0.50,2,4000,500,0,,88.8925,tier5,114.898,82.3083,97.6718,87.3672,96.4031,114.898,imdbwiki_infeasible_fedavot_cvar_a0.40_g0.50_seed2.csv.gz
imdbwiki,infeasible,fedavot_cvar,0.40,0.50,3,4000,500,0,,88.2114,tier5,114.612,81.0529,96.8922,87.0498,92.2488,114.612,imdbwiki_infeasible_fedavot_cvar_a0.40_g0.50_seed3.csv.gz
imdbwiki,infeasible,fedavot_cvar,0.40,0.50,4,4000,500,0,,89.4788,tier5,117.946,81.9765,100.831,91.9067,103.028,117.946,imdbwiki_infeasible_fedavot_cvar_a0.40_g0.50_seed4.csv.gz
imdbwiki,infeasible,fedavot_cvar,0.40,0.60,0,4000,500,0,,88.9807,tier5,114.227,80.6523,100.679,90.4487,97.6192,114.227,imdbwiki_infeasible_fedavot_cvar_a0.40_g0.60_seed0.csv.gz
imdbwiki,infeasible,fedavot_cvar,0.40,0.60,1,4000,500,0,,88.0039,tier5,114.88,81.0342,96.5894,87.5487,95.4862,114.88,imdbwiki_infeasible_fedavot_cvar_a0.40_g0.60_seed1.csv.gz
imdbwiki,infeasible,fedavot_cvar,0.40,0.60,2,4000,500,0,,88.005,tier5,114.632,81.0961,97.0454,86.7514,94.438,114.632,imdbwiki_infeasible_fedavot_cvar_a0.40_g0.60_seed2.csv.gz
imdbwiki,infeasible,fedavot_cvar,0.40,0.60,3,4000,500,0,,87.3561,tier5,114.273,79.7536,96.4861,86.539,90.1917,114.273,imdbwiki_infeasible_fedavot_cvar_a0.40_g0.60_seed3.csv.gz
imdbwiki,infeasible,fedavot_cvar,0.40,0.60,4,4000,500,0,,88.4149,tier5,117.095,80.6535,99.8695,91.0078,100.561,117.095,imdbwiki_infeasible_fedavot_cvar_a0.40_g0.60_seed4.csv.gz
imdbwiki,infeasible,fedavot_cvar,0.40,0.70,0,4000,500,0,,87.9782,tier5,113.824,79.277,100.011,89.6491,95.3854,113.824,imdbwiki_infeasible_fedavot_cvar_a0.40_g0.70_seed0.csv.gz
imdbwiki,infeasible,fedavot_cvar,0.40,0.70,1,4000,500,0,,87.1444,tier5,114.509,79.8266,96.1377,86.9225,93.0864,114.509,imdbwiki_infeasible_fedavot_cvar_a0.40_g0.70_seed1.csv.gz
imdbwiki,infeasible,fedavot_cvar,0.40,0.70,2,4000,500,0,,87.2406,tier5,114.457,79.9722,96.6162,86.2697,92.4493,114.457,imdbwiki_infeasible_fedavot_cvar_a0.40_g0.70_seed2.csv.gz
imdbwiki,infeasible,fedavot_cvar,0.40,0.70,3,4000,500,0,,86.7087,tier5,114.204,78.7139,96.1389,86.2312,88.2671,114.204,imdbwiki_infeasible_fedavot_cvar_a0.40_g0.70_seed3.csv.gz
imdbwiki,infeasible,fedavot_cvar,0.40,0.70,4,4000,500,0,,87.4883,tier5,116.314,79.4114,99.1613,90.1984,98.0827,116.314,imdbwiki_infeasible_fedavot_cvar_a0.40_g0.70_seed4.csv.gz
imdbwiki,infeasible,fedavot_cvar,0.40,0.80,0,4000,500,0,,87.0807,tier5,113.59,77.9048,99.5876,89.0144,92.9923,113.59,imdbwiki_infeasible_fedavot_cvar_a0.40_g0.80_seed0.csv.gz
imdbwiki,infeasible,fedavot_cvar,0.40,0.80,1,4000,500,0,,86.491,tier5,114.38,78.8178,95.8764,86.5113,90.7696,114.38,imdbwiki_infeasible_fedavot_cvar_a0.40_g0.80_seed1.csv.gz
imdbwiki,infeasible,fedavot_cvar,0.40,0.80,2,4000,500,0,,86.631,tier5,114.538,79.0006,96.3161,85.9242,90.4671,114.538,imdbwiki_infeasible_fedavot_cvar_a0.40_g0.80_seed2.csv.gz
imdbwiki,infeasible,fedavot_cvar,0.40,0.80,3,4000,500,0,,86.3245,tier5,114.358,77.9144,96.063,86.191,86.5341,114.358,imdbwiki_infeasible_fedavot_cvar_a0.40_g0.80_seed3.csv.gz
imdbwiki,infeasible,fedavot_cvar,0.40,0.80,4,4000,500,0,,86.7088,tier5,115.772,78.2737,98.6201,89.5402,95.5164,115.772,imdbwiki_infeasible_fedavot_cvar_a0.40_g0.80_seed4.csv.gz
imdbwiki,infeasible,fedavot_cvar,0.40,0.90,0,4000,500,0,,86.3458,tier5,113.749,76.6768,99.3364,88.6103,90.4901,113.749,imdbwiki_infeasible_fedavot_cvar_a0.40_g0.90_seed0.csv.gz
imdbwiki,infeasible,fedavot_cvar,0.40,0.90,1,4000,500,0,,86.0923,tier5,114.531,78.0574,95.8238,86.3526,88.4249,114.531,imdbwiki_infeasible_fedavot_cvar_a0.40_g0.90_seed1.csv.gz
imdbwiki,infeasible,fedavot_cvar,0.40,0.90,2,4000,500,0,,86.2689,tier5,115.063,78.253,96.2107,85.8697,88.4842,115.063,imdbwiki_infeasible_fedavot_cvar_a0.40_g0.90_seed2.csv.gz
imdbwiki,infeasible,fedavot_cvar,0.40,0.90,3,4000,500,0,,86.2366,tier5,114.873,77.4163,96.233,86.4459,84.8438,114.873,imdbwiki_infeasible_fedavot_cvar_a0.40_g0.90_seed3.csv.gz
imdbwiki,infeasible,fedavot_cvar,0.40,0.90,4,4000,500,0,,86.1459,tier5,115.418,77.311,98.3152,89.0216,92.7353,115.418,imdbwiki_infeasible_fedavot_cvar_a0.40_g0.90_seed4.csv.gz
imdbwiki,infeasible,fedavot_cvar,0.40,1.00,0,4000,500,0,,85.8495,tier5,114.22,75.7608,99.201,88.4458,88.4549,114.22,imdbwiki_infeasible_fedavot_cvar_a0.40_g1.00_seed0.csv.gz
imdbwiki,infeasible,fedavot_cvar,0.40,1.00,1,4000,500,0,,85.9733,tier5,115.055,77.5969,96.0417,86.4093,86.5273,115.055,imdbwiki_infeasible_fedavot_cvar_a0.40_g1.00_seed1.csv.gz
imdbwiki,infeasible,fedavot_cvar,0.40,1.00,2,4000,500,0,,86.1828,tier5,115.866,77.781,96.4214,86.036,86.6977,115.866,imdbwiki_infeasible_fedavot_cvar_a0.40_g1.00_seed2.csv.gz
imdbwiki,infeasible,fedavot_cvar,0.40,1.00,3,4000,500,0,,86.4138,tier5,115.729,77.2092,96.6206,86.9818,83.635,115.729,imdbwiki_infeasible_fedavot_cvar_a0.40_g1.00_seed3.csv.gz
imdbwiki,infeasible,fedavot_cvar,0.40,1.00,4,4000,500,0,,85.8867,tier5,115.612,76.6262,98.3511,88.8261,90.3069,115.612,imdbwiki_infeasible_fedavot_cvar_a0.40_g1.00_seed4.csv.gz
imdbwiki,infeasible,fedavot_cvar,0.50,0.10,0,4000,500,0,,91.712,tier5,115.787,84.0319,102.854,92.7146,102.254,115.787,imdbwiki_infeasible_fedavot_cvar_a0.50_g0.10_seed0.csv.gz
imdbwiki,infeasible,fedavot_cvar,0.50,0.10,1,4000,500,0,,90.558,tier5,116.142,84.4252,97.9941,89.6516,100.663,116.142,imdbwiki_infeasible_fedavot_cvar_a0.50_g0.10_seed1.csv.gz
imdbwiki,infeasible,fedavot_cvar,0.50,0.10,2,4000,500,0,,90.4291,tier5,115.353,84.3057,98.6047,88.7891,99.2403,115.353,imdbwiki_infeasible_fedavot_cvar_a0.50_g0.10_seed2.csv.gz
imdbwiki,infeasible,fedavot_cvar,0.50,0.10,3,4000,500,0,,89.866,tier5,115.08,83.4655,97.6863,88.1917,95.3518,115.08,imdbwiki_infeasible_fedavot_cvar_a0.50_g0.10_seed3.csv.gz
imdbwiki,infeasible,fedavot_cvar,0.50,0.10,4,4000,500,0,,90.986,tier5,118.94,83.7322,102.176,92.9693,105.456,118.94,imdbwiki_infeasible_fedavot_cvar_a0.50_g0.10_seed4.csv.gz
imdbwiki,infeasible,fedavot_cvar,0.50,0.20,0,4000,500,0,,90.8694,tier5,115.22,82.9954,102.207,91.9227,100.669,115.22,imdbwiki_infeasible_fedavot_cvar_a0.50_g0.20_seed0.csv.gz
imdbwiki,infeasible,fedavot_cvar,0.50,0.20,1,4000,500,0,,89.783,tier5,115.638,83.4491,97.4501,89.0873,99.0719,115.638,imdbwiki_infeasible_fedavot_cvar_a0.50_g0.20_seed1.csv.gz
imdbwiki,infeasible,fedavot_cvar,0.50,0.20,2,4000,500,0,,89.6787,tier5,115.008,83.397,97.9732,88.1241,97.9605,115.008,imdbwiki_infeasible_fedavot_cvar_a0.50_g0.20_seed2.csv.gz
imdbwiki,infeasible,fedavot_cvar,0.50,0.20,3,4000,500,0,,89.148,tier5,114.688,82.5074,97.2596,87.6231,93.9398,114.688,imdbwiki_infeasible_fedavot_cvar_a0.50_g0.20_seed3.csv.gz
imdbwiki,infeasible,fedavot_cvar,0.50,0.20,4,4000,500,0,,90.2286,tier5,118.109,82.9289,101.366,92.2061,103.805,118.109,imdbwiki_infeasible_fedavot_cvar_a0.50_g0.20_seed4.csv.gz
imdbwiki,infeasible,fedavot_cvar,0.50,0.30,0,4000,500,0,,90.0744,tier5,114.822,81.994,101.543,91.3166,99.2485,114.822,imdbwiki_infeasible_fedavot_cvar_a0.50_g0.30_seed0.csv.gz
imdbwiki,infeasible,fedavot_cvar,0.50,0.30,1,4000,500,0,,89.0695,tier5,115.269,82.5073,96.9872,88.5344,97.3961,115.269,imdbwiki_infeasible_fedavot_cvar_a0.50_g0.30_seed1.csv.gz
imdbwiki,infeasible,fedavot_cvar,0.50,0.30,2,4000,500,0,,88.8975,tier5,114.733,82.3683,97.4305,87.5668,96.3897,114.733,imdbwiki_infeasible_fedavot_cvar_a0.50_g0.30_seed2.csv.gz
imdbwiki,infeasible,fedavot_cvar,0.50,0.30,3,4000,500,0,,88.4568,tier5,114.34,81.577,96.8265,87.1091,92.5742,114.34,imdbwiki_infeasible_fedavot_cvar_a0.50_g0.30_seed3.csv.gz
imdbwiki,infeasible,fedavot_cvar,0.50,0.30,4,4000,500,0,,89.5092,tier5,117.557,82.077,100.743,91.5729,102.359,117.557,imdbwiki_infeasible_fedavot_cvar_a0.50_g0.30_seed4.csv.gz
imdbwiki,infeasible,fedavot_cvar,0.50,0.40,0,4000,500,0,,89.2915,tier5,114.41,80.9381,101.061,90.6484,97.7213,114.41,imdbwiki_infeasible_fedavot_cvar_a0.50_g0.40_seed0.csv.gz
imdbwiki,infeasible,fedavot_cvar,0.50,0.40,1,4000,500,0,,88.355,tier5,114.884,81.5815,96.4986,88.0347,95.7742,114.884,imdbwiki_infeasible_fedavot_cvar_a0.50_g0.40_seed1.csv.gz
imdbwiki,infeasible,fedavot_cvar,0.50,0.40,2,4000,500,0,,88.1826,tier5,114.496,81.4154,96.9355,87.056,94.9475,114.496,imdbwiki_infeasible_fedavot_cvar_a0.50_g0.40_seed2.csv.gz
imdbwiki,infeasible,fedavot_cvar,0.50,0.40,3,4000,500,0,,87.763,tier5,113.994,80.5494,96.4503,86.693,90.9615,113.994,imdbwiki_infeasible_fedavot_cvar_a0.50_g0.40_seed3.csv.gz
imdbwiki,infeasible,fedavot_cvar,0.50,0.40,4,4000,500,0,,88.762,tier5,116.909,81.1165,100.131,90.9389,100.663,116.909,imdbwiki_infeasible_fedavot_cvar_a0.50_g0.40_seed4.csv.gz
imdbwiki,infeasible,fedavot_cvar,0.50,0.50,0,4000,500,0,,88.5722,tier5,114.022,79.9774,100.531,90.1054,96.1553,114.022,imdbwiki_infeasible_fedavot_cvar_a0.50_g0.50_seed0.csv.gz
imdbwiki,infeasible,fedavot_cvar,0.50,0.50,1,4000,500,0,,87.6773,tier5,114.58,80.6344,96.1664,87.5341,94.0674,114.58,imdbwiki_infeasible_fedavot_cvar_a0.50_g0.50_seed1.csv.gz
imdbwiki,infeasible,fedavot_cvar,0.50,0.50,2,4000,500,0,,87.5913,tier5,114.44,80.5483,96.6316,86.6325,93.4691,114.44,imdbwiki_infeasible_fedavot_cvar_a0.50_g0.50_seed2.csv.gz
imdbwiki,infeasible,fedavot_cvar,0.50,0.50,3,4000,500,0,,87.1671,tier5,113.852,79.6384,96.1012,86.3903,89.3987,113.852,imdbwiki_infeasible_fedavot_cvar_a0.50_g0.50_seed3.csv.gz
imdbwiki,infeasible,fedavot_cvar,0.50,0.50,4,4000,500,0,,88.0442,tier5,116.285,80.2006,99.5319,90.383,99.0459,116.285,imdbwiki_infeasible_fedavot_cvar_a0.50_g0.50_seed4.csv.gz
imdbwiki,infeasible,fedavot_cvar,0.50,0.60,0,4000,500,0,,87.8943,tier5,113.756,79.0222,100.121,89.598,94.6464,113.756,imdbwiki_infeasible_fedavot_cvar_a0.50_g0.60_seed0.csv.gz
imdbwiki,infeasible,fedavot_cvar,0.50,0.60,1,4000,500,0,,87.088,tier5,114.342,79.8142,95.8427,87.1296,92.478,114.342,imdbwiki_infeasible_fedavot_cvar_a0.50_g0.60_seed1.csv.gz
imdbwiki,infeasible,fedavot_cvar,0.50,0.60,2,4000,500,0,,87.0896,tier5,114.449,79.7982,96.3379,86.2975,92.0366,114.449,imdbwiki_infeasible_fedavot_cvar_a0.50_g0.60_seed2.csv.gz
imdbwiki,infeasible,fedavot_cvar,0.50,0.60,3,4000,500,0,,86.7045,tier5,113.857,78.8551,95.8948,86.1764,87.915,113.857,imdbwiki_infeasible_fedavot_cvar_a0.50_g0.60_seed3.csv.gz
imdbwiki,infeasible,fedavot_cvar,0.50,0.60,4,4000,500,0,,87.364,tier5,115.837,79.2912,98.9818,89.8744,97.2537,115.837,imdbwiki_infeasible_fedavot_cvar_a0.50_g0.60_seed4.csv.gz
imdbwiki,infeasible,fedavot_cvar,0.50,0.70,0,4000,500,0,,87.2308,tier5,113.615,78.0599,99.7409,89.1675,93.0252,113.615,imdbwiki_infeasible_fedavot_cvar_a0.50_g0.70_seed0.csv.gz
imdbwiki,infeasible,fedavot_cvar,0.50,0.70,1,4000,500,0,,86.5898,tier5,114.202,79.0289,95.7223,86.751,90.8185,114.202,imdbwiki_infeasible_fedavot_cvar_a0.50_g0.70_seed1.csv.gz
imdbwiki,infeasible,fedavot_cvar,0.50,0.70,2,4000,500,0,,86.6767,tier5,114.543,79.1382,96.1271,86.0522,90.6397,114.543,imdbwiki_infeasible_fedavot_cvar_a0.50_g0.70_seed2.csv.gz
imdbwiki,infeasible,fedavot_cvar,0.50,0.70,3,4000,500,0,,86.3738,tier5,114.03,78.1586,95.8967,86.1252,86.5643,114.03,imdbwiki_infeasible_fedavot_cvar_a0.50_g0.70_seed3.csv.gz
imdbwiki,infeasible,fedavot_cvar,0.50,0.70,4,4000,500,0,,86.7893,tier5,115.508,78.4629,98.5633,89.4514,95.5022,115.508,imdbwiki_infeasible_fedavot_cvar_a0.50_g0.70_seed4.csv.gz
imdbwiki,infeasible,fedavot_cvar,0.50,0.80,0,4000,500,0,,86.6383,tier5,113.656,77.1537,99.448,88.8445,91.4372,113.656,imdbwiki_infeasible_fedavot_cvar_a0.50_g0.80_seed0.csv.gz
imdbwiki,infeasible,fedavot_cvar,0.50,0.80,1,4000,500,0,,86.2309,tier5,114.269,78.4127,95.6669,86.4941,89.236,114.269,imdbwiki_infeasible_fedavot_cvar_a0.50_g0.80_seed1.csv.gz
imdbwiki,infeasible,fedavot_cvar,0.50,0.80,2,4000,500,0,,86.3728,tier5,114.805,78.5565,96.0759,85.9207,89.282,114.805,imdbwiki_infeasible_fedavot_cvar_a0.50_g0.80_seed2.csv.gz
imdbwiki,infeasible,fedavot_cvar,0.50,0.80,3,4000,500,0,,86.2107,tier5,114.474,77.6475,95.9962,86.2597,85.4444,114.474,imdbwiki_infeasible_fedavot_cvar_a0.50_g0.80_seed3.csv.gz
imdbwiki,infeasible,fedavot_cvar,0.50,0.80,4,4000,500,0,,86.3273,tier5,115.303,77.6872,98.344,89.1455,93.7088,115.303,imdbwiki_infeasible_fedavot_cvar_a0.50_g0.80_seed4.csv.gz
imdbwiki,infeasible,fedavot_cvar,0.50,0.90,0,4000,500,0,,86.1667,tier5,113.939,76.3343,99.2915,88.686,89.8083,113.939,imdbwiki_infeasible_fedavot_cvar_a0.50_g0.90_seed0.csv.gz
imdbwiki,infeasible,fedavot_cvar,0.50,0.90,1,4000,500,0,,86.0537,tier5,114.624,77.9562,95.7772,86.4948,87.7259,114.624,imdbwiki_infeasible_fedavot_cvar_a0.50_g0.90_seed1.csv.gz
imdbwiki,infeasible,fedavot_cvar,0.50,0.90,2,4000,500,0,,86.2183,tier5,115.332,78.0885,96.1884,85.9751,87.837,115.332,imdbwiki_infeasible_fedavot_cvar_a0.50_g0.90_seed2.csv.gz
imdbwiki,infeasible,fedavot_cvar,0.50,0.90,3,4000,500,0,,86.2631,tier5,115.127,77.3734,96.2143,86.6515,84.4065,115.127,imdbwiki_infeasible_fedavot_cvar_a0.50_g0.90_seed3.csv.gz
imdbwiki,infeasible,fedavot_cvar,0.50,0.90,4,4000,500,0,,86.0435,tier5,115.342,77.0557,98.3158,88.9702,91.8245,115.342,imdbwiki_infeasible_fedavot_cvar_a0.50_g0.90_seed4.csv.gz
imdbwiki,infeasible,fedavot_cvar,0.50,1.00,0,4000,500,0,,85.8495,tier5,114.22,75.7608,99.201,88.4458,88.4549,114.22,imdbwiki_infeasible_fedavot_cvar_a0.50_g1.00_seed0.csv.gz
imdbwiki,infeasible,fedavot_cvar,0.50,1.00,1,4000,500,0,,85.9733,tier5,115.055,77.5969,96.0417,86.4093,86.5273,115.055,imdbwiki_infeasible_fedavot_cvar_a0.50_g1.00_seed1.csv.gz
imdbwiki,infeasible,fedavot_cvar,0.50,1.00,2,4000,500,0,,86.1828,tier5,115.866,77.781,96.4214,86.036,86.6977,115.866,imdbwiki_infeasible_fedavot_cvar_a0.50_g1.00_seed2.csv.gz
imdbwiki,infeasible,fedavot_cvar,0.50,1.00,3,4000,500,0,,86.4138,tier5,115.729,77.2092,96.6206,86.9818,83.635,115.729,imdbwiki_infeasible_fedavot_cvar_a0.50_g1.00_seed3.csv.gz
imdbwiki,infeasible,fedavot_cvar,0.50,1.00,4,4000,500,0,,85.8867,tier5,115.612,76.6262,98.3511,88.8261,90.3069,115.612,imdbwiki_infeasible_fedavot_cvar_a0.50_g1.00_seed4.csv.gz
imdbwiki,infeasible,fedavot_cvar,0.60,0.10,0,4000,500,0,,89.586,tier5,114.53,81.2507,101.266,91.4713,98.3831,114.53,imdbwiki_infeasible_fedavot_cvar_a0.60_g0.10_seed0.csv.gz
imdbwiki,infeasible,fedavot_cvar,0.60,0.10,1,4000,500,0,,88.6404,tier5,114.987,81.9108,96.5835,88.6788,96.5105,114.987,imdbwiki_infeasible_fedavot_cvar_a0.60_g0.10_seed1.csv.gz
imdbwiki,infeasible,fedavot_cvar,0.60,0.10,2,4000,500,0,,88.6206,tier5,114.392,82.0251,97.0683,87.6074,95.5204,114.392,imdbwiki_infeasible_fedavot_cvar_a0.60_g0.10_seed2.csv.gz
imdbwiki,infeasible,fedavot_cvar,0.60,0.10,3,4000,500,0,,88.2341,tier5,114.3,81.2894,96.3062,87.4695,92.1267,114.3,imdbwiki_infeasible_fedavot_cvar_a0.60_g0.10_seed3.csv.gz
imdbwiki,infeasible,fedavot_cvar,0.60,0.10,4,4000,500,0,,89.0601,tier5,116.776,81.3963,100.434,91.3745,101.28,116.776,imdbwiki_infeasible_fedavot_cvar_a0.60_g0.10_seed4.csv.gz
imdbwiki,infeasible,fedavot_cvar,0.60,0.20,0,4000,500,0,,89.0745,tier5,114.334,80.5595,100.921,91.065,97.2536,114.334,imdbwiki_infeasible_fedavot_cvar_a0.60_g0.20_seed0.csv.gz
imdbwiki,infeasible,fedavot_cvar,0.60,0.20,1,4000,500,0,,88.1659,tier5,114.716,81.2805,96.2986,88.3385,95.345,114.716,imdbwiki_infeasible_fedavot_cvar_a0.60_g0.20_seed1.csv.gz
imdbwiki,infeasible,fedavot_cvar,0.60,0.20,2,4000,500,0,,88.1245,tier5,114.362,81.3369,96.7399,87.1938,94.4101,114.362,imdbwiki_infeasible_fedavot_cvar_a0.60_g0.20_seed2.csv.gz
imdbwiki,infeasible,fedavot_cvar,0.60,0.20,3,4000,500,0,,87.7835,tier5,114.197,80.6357,96.0634,87.1802,91.1222,114.197,imdbwiki_infeasible_fedavot_cvar_a0.60_g0.20_seed3.csv.gz
imdbwiki,infeasible,fedavot_cvar,0.60,0.20,4,4000,500,0,,88.5537,tier5,116.346,80.7918,99.9779,90.9196,100.087,116.346,imdbwiki_infeasible_fedavot_cvar_a0.60_g0.20_seed4.csv.gz
imdbwiki,infeasible,fedavot_cvar,0.60,0.30,0,4000,500,0,,88.5556,tier5,114.16,79.8705,100.569,90.6317,96.2179,114.16,imdbwiki_infeasible_fedavot_cvar_a0.60_g0.30_seed0.csv.gz
imdbwiki,infeasible,fedavot_cvar,0.60,0.30,1,4000,500,0,,87.7469,tier5,114.504,80.7201,96.0463,87.9653,94.2825,114.504,imdbwiki_infeasible_fedavot_cvar_a0.60_g0.30_seed1.csv.gz
imdbwiki,infeasible,fedavot_cvar,0.60,0.30,2,4000,500,0,,87.6772,tier5,114.31,80.698,96.4767,86.8962,93.3434,114.31,imdbwiki_infeasible_fedavot_cvar_a0.60_g0.30_seed2.csv.gz
imdbwiki,infeasible,fedavot_cvar,0.60,0.30,3,4000,500,0,,87.3486,tier5,114.105,79.979,95.8929,86.874,90,114.105,imdbwiki_infeasible_fedavot_cvar_a0.60_g0.30_seed3.csv.gz
imdbwiki,infeasible,fedavot_cvar,0.60,0.30,4,4000,500,0,,88.0496,tier5,116.03,80.1598,99.5308,90.4604,98.9357,116.03,imdbwiki_infeasible_fedavot_cvar_a0.60_g0.30_seed4.csv.gz
imdbwiki,infeasible,fedavot_cvar,0.60,0.40,0,4000,500,0,,88.0736,tier5,113.957,79.2005,100.266,90.224,95.1096,113.957,imdbwiki_infeasible_fedavot_cvar_a0.60_g0.40_seed0.csv.gz
imdbwiki,infeasible,fedavot_cvar,0.60,0.40,1,4000,500,0,,87.3229,tier5,114.352,80.1365,95.8196,87.6654,93.1192,114.352,imdbwiki_infeasible_fedavot_cvar_a0.60_g0.40_seed1.csv.gz
imdbwiki,infeasible,fedavot_cvar,0.60,0.40,2,4000,500,0,,87.2847,tier5,114.348,80.11,96.2762,86.6101,92.311,114.348,imdbwiki_infeasible_fedavot_cvar_a0.60_g0.40_seed2.csv.gz
imdbwiki,infeasible,fedavot_cvar,0.60,0.40,3,4000,500,0,,86.9707,tier5,114.083,79.3751,95.732,86.6783,88.9544,114.083,imdbwiki_infeasible_fedavot_cvar_a0.60_g0.40_seed3.csv.gz
imdbwiki,infeasible,fedavot_cvar,0.60,0.40,4,4000,500,0,,87.5719,tier5,115.736,79.5046,99.2138,90.0667,97.7565,115.736,imdbwiki_infeasible_fedavot_cvar_a0.60_g0.40_seed4.csv.gz
imdbwiki,infeasible,fedavot_cvar,0.60,0.50,0,4000,500,0,,87.5776,tier5,113.76,78.4971,99.9824,89.8267,93.9071,113.76,imdbwiki_infeasible_fedavot_cvar_a0.60_g0.50_seed0.csv.gz
imdbwiki,infeasible,fedavot_cvar,0.60,0.50,1,4000,500,0,,86.9504,tier5,114.303,79.6256,95.6109,87.3944,92.0008,114.303,imdbwiki_infeasible_fedavot_cvar_a0.60_g0.50_seed1.csv.gz
imdbwiki,infeasible,fedavot_cvar,0.60,0.50,2,4000,500,0,,86.9287,tier5,114.439,79.5593,96.1372,86.3482,91.2981,114.439,imdbwiki_infeasible_fedavot_cvar_a0.60_g0.50_seed2.csv.gz
imdbwiki,infeasible,fedavot_cvar,0.60,0.50,3,4000,500,0,,86.6252,tier5,114.092,78.7715,95.6447,86.5099,87.8416,114.092,imdbwiki_infeasible_fedavot_cvar_a0.60_g0.50_seed3.csv.gz
imdbwiki,infeasible,fedavot_cvar,0.60,0.50,4,4000,500,0,,87.132,tier5,115.446,78.9068,98.8886,89.7276,96.5356,115.446,imdbwiki_infeasible_fedavot_cvar_a0.60_g0.50_seed4.csv.gz
imdbwiki,infeasible,fedavot_cvar,0.60,0.60,0,4000,500,0,,87.1167,tier5,113.714,77.8395,99.7188,89.4563,92.8002,113.714,imdbwiki_infeasible_fedavot_cvar_a0.60_g0.60_seed0.csv.gz
imdbwiki,infeasible,fedavot_cvar,0.60,0.60,1,4000,500,0,,86.6183,tier5,114.287,79.097,95.5647,87.0981,90.8423,114.287,imdbwiki_infeasible_fedavot_cvar_a0.60_g0.60_seed1.csv.gz
imdbwiki,infeasible,fedavot_cvar,0.60,0.60,2,4000,500,0,,86.6452,tier5,114.518,79.0893,96.0284,86.1938,90.3348,114.518,imdbwiki_infeasible_fedavot_cvar_a0.60_g0.60_seed2.csv.gz
imdbwiki,infeasible,fedavot_cvar,0.60,0.60,3,4000,500,0,,86.3826,tier5,114.182,78.2789,95.6116,86.4131,86.7917,114.182,imdbwiki_infeasible_fedavot_cvar_a0.60_g0.60_seed3.csv.gz
imdbwiki,infeasible,fedavot_cvar,0.60,0.60,4,4000,500,0,,86.7404,tier5,115.285,78.3341,98.6154,89.4547,95.2616,115.285,imdbwiki_infeasible_fedavot_cvar_a0.60_g0.60_seed4.csv.gz
imdbwiki,infeasible,fedavot_cvar,0.60,0.70,0,4000,500,0,,86.7103,tier5,113.714,77.2307,99.4967,89.1359,91.6703,113.714,imdbwiki_infeasible_fedavot_cvar_a0.60_g0.70_seed0.csv.gz
imdbwiki,infeasible,fedavot_cvar,0.60,0.70,1,4000,500,0,,86.3385,tier5,114.339,78.6229,95.5464,86.8283,89.6489,114.339,imdbwiki_infeasible_fedavot_cvar_a0.60_g0.70_seed1.csv.gz
imdbwiki,infeasible,fedavot_cvar,0.60,0.70,2,4000,500,0,,86.4126,tier5,114.736,78.646,96.015,86.0661,89.3964,114.736,imdbwiki_infeasible_fedavot_cvar_a0.60_g0.70_seed2.csv.gz
imdbwiki,infeasible,fedavot_cvar,0.60,0.70,3,4000,500,0,,86.2332,tier5,114.392,77.8582,95.7094,86.4059,85.7888,114.392,imdbwiki_infeasible_fedavot_cvar_a0.60_g0.70_seed3.csv.gz
imdbwiki,infeasible,fedavot_cvar,0.60,0.70,4,4000,500,0,,86.4076,tier5,115.17,77.798,98.427,89.1997,93.9742,115.17,imdbwiki_infeasible_fedavot_cvar_a0.60_g0.70_seed4.csv.gz
imdbwiki,infeasible,fedavot_cvar,0.60,0.80,0,4000,500,0,,86.3522,tier5,113.821,76.6684,99.3278,88.8734,90.5445,113.821,imdbwiki_infeasible_fedavot_cvar_a0.60_g0.80_seed0.csv.gz
imdbwiki,infeasible,fedavot_cvar,0.60,0.80,1,4000,500,0,,86.1334,tier5,114.492,78.1955,95.6327,86.641,88.5182,114.492,imdbwiki_infeasible_fedavot_cvar_a0.60_g0.80_seed1.csv.gz
imdbwiki,infeasible,fedavot_cvar,0.60,0.80,2,4000,500,0,,86.256,tier5,115.037,78.2803,96.0707,85.9892,88.4448,115.037,imdbwiki_infeasible_fedavot_cvar_a0.60_g0.80_seed2.csv.gz
imdbwiki,infeasible,fedavot_cvar,0.60,0.80,3,4000,500,0,,86.202,tier5,114.788,77.5258,95.9463,86.539,84.9131,114.788,imdbwiki_infeasible_fedavot_cvar_a0.60_g0.80_seed3.csv.gz
imdbwiki,infeasible,fedavot_cvar,0.60,0.80,4,4000,500,0,,86.1416,tier5,115.223,77.3003,98.3201,89.0417,92.686,115.223,imdbwiki_infeasible_fedavot_cvar_a0.60_g0.80_seed4.csv.gz
imdbwiki,infeasible,fedavot_cvar,0.60,0.90,0,4000,500,0,,86.0598,tier5,114.152,76.131,99.2515,88.7322,89.3868,114.152,imdbwiki_infeasible_fedavot_cvar_a0.60_g0.90_seed0.csv.gz
imdbwiki,infeasible,fedavot_cvar,0.60,0.90,1,4000,500,0,,86.0483,tier5,114.858,77.8721,95.8219,86.5375,87.4114,114.858,imdbwiki_infeasible_fedavot_cvar_a0.60_g0.90_seed1.csv.gz
imdbwiki,infeasible,fedavot_cvar,0.60,0.90,2,4000,500,0,,86.2357,tier5,115.566,78.0331,96.2533,86.0581,87.4579,115.566,imdbwiki_infeasible_fedavot_cvar_a0.60_g0.90_seed2.csv.gz
imdbwiki,infeasible,fedavot_cvar,0.60,0.90,3,4000,500,0,,86.3243,tier5,115.46,77.3351,96.2908,86.8936,84.2526,115.46,imdbwiki_infeasible_fedavot_cvar_a0.60_g0.90_seed3.csv.gz
imdbwiki,infeasible,fedavot_cvar,0.60,0.90,4,4000,500,0,,85.9709,tier5,115.475,76.8605,98.3437,88.9327,91.303,115.475,imdbwiki_infeasible_fedavot_cvar_a0.60_g0.90_seed4.csv.gz
imdbwiki,infeasible,fedavot_cvar,0.60,1.00,0,4000,500,0,,85.8495,tier5,114.22,75.7608,99.201,88.4458,88.4549,114.22,imdbwiki_infeasible_fedavot_cvar_a0.60_g1.00_seed0.csv.gz
imdbwiki,infeasible,fedavot_cvar,0.60,1.00,1,4000,500,0,,85.9733,tier5,115.055,77.5969,96.0417,86.4093,86.5273,115.055,imdbwiki_infeasible_fedavot_cvar_a0.60_g1.00_seed1.csv.gz
imdbwiki,infeasible,fedavot_cvar,0.60,1.00,2,4000,500,0,,86.1828,tier5,115.866,77.781,96.4214,86.036,86.6977,115.866,imdbwiki_infeasible_fedavot_cvar_a0.60_g1.00_seed2.csv.gz
imdbwiki,infeasible,fedavot_cvar,0.60,1.00,3,4000,500,0,,86.4138,tier5,115.729,77.2092,96.6206,86.9818,83.635,115.729,imdbwiki_infeasible_fedavot_cvar_a0.60_g1.00_seed3.csv.gz
imdbwiki,infeasible,fedavot_cvar,0.60,1.00,4,4000,500,0,,85.8867,tier5,115.612,76.6262,98.3511,88.8261,90.3069,115.612,imdbwiki_infeasible_fedavot_cvar_a0.60_g1.00_seed4.csv.gz
imdbwiki,infeasible,fedavot_cvar,0.70,0.10,0,4000,500,0,,88.1179,tier5,114.051,79.1879,100.284,90.9667,95.6026,114.051,imdbwiki_infeasible_fedavot_cvar_a0.70_g0.10_seed0.csv.gz
imdbwiki,infeasible,fedavot_cvar,0.70,0.10,1,4000,500,0,,87.4745,tier5,114.454,80.349,95.7948,88.1769,93.7764,114.454,imdbwiki_infeasible_fedavot_cvar_a0.70_g0.10_seed1.csv.gz
imdbwiki,infeasible,fedavot_cvar,0.70,0.10,2,4000,500,0,,87.5199,tier5,114.219,80.575,96.0566,87.2012,92.9723,114.219,imdbwiki_infeasible_fedavot_cvar_a0.70_g0.10_seed2.csv.gz
imdbwiki,infeasible,fedavot_cvar,0.70,0.10,3,4000,500,0,,87.2,tier5,114.52,79.6739,95.5466,87.4785,90.004,114.52,imdbwiki_infeasible_fedavot_cvar_a0.70_g0.10_seed3.csv.gz
imdbwiki,infeasible,fedavot_cvar,0.70,0.10,4,4000,500,0,,87.707,tier5,115.636,79.5718,99.3696,90.5554,98.2957,115.636,imdbwiki_infeasible_fedavot_cvar_a0.70_g0.10_seed4.csv.gz
imdbwiki,infeasible,fedavot_cvar,0.70,0.20,0,4000,500,0,,87.8126,tier5,113.99,78.7693,100.101,90.6243,94.8259,113.99,imdbwiki_infeasible_fedavot_cvar_a0.70_g0.20_seed0.csv.gz
imdbwiki,infeasible,fedavot_cvar,0.70,0.20,1,4000,500,0,,87.2119,tier5,114.384,79.965,95.6831,87.9468,92.9416,114.384,imdbwiki_infeasible_fedavot_cvar_a0.70_g0.20_seed1.csv.gz
imdbwiki,infeasible,fedavot_cvar,0.70,0.20,2,4000,500,0,,87.2305,tier5,114.244,80.0949,96.0276,86.979,92.2027,114.244,imdbwiki_infeasible_fedavot_cvar_a0.70_g0.20_seed2.csv.gz
imdbwiki,infeasible,fedavot_cvar,0.70,0.20,3,4000,500,0,,86.9515,tier5,114.504,79.2564,95.4848,87.2942,89.2072,114.504,imdbwiki_infeasible_fedavot_cvar_a0.70_g0.20_seed3.csv.gz
imdbwiki,infeasible,fedavot_cvar,0.70,0.20,4,4000,500,0,,87.3647,tier5,115.429,79.1071,99.1526,90.2181,97.3223,115.429,imdbwiki_infeasible_fedavot_cvar_a0.70_g0.20_seed4.csv.gz
imdbwiki,infeasible,fedavot_cvar,0.70,0.30,0,4000,500,0,,87.4986,tier5,113.928,78.3567,99.8856,90.3141,94.0333,113.928,imdbwiki_infeasible_fedavot_cvar_a0.70_g0.30_seed0.csv.gz
imdbwiki,infeasible,fedavot_cvar,0.70,0.30,1,4000,500,0,,86.9854,tier5,114.327,79.6382,95.5756,87.6829,92.1217,114.327,imdbwiki_infeasible_fedavot_cvar_a0.70_g0.30_seed1.csv.gz
imdbwiki,infeasible,fedavot_cvar,0.70,0.30,2,4000,500,0,,86.9664,tier5,114.317,79.6922,95.9151,86.7429,91.4508,114.317,imdbwiki_infeasible_fedavot_cvar_a0.70_g0.30_seed2.csv.gz
imdbwiki,infeasible,fedavot_cvar,0.70,0.30,3,4000,500,0,,86.7368,tier5,114.533,78.8567,95.5075,87.1215,88.4613,114.533,imdbwiki_infeasible_fedavot_cvar_a0.70_g0.30_seed3.csv.gz
imdbwiki,infeasible,fedavot_cvar,0.70,0.30,4,4000,500,0,,87.0715,tier5,115.321,78.7384,98.871,89.9529,96.498,115.321,imdbwiki_infeasible_fedavot_cvar_a0.70_g0.30_seed4.csv.gz
imdbwiki,infeasible,fedavot_cvar,0.70,0.40,0,4000,500,0,,87.2154,tier5,113.906,77.9556,99.724,90.0125,93.2808,113.906,imdbwiki_infeasible_fedavot_cvar_a0.70_g0.40_seed0.csv.gz
imdbwiki,infeasible,fedavot_cvar,0.70,0.40,1,4000,500,0,,86.7527,tier5,114.359,79.2997,95.4883,87.4461,91.319,114.359,imdbwiki_infeasible_fedavot_cvar_a0.70_g0.40_seed1.csv.gz
imdbwiki,infeasible,fedavot_cvar,0.70,0.40,2,4000,500,0,,86.7463,tier5,114.408,79.3177,95.886,86.5412,90.7091,114.408,imdbwiki_infeasible_fedavot_cvar_a0.70_g0.40_seed2.csv.gz
imdbwiki,infeasible,fedavot_cvar,0.70,0.40,3,4000,500,0,,86.5387,tier5,114.588,78.479,95.5017,86.9995,87.7057,114.588,imdbwiki_infeasible_fedavot_cvar_a0.70_g0.40_seed3.csv.gz
imdbwiki,infeasible,fedavot_cvar,0.70,0.40,4,4000,500,0,,86.7877,tier5,115.252,78.3257,98.6988,89.6931,95.6086,115.252,imdbwiki_infeasible_fedavot_cvar_a0.70_g0.40_seed4.csv.gz
imdbwiki,infeasible,fedavot_cvar,0.70,0.50,0,4000,500,0,,86.9314,tier5,113.873,77.5556,99.5473,89.7142,92.4772,113.873,imdbwiki_infeasible_fedavot_cvar_a0.70_g0.50_seed0.csv.gz
imdbwiki,infeasible,fedavot_cvar,0.70,0.50,1,4000,500,0,,86.5269,tier5,114.388,78.9315,95.4821,87.2062,90.5206,114.388,imdbwiki_infeasible_fedavot_cvar_a0.70_g0.50_seed1.csv.gz
imdbwiki,infeasible,fedavot_cvar,0.70,0.50,2,4000,500,0,,86.5456,tier5,114.568,78.9569,95.8683,86.3739,89.9869,114.568,imdbwiki_infeasible_fedavot_cvar_a0.70_g0.50_seed2.csv.gz
imdbwiki,infeasible,fedavot_cvar,0.70,0.50,3,4000,500,0,,86.3891,tier5,114.641,78.1508,95.5645,86.8715,86.9309,114.641,imdbwiki_infeasible_fedavot_cvar_a0.70_g0.50_seed3.csv.gz
imdbwiki,infeasible,fedavot_cvar,0.70,0.50,4,4000,500,0,,86.5175,tier5,115.217,77.9147,98.5507,89.4367,94.6969,115.217,imdbwiki_infeasible_fedavot_cvar_a0.70_g0.50_seed4.csv.gz
imdbwiki,infeasible,fedavot_cvar,0.70,0.60,0,4000,500,0,,86.653,tier5,113.83,77.1486,99.3912,89.4192,91.6648,113.83,imdbwiki_infeasible_fedavot_cvar_a0.70_g0.60_seed0.csv.gz
imdbwiki,infeasible,fedavot_cvar,0.70,0.60,1,4000,500,0,,86.3447,tier5,114.461,78.6149,95.4729,87.0064,89.7229,114.461,imdbwiki_infeasible_fedavot_cvar_a0.70_g0.60_seed1.csv.gz
imdbwiki,infeasible,fedavot_cvar,0.70,0.60,2,4000,500,0,,86.4026,tier5,114.752,78.6626,95.9045,86.221,89.2972,114.752,imdbwiki_infeasible_fedavot_cvar_a0.70_g0.60_seed2.csv.gz
imdbwiki,infeasible,fedavot_cvar,0.70,0.60,3,4000,500,0,,86.2682,tier5,114.779,77.8367,95.6601,86.7903,86.1596,114.779,imdbwiki_infeasible_fedavot_cvar_a0.70_g0.60_seed3.csv.gz
imdbwiki,infeasible,fedavot_cvar,0.70,0.60,4,4000,500,0,,86.3048,tier5,115.177,77.588,98.4037,89.2431,93.8007,115.177,imdbwiki_infeasible_fedavot_cvar_a0.70_g0.60_seed4.csv.gz
imdbwiki,infeasible,fedavot_cvar,0.70,0.70,0,4000,500,0,,86.3996,tier5,113.902,76.7469,99.2965,89.1412,90.8322,113.902,imdbwiki_infeasible_fedavot_cvar_a0.70_g0.70_seed0.csv.gz
imdbwiki,infeasible,fedavot_cvar,0.70,0.70,1,4000,500,0,,86.1879,tier5,114.549,78.3117,95.5328,86.7846,88.8644,114.549,imdbwiki_infeasible_fedavot_cvar_a0.70_g0.70_seed1.csv.gz
imdbwiki,infeasible,fedavot_cvar,0.70,0.70,2,4000,500,0,,86.294,tier5,114.987,78.3981,95.9823,86.1078,88.6242,114.987,imdbwiki_infeasible_fedavot_cvar_a0.70_g0.70_seed2.csv.gz
imdbwiki,infeasible,fedavot_cvar,0.70,0.70,3,4000,500,0,,86.2131,tier5,114.95,77.5949,95.8061,86.7598,85.431,114.95,imdbwiki_infeasible_fedavot_cvar_a0.70_g0.70_seed3.csv.gz
imdbwiki,infeasible,fedavot_cvar,0.70,0.70,4,4000,500,0,,86.1217,tier5,115.245,77.2733,98.3265,89.0616,92.8895,115.245,imdbwiki_infeasible_fedavot_cvar_a0.70_g0.70_seed4.csv.gz
imdbwiki,infeasible,fedavot_cvar,0.70,0.80,0,4000,500,0,,86.1714,tier5,114.065,76.3474,99.2533,88.898,89.9917,114.065,imdbwiki_infeasible_fedavot_cvar_a0.70_g0.80_seed0.csv.gz
imdbwiki,infeasible,fedavot_cvar,0.70,0.80,1,4000,500,0,,86.0692,tier5,114.698,78.018,95.6647,86.6163,88.025,114.698,imdbwiki_infeasible_fedavot_cvar_a0.70_g0.80_seed1.csv.gz
imdbwiki,infeasible,fedavot_cvar,0.70,0.80,2,4000,500,0,,86.2308,tier5,115.319,78.1627,96.0983,86.0655,87.9211,115.319,imdbwiki_infeasible_fedavot_cvar_a0.70_g0.80_seed2.csv.gz
imdbwiki,infeasible,fedavot_cvar,0.70,0.80,3,4000,500,0,,86.2425,tier5,115.244,77.396,96.0602,86.833,84.7491,115.244,imdbwiki_infeasible_fedavot_cvar_a0.70_g0.80_seed3.csv.gz
imdbwiki,infeasible,fedavot_cvar,0.70,0.80,4,4000,500,0,,85.9905,tier5,115.367,76.988,98.3007,88.9538,91.9551,115.367,imdbwiki_infeasible_fedavot_cvar_a0.70_g0.80_seed4.csv.gz
imdbwiki,infeasible,fedavot_cvar,0.70,0.90,0,4000,500,0,,85.969,tier5,114.264,75.9358,99.2503,88.6547,88.917,114.264,imdbwiki_infeasible_fedavot_cvar_a0.70_g0.90_seed0.csv.gz
imdbwiki,infeasible,fedavot_cvar,0.70,0.90,1,4000,500,0,,86.0314,tier5,114.93,77.7528,95.9561,86.5062,87.0587,114.93,imdbwiki_infeasible_fedavot_cvar_a0.70_g0.90_seed1.csv.gz
imdbwiki,infeasible,fedavot_cvar,0.70,0.90,2,4000,500,0,,86.2251,tier5,115.721,77.9465,96.2895,86.1208,87.134,115.721,imdbwiki_infeasible_fedavot_cvar_a0.70_g0.90_seed2.csv.gz
imdbwiki,infeasible,fedavot_cvar,0.70,0.90,3,4000,500,0,,86.3809,tier5,115.674,77.2498,96.4831,87.0551,84.0866,115.674,imdbwiki_infeasible_fedavot_cvar_a0.70_g0.90_seed3.csv.gz
imdbwiki,infeasible,fedavot_cvar,0.70,0.90,4,4000,500,0,,85.9469,tier5,115.545,76.7523,98.3586,88.9589,90.8602,115.545,imdbwiki_infeasible_fedavot_cvar_a0.70_g0.90_seed4.csv.gz
imdbwiki,infeasible,fedavot_cvar,0.70,1.00,0,4000,500,0,,85.8495,tier5,114.22,75.7608,99.201,88.4458,88.4549,114.22,imdbwiki_infeasible_fedavot_cvar_a0.70_g1.00_seed0.csv.gz
imdbwiki,infeasible,fedavot_cvar,0.70,1.00,1,4000,500,0,,85.9733,tier5,115.055,77.5969,96.0417,86.4093,86.5273,115.055,imdbwiki_infeasible_fedavot_cvar_a0.70_g1.00_seed1.csv.gz
imdbwiki,infeasible,fedavot_cvar,0.70,1.00,2,4000,500,0,,86.1828,tier5,115.866,77.781,96.4214,86.036,86.6977,115.866,imdbwiki_infeasible_fedavot_cvar_a0.70_g1.00_seed2.csv.gz
imdbwiki,infeasible,fedavot_cvar,0.70,1.00,3,4000,500,0,,86.4138,tier5,115.729,77.2092,96.6206,86.9818,83.635,115.729,imdbwiki_infeasible_fedavot_cvar_a0.70_g1.00_seed3.csv.gz
imdbwiki,infeasible,fedavot_cvar,0.70,1.00,4,4000,500,0,,85.8867,tier5,115.612,76.6262,98.3511,88.8261,90.3069,115.612,imdbwiki_infeasible_fedavot_cvar_a0.70_g1.00_seed4.csv.gz
imdbwiki,infeasible,fedavot_cvar,0.80,0.10,0,4000,500,0,,87.0756,tier5,114.104,77.7184,99.5907,90.4241,93.4389,114.104,imdbwiki_infeasible_fedavot_cvar_a0.80_g0.10_seed0.csv.gz
imdbwiki,infeasible,fedavot_cvar,0.80,0.10,1,4000,500,0,,86.7056,tier5,114.396,79.2957,95.3503,87.6456,91.6658,114.396,imdbwiki_infeasible_fedavot_cvar_a0.80_g0.10_seed1.csv.gz
imdbwiki,infeasible,fedavot_cvar,0.80,0.10,2,4000,500,0,,86.8087,tier5,114.524,79.5063,95.6166,87.0604,90.9243,114.524,imdbwiki_infeasible_fedavot_cvar_a0.80_g0.10_seed2.csv.gz
imdbwiki,infeasible,fedavot_cvar,0.80,0.10,3,4000,500,0,,86.5171,tier5,114.977,78.3548,95.3816,87.568,88.2003,114.977,imdbwiki_infeasible_fedavot_cvar_a0.80_g0.10_seed3.csv.gz
imdbwiki,infeasible,fedavot_cvar,0.80,0.10,4,4000,500,0,,86.7277,tier5,115.217,78.2153,98.5014,90.0791,95.8982,115.217,imdbwiki_infeasible_fedavot_cvar_a0.80_g0.10_seed4.csv.gz
imdbwiki,infeasible,fedavot_cvar,0.80,0.20,0,4000,500,0,,86.9008,tier5,114.079,77.4702,99.4994,90.1577,92.8769,114.079,imdbwiki_infeasible_fedavot_cvar_a0.80_g0.20_seed0.csv.gz
imdbwiki,infeasible,fedavot_cvar,0.80,0.20,1,4000,500,0,,86.5769,tier5,114.378,79.0725,95.3721,87.4081,91.0935,114.378,imdbwiki_infeasible_fedavot_cvar_a0.80_g0.20_seed1.csv.gz
imdbwiki,infeasible,fedavot_cvar,0.80,0.20,2,4000,500,0,,86.6652,tier5,114.596,79.2559,95.608,86.8585,90.4005,114.596,imdbwiki_infeasible_fedavot_cvar_a0.80_g0.20_seed2.csv.gz
imdbwiki,infeasible,fedavot_cvar,0.80,0.20,3,4000,500,0,,86.4088,tier5,114.976,78.115,95.4571,87.4211,87.6326,114.976,imdbwiki_infeasible_fedavot_cvar_a0.80_g0.20_seed3.csv.gz
imdbwiki,infeasible,fedavot_cvar,0.80,0.20,4,4000,500,0,,86.5513,tier5,115.212,77.9535,98.4103,89.8584,95.2503,115.212,imdbwiki_infeasible_fedavot_cvar_a0.80_g0.20_seed4.csv.gz
imdbwiki,infeasible,fedavot_cvar,0.80,0.30,0,4000,500,0,,86.7276,tier5,114.092,77.2111,99.4197,89.9108,92.3269,114.092,imdbwiki_infeasible_fedavot_cvar_a0.80_g0.30_seed0.csv.gz
imdbwiki,infeasible,fedavot_cvar,0.80,0.30,1,4000,500,0,,86.4411,tier5,114.408,78.829,95.3779,87.2405,90.5378,114.408,imdbwiki_infeasible_fedavot_cvar_a0.80_g0.30_seed1.csv.gz
imdbwiki,infeasible,fedavot_cvar,0.80,0.30,2,4000,500,0,,86.5424,tier5,114.725,79.0123,95.6417,86.6848,89.9108,114.725,imdbwiki_infeasible_fedavot_cvar_a0.80_g0.30_seed2.csv.gz
imdbwiki,infeasible,fedavot_cvar,0.80,0.30,3,4000,500,0,,86.3275,tier5,115.031,77.8991,95.5572,87.3085,87.1191,115.031,imdbwiki_infeasible_fedavot_cvar_a0.80_g0.30_seed3.csv.gz
imdbwiki,infeasible,fedavot_cvar,0.80,0.30,4,4000,500,0,,86.394,tier5,115.205,77.7249,98.3483,89.6565,94.6702,115.205,imdbwiki_infeasible_fedavot_cvar_a0.80_g0.30_seed4.csv.gz
imdbwiki,infeasible,fedavot_cvar,0.80,0.40,0,4000,500,0,,86.566,tier5,114.098,76.9768,99.3425,89.6563,91.8045,114.098,imdbwiki_infeasible_fedavot_cvar_a0.80_g0.40_seed0.csv.gz
imdbwiki,infeasible,fedavot_cvar,0.80,0.40,1,4000,500,0,,86.3288,tier5,114.397,78.6246,95.4052,87.0397,89.9516,114.397,imdbwiki_infeasible_fedavot_cvar_a0.80_g0.40_seed1.csv.gz
imdbwiki,infeasible,fedavot_cvar,0.80,0.40,2,4000,500,0,,86.4356,tier5,114.851,78.7763,95.7088,86.5306,89.4101,114.851,imdbwiki_infeasible_fedavot_cvar_a0.80_g0.40_seed2.csv.gz
imdbwiki,infeasible,fedavot_cvar,0.80,0.40,3,4000,500,0,,86.2638,tier5,115.063,77.708,95.6525,87.2089,86.5844,115.063,imdbwiki_infeasible_fedavot_cvar_a0.80_g0.40_seed3.csv.gz
imdbwiki,infeasible,fedavot_cvar,0.80,0.40,4,4000,500,0,,86.2562,tier5,115.199,77.5079,98.2878,89.4735,94.0012,115.199,imdbwiki_infeasible_fedavot_cvar_a0.80_g0.40_seed4.csv.gz
imdbwiki,infeasible,fedavot_cvar,0.80,0.50,0,4000,500,0,,86.413,tier5,114.103,76.736,99.2878,89.4272,91.2401,114.103,imdbwiki_infeasible_fedavot_cvar_a0.80_g0.50_seed0.csv.gz
imdbwiki,infeasible,fedavot_cvar,0.80,0.50,1,4000,500,0,,86.2143,tier5,114.465,78.3833,95.4894,86.8971,89.3885,114.465,imdbwiki_infeasible_fedavot_cvar_a0.80_g0.50_seed1.csv.gz
imdbwiki,infeasible,fedavot_cvar,0.80,0.50,2,4000,500,0,,86.3434,tier5,115.001,78.569,95.7723,86.376,88.9294,115.001,imdbwiki_infeasible_fedavot_cvar_a0.80_g0.50_seed2.csv.gz
imdbwiki,infeasible,fedavot_cvar,0.80,0.50,3,4000,500,0,,86.2212,tier5,115.141,77.5379,95.7783,87.13,86.0734,115.141,imdbwiki_infeasible_fedavot_cvar_a0.80_g0.50_seed3.csv.gz
imdbwiki,infeasible,fedavot_cvar,0.80,0.50,4,4000,500,0,,86.1327,tier5,115.203,77.3094,98.2346,89.3063,93.3582,115.203,imdbwiki_infeasible_fedavot_cvar_a0.80_g0.50_seed4.csv.gz
imdbwiki,infeasible,fedavot_cvar,0.80,0.60,0,4000,500,0,,86.2667,tier5,114.136,76.4982,99.2499,89.1965,90.642,114.136,imdbwiki_infeasible_fedavot_cvar_a0.80_g0.60_seed0.csv.gz
imdbwiki,infeasible,fedavot_cvar,0.80,0.60,1,4000,500,0,,86.1251,tier5,114.509,78.1874,95.5572,86.7555,88.8126,114.509,imdbwiki_infeasible_fedavot_cvar_a0.80_g0.60_seed1.csv.gz
imdbwiki,infeasible,fedavot_cvar,0.80,0.60,2,4000,500,0,,86.2661,tier5,115.147,78.3718,95.853,86.2645,88.4738,115.147,imdbwiki_infeasible_fedavot_cvar_a0.80_g0.60_seed2.csv.gz
imdbwiki,infeasible,fedavot_cvar,0.80,0.60,3,4000,500,0,,86.2088,tier5,115.226,77.4027,95.9147,87.0753,85.5598,115.226,imdbwiki_infeasible_fedavot_cvar_a0.80_g0.60_seed3.csv.gz
imdbwiki,infeasible,fedavot_cvar,0.80,0.60,4,4000,500,0,,86.0356,tier5,115.239,77.1275,98.2142,89.1733,92.7506,115.239,imdbwiki_infeasible_fedavot_cvar_a0.80_g0.60_seed4.csv.gz
imdbwiki,infeasible,fedavot_cvar,0.80,0.70,0,4000,500,0,,86.1295,tier5,114.17,76.2585,99.2284,88.9734,89.997,114.17,imdbwiki_infeasible_fedavot_cvar_a0.80_g0.70_seed0.csv.gz
imdbwiki,infeasible,fedavot_cvar,0.80,0.70,1,4000,500,0,,86.0539,tier5,114.593,78.0067,95.6574,86.6146,88.1878,114.593,imdbwiki_infeasible_fedavot_cvar_a0.80_g0.70_seed1.csv.gz
imdbwiki,infeasible,fedavot_cvar,0.80,0.70,2,4000,500,0,,86.2145,tier5,115.332,78.1827,95.9707,86.1858,87.9714,115.332,imdbwiki_infeasible_fedavot_cvar_a0.80_g0.70_seed2.csv.gz
imdbwiki,infeasible,fedavot_cvar,0.80,0.70,3,4000,500,0,,86.2312,tier5,115.369,77.2977,96.0987,87.0386,84.9987,115.369,imdbwiki_infeasible_fedavot_cvar_a0.80_g0.70_seed3.csv.gz
imdbwiki,infeasible,fedavot_cvar,0.80,0.70,4,4000,500,0,,85.9587,tier5,115.312,76.9503,98.2191,89.0742,92.0667,115.312,imdbwiki_infeasible_fedavot_cvar_a0.80_g0.70_seed4.csv.gz
imdbwiki,infeasible,fedavot_cvar,0.80,0.80,0,4000,500,0,,86.0059,tier5,114.232,76.017,99.2296,88.7546,89.2379,114.232,imdbwiki_infeasible_fedavot_cvar_a0.80_g0.80_seed0.csv.gz
imdbwiki,infeasible,fedavot_cvar,0.80,0.80,1,4000,500,0,,86.0172,tier5,114.77,77.8173,95.8474,86.5194,87.44,114.77,imdbwiki_infeasible_fedavot_cvar_a0.80_g0.80_seed1.csv.gz
imdbwiki,infeasible,fedavot_cvar,0.80,0.80,2,4000,500,0,,86.2014,tier5,115.546,78.0196,96.1375,86.1447,87.4318,115.546,imdbwiki_infeasible_fedavot_cvar_a0.80_g0.80_seed2.csv.gz
imdbwiki,infeasible,fedavot_cvar,0.80,0.80,3,4000,500,0,,86.313,tier5,115.551,77.2363,96.3497,87.0679,84.4084,115.551,imdbwiki_infeasible_fedavot_cvar_a0.80_g0.80_seed3.csv.gz
imdbwiki,infeasible,fedavot_cvar,0.80,0.80,4,4000,500,0,,85.9295,tier5,115.434,76.7964,98.2886,88.9972,91.2663,115.434,imdbwiki_infeasible_fedavot_cvar_a0.80_g0.80_seed4.csv.gz
imdbwiki,infeasible,fedavot_cvar,0.80,0.90,0,4000,500,0,,85.9089,tier5,114.263,75.8302,99.2422,88.5301,88.5653,114.263,imdbwiki_infeasible_fedavot_cvar_a0.80_g0.90_seed0.csv.gz
imdbwiki,infeasible,fedavot_cvar,0.80,0.90,1,4000,500,0,,86.0398,tier5,115.079,77.6835,96.0583,86.4568,86.6261,115.079,imdbwiki_infeasible_fedavot_cvar_a0.80_g0.90_seed1.csv.gz
imdbwiki,infeasible,fedavot_cvar,0.80,0.90,2,4000,500,0,,86.2382,tier5,115.858,77.8654,96.41,86.13,86.852,115.858,imdbwiki_infeasible_fedavot_cvar_a0.80_g0.90_seed2.csv.gz
imdbwiki,infeasible,fedavot_cvar,0.80,0.90,3,4000,500,0,,86.4579,tier5,115.748,77.2746,96.6223,87.0306,83.728,115.748,imdbwiki_infeasible_fedavot_cvar_a0.80_g0.90_seed3.csv.gz
imdbwiki,infeasible,fedavot_cvar,0.80,0.90,4,4000,500,0,,85.9462,tier5,115.622,76.69,98.3862,88.9422,90.4719,115.622,imdbwiki_infeasible_fedavot_cvar_a0.80_g0.90_seed4.csv.gz
imdbwiki,infeasible,fedavot_cvar,0.80,1.00,0,4000,500,0,,85.8495,tier5,114.22,75.7608,99.201,88.4458,88.4549,114.22,imdbwiki_infeasible_fedavot_cvar_a0.80_g1.00_seed0.csv.gz
imdbwiki,infeasible,fedavot_cvar,0.80,1.00,1,4000,500,0,,85.9733,tier5,115.055,77.5969,96.0417,86.4093,86.5273,115.055,imdbwiki_infeasible_fedavot_cvar_a0.80_g1.00_seed1.csv.gz
imdbwiki,infeasible,fedavot_cvar,0.80,1.00,2,4000,500,0,,86.1828,tier5,115.866,77.781,96.4214,86.036,86.6977,115.866,imdbwiki_infeasible_fedavot_cvar_a0.80_g1.00_seed2.csv.gz
imdbwiki,infeasible,fedavot_cvar,0.80,1.00,3,4000,500,0,,86.4138,tier5,115.729,77.2092,96.6206,86.9818,83.635,115.729,imdbwiki_infeasible_fedavot_cvar_a0.80_g1.00_seed3.csv.gz
imdbwiki,infeasible,fedavot_cvar,0.80,1.00,4,4000,500,0,,85.8867,tier5,115.612,76.6262,98.3511,88.8261,90.3069,115.612,imdbwiki_infeasible_fedavot_cvar_a0.80_g1.00_seed4.csv.gz
imdbwiki,infeasible,fedavot_cvar,0.90,0.10,0,4000,500,0,,86.2882,tier5,114.108,76.5044,99.233,89.2612,90.6654,114.108,imdbwiki_infeasible_fedavot_cvar_a0.90_g0.10_seed0.csv.gz
imdbwiki,infeasible,fedavot_cvar,0.90,0.10,1,4000,500,0,,86.194,tier5,114.326,78.3521,95.5713,86.764,89.2531,114.326,imdbwiki_infeasible_fedavot_cvar_a0.90_g0.10_seed1.csv.gz
imdbwiki,infeasible,fedavot_cvar,0.90,0.10,2,4000,500,0,,86.373,tier5,114.982,78.631,95.7151,86.6244,89.0046,114.982,imdbwiki_infeasible_fedavot_cvar_a0.90_g0.10_seed2.csv.gz
imdbwiki,infeasible,fedavot_cvar,0.90,0.10,3,4000,500,0,,86.2874,tier5,115.075,77.5171,95.9251,87.3174,85.9145,115.075,imdbwiki_infeasible_fedavot_cvar_a0.90_g0.10_seed3.csv.gz
imdbwiki,infeasible,fedavot_cvar,0.90,0.10,4,4000,500,0,,86.1197,tier5,115.076,77.2498,98.1054,89.4543,92.9259,115.076,imdbwiki_infeasible_fedavot_cvar_a0.90_g0.10_seed4.csv.gz
imdbwiki,infeasible,fedavot_cvar,0.90,0.20,0,4000,500,0,,86.222,tier5,114.136,76.3979,99.2102,89.173,90.4043,114.136,imdbwiki_infeasible_fedavot_cvar_a0.90_g0.20_seed0.csv.gz
imdbwiki,infeasible,fedavot_cvar,0.90,0.20,1,4000,500,0,,86.1442,tier5,114.364,78.2361,95.6065,86.7262,88.9384,114.364,imdbwiki_infeasible_fedavot_cvar_a0.90_g0.20_seed1.csv.gz
imdbwiki,infeasible,fedavot_cvar,0.90,0.20,2,4000,500,0,,86.3243,tier5,115.018,78.5217,95.754,86.5396,88.7333,115.018,imdbwiki_infeasible_fedavot_cvar_a0.90_g0.20_seed2.csv.gz
imdbwiki,infeasible,fedavot_cvar,0.90,0.20,3,4000,500,0,,86.2755,tier5,115.122,77.4574,95.9737,87.2472,85.6312,115.122,imdbwiki_infeasible_fedavot_cvar_a0.90_g0.20_seed3.csv.gz
imdbwiki,infeasible,fedavot_cvar,0.90,0.20,4,4000,500,0,,86.068,tier5,115.118,77.1488,98.1222,89.3637,92.6072,115.118,imdbwiki_infeasible_fedavot_cvar_a0.90_g0.20_seed4.csv.gz
imdbwiki,infeasible,fedavot_cvar,0.90,0.30,0,4000,500,0,,86.1565,tier5,114.14,76.2967,99.2058,89.0491,90.1091,114.14,imdbwiki_infeasible_fedavot_cvar_a0.90_g0.30_seed0.csv.gz
imdbwiki,infeasible,fedavot_cvar,0.90,0.30,1,4000,500,0,,86.0957,tier5,114.446,78.1264,95.6454,86.6546,88.6117,114.446,imdbwiki_infeasible_fedavot_cvar_a0.90_g0.30_seed1.csv.gz
imdbwiki,infeasible,fedavot_cvar,0.90,0.30,2,4000,500,0,,86.2813,tier5,115.069,78.4004,95.816,86.4597,88.4454,115.069,imdbwiki_infeasible_fedavot_cvar_a0.90_g0.30_seed2.csv.gz
imdbwiki,infeasible,fedavot_cvar,0.90,0.30,3,4000,500,0,,86.2675,tier5,115.17,77.3948,96.0446,87.2016,85.3773,115.17,imdbwiki_infeasible_fedavot_cvar_a0.90_g0.30_seed3.csv.gz
imdbwiki,infeasible,fedavot_cvar,0.90,0.30,4,4000,500,0,,86.0169,tier5,115.151,77.0518,98.1336,89.2664,92.2769,115.151,imdbwiki_infeasible_fedavot_cvar_a0.90_g0.30_seed4.csv.gz
imdbwiki,infeasible,fedavot_cvar,0.90,0.40,0,4000,500,0,,86.0986,tier5,114.139,76.2048,99.1952,88.941,89.82,114.139,imdbwiki_infeasible_fedavot_cvar_a0.90_g0.40_seed0.csv.gz
imdbwiki,infeasible,fedavot_cvar,0.90,0.40,1,4000,500,0,,86.0562,tier5,114.514,78.0169,95.6938,86.6205,88.2979,114.514,imdbwiki_infeasible_fedavot_cvar_a0.90_g0.40_seed1.csv.gz
imdbwiki,infeasible,fedavot_cvar,0.90,0.40,2,4000,500,0,,86.2451,tier5,115.149,78.2904,95.8843,86.3953,88.1995,115.149,imdbwiki_infeasible_fedavot_cvar_a0.90_g0.40_seed2.csv.gz
imdbwiki,infeasible,fedavot_cvar,0.90,0.40,3,4000,500,0,,86.2685,tier5,115.22,77.3455,96.1049,87.1541,85.0935,115.22,imdbwiki_infeasible_fedavot_cvar_a0.90_g0.40_seed3.csv.gz
imdbwiki,infeasible,fedavot_cvar,0.90,0.40,4,4000,500,0,,85.9744,tier5,115.201,76.9607,98.1572,89.1853,91.9767,115.201,imdbwiki_infeasible_fedavot_cvar_a0.90_g0.40_seed4.csv.gz
imdbwiki,infeasible,fedavot_cvar,0.90,0.50,0,4000,500,0,,86.0375,tier5,114.152,76.0921,99.2105,88.8158,89.4999,114.152,imdbwiki_infeasible_fedavot_cvar_a0.90_g0.50_seed0.csv.gz
imdbwiki,infeasible,fedavot_cvar,0.90,0.50,1,4000,500,0,,86.0292,tier5,114.63,77.9134,95.7649,86.579,87.92,114.63,imdbwiki_infeasible_fedavot_cvar_a0.90_g0.50_seed1.csv.gz
imdbwiki,infeasible,fedavot_cvar,0.90,0.50,2,4000,500,0,,86.2152,tier5,115.238,78.1733,95.974,86.3128,87.8736,115.238,imdbwiki_infeasible_fedavot_cvar_a0.90_g0.50_seed2.csv.gz
imdbwiki,infeasible,fedavot_cvar,0.90,0.50,3,4000,500,0,,86.2879,tier5,115.32,77.3025,96.2122,87.1102,84.7896,115.32,imdbwiki_infeasible_fedavot_cvar_a0.90_g0.50_seed3.csv.gz
imdbwiki,infeasible,fedavot_cvar,0.90,0.50,4,4000,500,0,,85.9462,tier5,115.251,76.8831,98.1823,89.1187,91.6272,115.251,imdbwiki_infeasible_fedavot_cvar_a0.90_g0.50_seed4.csv.gz
imdbwiki,infeasible,fedavot_cvar,0.90,0.60,0,4000,500,0,,85.9841,tier5,114.164,75.9959,99.2077,88.7169,89.1689,114.164,imdbwiki_infeasible_fedavot_cvar_a0.90_g0.60_seed0.csv.gz
imdbwiki,infeasible,fedavot_cvar,0.90,0.60,1,4000,500,0,,86.0188,tier5,114.748,77.8131,95.8713,86.5111,87.4576,114.748,imdbwiki_infeasible_fedavot_cvar_a0.90_g0.60_seed1.csv.gz
imdbwiki,infeasible,fedavot_cvar,0.90,0.60,2,4000,500,0,,86.2023,tier5,115.407,78.0574,96.0851,86.263,87.5515,115.407,imdbwiki_infeasible_fedavot_cvar_a0.90_g0.60_seed2.csv.gz
imdbwiki,infeasible,fedavot_cvar,0.90,0.60,3,4000,500,0,,86.3176,tier5,115.396,77.2734,96.3115,87.0748,84.4622,115.396,imdbwiki_infeasible_fedavot_cvar_a0.90_g0.60_seed3.csv.gz
imdbwiki,infeasible,fedavot_cvar,0.90,0.60,4,4000,500,0,,85.9385,tier5,115.361,76.8044,98.2436,89.0756,91.2307,115.361,imdbwiki_infeasible_fedavot_cvar_a0.90_g0.60_seed4.csv.gz
imdbwiki,infeasible,fedavot_cvar,0.90,0.70,0,4000,500,0,,85.9396,tier5,114.217,75.8984,99.2197,88.6109,88.7771,114.217,imdbwiki_infeasible_fedavot_cvar_a0.90_g0.70_seed0.csv.gz
imdbwiki,infeasible,fedavot_cvar,0.90,0.70,1,4000,500,0,,86.0342,tier5,114.894,77.7422,95.9847,86.4478,86.9261,114.894,imdbwiki_infeasible_fedavot_cvar_a0.90_g0.70_seed1.csv.gz
imdbwiki,infeasible,fedavot_cvar,0.90,0.70,2,4000,500,0,,86.2178,tier5,115.612,77.9506,96.238,86.2258,87.1965,115.612,imdbwiki_infeasible_fedavot_cvar_a0.90_g0.70_seed2.csv.gz
imdbwiki,infeasible,fedavot_cvar,0.90,0.70,3,4000,500,0,,86.3704,tier5,115.541,77.2541,96.4459,87.0455,84.0859,115.541,imdbwiki_infeasible_fedavot_cvar_a0.90_g0.70_seed3.csv.gz
imdbwiki,infeasible,fedavot_cvar,0.90,0.70,4,4000,500,0,,85.9363,tier5,115.522,76.7152,98.3156,89.0442,90.8194,115.522,imdbwiki_infeasible_fedavot_cvar_a0.90_g0.70_seed4.csv.gz
imdbwiki,infeasible,fedavot_cvar,0.90,0.80,0,4000,500,0,,85.9017,tier5,114.251,75.823,99.2371,88.5207,88.5529,114.251,imdbwiki_infeasible_fedavot_cvar_a0.90_g0.80_seed0.csv.gz
imdbwiki,infeasible,fedavot_cvar,0.90,0.80,1,4000,500,0,,86.034,tier5,115.076,77.6759,96.0556,86.4596,86.6001,115.076,imdbwiki_infeasible_fedavot_cvar_a0.90_g0.80_seed1.csv.gz
imdbwiki,infeasible,fedavot_cvar,0.90,0.80,2,4000,500,0,,86.2357,tier5,115.866,77.859,96.4124,86.1152,86.8272,115.866,imdbwiki_infeasible_fedavot_cvar_a0.90_g0.80_seed2.csv.gz
imdbwiki,infeasible,fedavot_cvar,0.90,0.80,3,4000,500,0,,86.4472,tier5,115.727,77.2681,96.6116,87.0188,83.7355,115.727,imdbwiki_infeasible_fedavot_cvar_a0.90_g0.80_seed3.csv.gz
imdbwiki,infeasible,fedavot_cvar,0.90,0.80,4,4000,500,0,,85.9396,tier5,115.61,76.686,98.3733,88.9387,90.4721,115.61,imdbwiki_infeasible_fedavot_cvar_a0.90_g0.80_seed4.csv.gz
imdbwiki,infeasible,fedavot_cvar,0.90,0.90,0,4000,500,0,,85.8761,tier5,114.248,75.7882,99.2277,88.4766,88.4884,114.248,imdbwiki_infeasible_fedavot_cvar_a0.90_g0.90_seed0.csv.gz
imdbwiki,infeasible,fedavot_cvar,0.90,0.90,1,4000,500,0,,86.0042,tier5,115.08,77.6323,96.0575,86.433,86.5491,115.08,imdbwiki_infeasible_fedavot_cvar_a0.90_g0.90_seed1.csv.gz
imdbwiki,infeasible,fedavot_cvar,0.90,0.90,2,4000,500,0,,86.2135,tier5,115.896,77.8149,96.4426,86.0582,86.7289,115.896,imdbwiki_infeasible_fedavot_cvar_a0.90_g0.90_seed2.csv.gz
imdbwiki,infeasible,fedavot_cvar,0.90,0.90,3,4000,500,0,,86.4422,tier5,115.771,77.2385,96.6414,87.0082,83.6476,115.771,imdbwiki_infeasible_fedavot_cvar_a0.90_g0.90_seed3.csv.gz
imdbwiki,infeasible,fedavot_cvar,0.90,0.90,4,4000,500,0,,85.9176,tier5,115.636,76.6545,98.3825,88.8638,90.3412,115.636,imdbwiki_infeasible_fedavot_cvar_a0.90_g0.90_seed4.csv.gz
imdbwiki,infeasible,fedavot_cvar,0.90,1.00,0,4000,500,0,,85.8495,tier5,114.22,75.7608,99.201,88.4458,88.4549,114.22,imdbwiki_infeasible_fedavot_cvar_a0.90_g1.00_seed0.csv.gz
imdbwiki,infeasible,fedavot_cvar,0.90,1.00,1,4000,500,0,,85.9733,tier5,115.055,77.5969,96.0417,86.4093,86.5273,115.055,imdbwiki_infeasible_fedavot_cvar_a0.90_g1.00_seed1.csv.gz
imdbwiki,infeasible,fedavot_cvar,0.90,1.00,2,4000,500,0,,86.1828,tier5,115.866,77.781,96.4214,86.036,86.6977,115.866,imdbwiki_infeasible_fedavot_cvar_a0.90_g1.00_seed2.csv.gz
imdbwiki,infeasible,fedavot_cvar,0.90,1.00,3,4000,500,0,,86.4138,tier5,115.729,77.2092,96.6206,86.9818,83.635,115.729,imdbwiki_infeasible_fedavot_cvar_a0.90_g1.00_seed3.csv.gz
imdbwiki,infeasible,fedavot_cvar,0.90,1.00,4,4000,500,0,,85.8867,tier5,115.612,76.6262,98.3511,88.8261,90.3069,115.612,imdbwiki_infeasible_fedavot_cvar_a0.90_g1.00_seed4.csv.gz
imdbwiki,infeasible,fedavot_cvar,1.00,0.10,0,4000,500,0,,85.8495,tier5,114.22,75.7608,99.201,88.4458,88.4549,114.22,imdbwiki_infeasible_fedavot_cvar_a1.00_g0.10_seed0.csv.gz
imdbwiki,infeasible,fedavot_cvar,1.00,0.10,1,4000,500,0,,85.9733,tier5,115.055,77.5969,96.0417,86.4093,86.5273,115.055,imdbwiki_infeasible_fedavot_cvar_a1.00_g0.10_seed1.csv.gz
imdbwiki,infeasible,fedavot_cvar,1.00,0.10,2,4000,500,0,,86.1828,tier5,115.866,77.781,96.4214,86.036,86.6977,115.866,imdbwiki_infeasible_fedavot_cvar_a1.00_g0.10_seed2.csv.gz
imdbwiki,infeasible,fedavot_cvar,1.00,0.10,3,4000,500,0,,86.4138,tier5,115.729,77.2092,96.6206,86.9818,83.635,115.729,imdbwiki_infeasible_fedavot_cvar_a1.00_g0.10_seed3.csv.gz
imdbwiki,infeasible,fedavot_cvar,1.00,0.10,4,4000,500,0,,85.8867,tier5,115.612,76.6262,98.3511,88.8261,90.3069,115.612,imdbwiki_infeasible_fedavot_cvar_a1.00_g0.10_seed4.csv.gz
imdbwiki,infeasible,fedavot_cvar,1.00,0.20,0,4000,500,0,,85.8495,tier5,114.22,75.7608,99.201,88.4458,88.4549,114.22,imdbwiki_infeasible_fedavot_cvar_a1.00_g0.20_seed0.csv.gz
imdbwiki,infeasible,fedavot_cvar,1.00,0.20,1,4000,500,0,,85.9733,tier5,115.055,77.5969,96.0417,86.4093,86.5273,115.055,imdbwiki_infeasible_fedavot_cvar_a1.00_g0.20_seed1.csv.gz
imdbwiki,infeasible,fedavot_cvar,1.00,0.20,2,4000,500,0,,86.1828,tier5,115.866,77.781,96.4214,86.036,86.6977,115.866,imdbwiki_infeasible_fedavot_cvar_a1.00_g0.20_seed2.csv.gz
imdbwiki,infeasible,fedavot_cvar,1.00,0.20,3,4000,500,0,,86.4138,tier5,115.729,77.2092,96.6206,86.9818,83.635,115.729,imdbwiki_infeasible_fedavot_cvar_a1.00_g0.20_seed3.csv.gz
imdbwiki,infeasible,fedavot_cvar,1.00,0.20,4,4000,500,0,,85.8867,tier5,115.612,76.6262,98.3511,88.8261,90.3069,115.612,imdbwiki_infeasible_fedavot_cvar_a1.00_g0.20_seed4.csv.gz
imdbwiki,infeasible,fedavot_cvar,1.00,0.30,0,4000,500,0,,85.8495,tier5,114.22,75.7608,99.201,88.4458,88.4549,114.22,imdbwiki_infeasible_fedavot_cvar_a1.00_g0.30_seed0.csv.gz
imdbwiki,infeasible,fedavot_cvar,1.00,0.30,1,4000,500,0,,85.9733,tier5,115.055,77.5969,96.0417,86.4093,86.5273,115.055,imdbwiki_infeasible_fedavot_cvar_a1.00_g0.30_seed1.csv.gz
imdbwiki,infeasible,fedavot_cvar,1.00,0.30,2,4000,500,0,,86.1828,tier5,115.866,77.781,96.4214,86.036,86.6977,115.866,imdbwiki_infeasible_fedavot_cvar_a1.00_g0.30_seed2.csv.gz
imdbwiki,infeasible,fedavot_cvar,1.00,0.30,3,4000,500,0,,86.4138,tier5,115.729,77.2092,96.6206,86.9818,83.635,115.729,imdbwiki_infeasible_fedavot_cvar_a1.00_g0.30_seed3.csv.gz
imdbwiki,infeasible,fedavot_cvar,1.00,0.30,4,4000,500,0,,85.8867,tier5,115.612,76.6262,98.3511,88.8261,90.3069,115.612,imdbwiki_infeasible_fedavot_cvar_a1.00_g0.30_seed4.csv.gz
imdbwiki,infeasible,fedavot_cvar,1.00,0.40,0,4000,500,0,,85.8495,tier5,114.22,75.7608,99.201,88.4458,88.4549,114.22,imdbwiki_infeasible_fedavot_cvar_a1.00_g0.40_seed0.csv.gz
imdbwiki,infeasible,fedavot_cvar,1.00,0.40,1,4000,500,0,,85.9733,tier5,115.055,77.5969,96.0417,86.4093,86.5273,115.055,imdbwiki_infeasible_fedavot_cvar_a1.00_g0.40_seed1.csv.gz
imdbwiki,infeasible,fedavot_cvar,1.00,0.40,2,4000,500,0,,86.1828,tier5,115.866,77.781,96.4214,86.036,86.6977,115.866,imdbwiki_infeasible_fedavot_cvar_a1.00_g0.40_seed2.csv.gz
imdbwiki,infeasible,fedavot_cvar,1.00,0.40,3,4000,500,0,,86.4138,tier5,115.729,77.2092,96.6206,86.9818,83.635,115.729,imdbwiki_infeasible_fedavot_cvar_a1.00_g0.40_seed3.csv.gz
imdbwiki,infeasible,fedavot_cvar,1.00,0.40,4,4000,500,0,,85.8867,tier5,115.612,76.6262,98.3511,88.8261,90.3069,115.612,imdbwiki_infeasible_fedavot_cvar_a1.00_g0.40_seed4.csv.gz
imdbwiki,infeasible,fedavot_cvar,1.00,0.50,0,4000,500,0,,85.8495,tier5,114.22,75.7608,99.201,88.4458,88.4549,114.22,imdbwiki_infeasible_fedavot_cvar_a1.00_g0.50_seed0.csv.gz
imdbwiki,infeasible,fedavot_cvar,1.00,0.50,1,4000,500,0,,85.9733,tier5,115.055,77.5969,96.0417,86.4093,86.5273,115.055,imdbwiki_infeasible_fedavot_cvar_a1.00_g0.50_seed1.csv.gz
imdbwiki,infeasible,fedavot_cvar,1.00,0.50,2,4000,500,0,,86.1828,tier5,115.866,77.781,96.4214,86.036,86.6977,115.866,imdbwiki_infeasible_fedavot_cvar_a1.00_g0.50_seed2.csv.gz
imdbwiki,infeasible,fedavot_cvar,1.00,0.50,3,4000,500,0,,86.4138,tier5,115.729,77.2092,96.6206,86.9818,83.635,115.729,imdbwiki_infeasible_fedavot_cvar_a1.00_g0.50_seed3.csv.gz
imdbwiki,infeasible,fedavot_cvar,1.00,0.50,4,4000,500,0,,85.8867,tier5,115.612,76.6262,98.3511,88.8261,90.3069,115.612,imdbwiki_infeasible_fedavot_cvar_a1.00_g0.50_seed4.csv.gz
imdbwiki,infeasible,fedavot_cvar,1.00,0.60,0,4000,500,0,,85.8495,tier5,114.22,75.7608,99.201,88.4458,88.4549,114.22,imdbwiki_infeasible_fedavot_cvar_a1.00_g0.60_seed0.csv.gz
imdbwiki,infeasible,fedavot_cvar,1.00,0.60,1,4000,500,0,,85.9733,tier5,115.055,77.5969,96.0417,86.4093,86.5273,115.055,imdbwiki_infeasible_fedavot_cvar_a1.00_g0.60_seed1.csv.gz
imdbwiki,infeasible,fedavot_cvar,1.00,0.60,2,4000,500,0,,86.1828,tier5,115.866,77.781,96.4214,86.036,86.6977,115.866,imdbwiki_infeasible_fedavot_cvar_a1.00_g0.60_seed2.csv.gz
imdbwiki,infeasible,fedavot_cvar,1.00,0.60,3,4000,500,0,,86.4138,tier5,115.729,77.2092,96.6206,86.9818,83.635,115.729,imdbwiki_infeasible_fedavot_cvar_a1.00_g0.60_seed3.csv.gz
imdbwiki,infeasible,fedavot_cvar,1.00,0.60,4,4000,500,0,,85.8867,tier5,115.612,76.6262,98.3511,88.8261,90.3069,115.612,imdbwiki_infeasible_fedavot_cvar_a1.00_g0.60_seed4.csv.gz
imdbwiki,infeasible,fedavot_cvar,1.00,0.70,0,4000,500,0,,85.8495,tier5,114.22,75.7608,99.201,88.4458,88.4549,114.22,imdbwiki_infeasible_fedavot_cvar_a1.00_g0.70_seed0.csv.gz
imdbwiki,infeasible,fedavot_cvar,1.00,0.70,1,4000,500,0,,85.9733,tier5,115.055,77.5969,96.0417,86.4093,86.5273,115.055,imdbwiki_infeasible_fedavot_cvar_a1.00_g0.70_seed1.csv.gz
imdbwiki,infeasible,fedavot_cvar,1.00,0.70,2,4000,500,0,,86.1828,tier5,115.866,77.781,96.4214,86.036,86.6977,115.866,imdbwiki_infeasible_fedavot_cvar_a1.00_g0.70_seed2.csv.gz
imdbwiki,infeasible,fedavot_cvar,1.00,0.70,3,4000,500,0,,86.4138,tier5,115.729,77.2092,96.6206,86.9818,83.635,115.729,imdbwiki_infeasible_fedavot_cvar_a1.00_g0.70_seed3.csv.gz
imdbwiki,infeasible,fedavot_cvar,1.00,0.70,4,4000,500,0,,85.8867,tier5,115.612,76.6262,98.3511,88.8261,90.3069,115.612,imdbwiki_infeasible_fedavot_cvar_a1.00_g0.70_seed4.csv.gz
imdbwiki,infeasible,fedavot_cvar,1.00,0.80,0,4000,500,0,,85.8495,tier5,114.22,75.7608,99.201,88.4458,88.4549,114.22,imdbwiki_infeasible_fedavot_cvar_a1.00_g0.80_seed0.csv.gz
imdbwiki,infeasible,fedavot_cvar,1.00,0.80,1,4000,500,0,,85.9733,tier5,115.055,77.5969,96.0417,86.4093,86.5273,115.055,imdbwiki_infeasible_fedavot_cvar_a1.00_g0.80_seed1.csv.gz
imdbwiki,infeasible,fedavot_cvar,1.00,0.80,2,4000,500,0,,86.1828,tier5,115.866,77.781,96.4214,86.036,86.6977,115.866,imdbwiki_infeasible_fedavot_cvar_a1.00_g0.80_seed2.csv.gz
imdbwiki,infeasible,fedavot_cvar,1.00,0.80,3,4000,500,0,,86.4138,tier5,115.729,77.2092,96.6206,86.9818,83.635,115.729,imdbwiki_infeasible_fedavot_cvar_a1.00_g0.80_seed3.csv.gz
imdbwiki,infeasible,fedavot_cvar,1.00,0.80,4,4000,500,0,,85.8867,tier5,115.612,76.6262,98.3511,88.8261,90.3069,115.612,imdbwiki_infeasible_fedavot_cvar_a1.00_g0.80_seed4.csv.gz
imdbwiki,infeasible,fedavot_cvar,1.00,0.90,0,4000,500,0,,85.8495,tier5,114.22,75.7608,99.201,88.4458,88.4549,114.22,imdbwiki_infeasible_fedavot_cvar_a1.00_g0.90_seed0.csv.gz
imdbwiki,infeasible,fedavot_cvar,1.00,0.90,1,4000,500,0,,85.9733,tier5,115.055,77.5969,96.0417,86.4093,86.5273,115.055,imdbwiki_infeasible_fedavot_cvar_a1.00_g0.90_seed1.csv.gz
imdbwiki,infeasible,fedavot_cvar,1.00,0.90,2,4000,500,0,,86.1828,tier5,115.866,77.781,96.4214,86.036,86.6977,115.866,imdbwiki_infeasible_fedavot_cvar_a1.00_g0.90_seed2.csv.gz
imdbwiki,infeasible,fedavot_cvar,1.00,0.90,3,4000,500,0,,86.4138,tier5,115.729,77.2092,96.6206,86.9818,83.635,115.729,imdbwiki_infeasible_fedavot_cvar_a1.00_g0.90_seed3.csv.gz
imdbwiki,infeasible,fedavot_cvar,1.00,0.90,4,4000,500,0,,85.8867,tier5,115.612,76.6262,98.3511,88.8261,90.3069,115.612,imdbwiki_infeasible_fedavot_cvar_a1.00_g0.90_seed4.csv.gz
imdbwiki,infeasible,fedavot_cvar,1.00,1.00,0,4000,500,0,,85.8495,tier5,114.22,75.7608,99.201,88.4458,88.4549,114.22,imdbwiki_infeasible_fedavot_cvar_a1.00_g1.00_seed0.csv.gz
imdbwiki,infeasible,fedavot_cvar,1.00,1.00,1,4000,500,0,,85.9733,tier5,115.055,77.5969,96.0417,86.4093,86.5273,115.055,imdbwiki_infeasible_fedavot_cvar_a1.00_g1.00_seed1.csv.gz
imdbwiki,infeasible,fedavot_cvar,1.00,1.00,2,4000,500,0,,86.1828,tier5,115.866,77.781,96.4214,86.036,86.6977,115.866,imdbwiki_infeasible_fedavot_cvar_a1.00_g1.00_seed2.csv.gz
imdbwiki,infeasible,fedavot_cvar,1.00,1.00,3,4000,500,0,,86.4138,tier5,115.729,77.2092,96.6206,86.9818,83.635,115.729,imdbwiki_infeasible_fedavot_cvar_a1.00_g1.00_seed3.csv.gz
imdbwiki,infeasible,fedavot_cvar,1.00,1.00,4,4000,500,0,,85.8867,tier5,115.612,76.6262,98.3511,88.8261,90.3069,115.612,imdbwiki_infeasible_fedavot_cvar_a1.00_g1.00_seed4.csv.gz
imdbwiki,infeasible,fedcvar,0.10,0.10,0,4000,500,0,,104.406,tier2,106.738,103.29,106.738,93.3421,102.418,104.01,imdbwiki_infeasible_fedcvar_a0.10_g0.10_seed0.csv.gz
imdbwiki,infeasible,fedcvar,0.10,0.10,1,4000,500,0,,106.724,tier1,107.37,107.37,106.323,90.9109,103.195,103.372,imdbwiki_infeasible_fedcvar_a0.10_g0.10_seed1.csv.gz
imdbwiki,infeasible,fedcvar,0.10,0.10,2,4000,500,0,,105.751,tier1,106.14,106.14,105.392,92.0399,104.537,103.631,imdbwiki_infeasible_fedcvar_a0.10_g0.10_seed2.csv.gz
imdbwiki,infeasible,fedcvar,0.10,0.10,3,4000,500,0,,105.333,tier2,106.019,105.214,106.019,90.7271,102.537,103.557,imdbwiki_infeasible_fedcvar_a0.10_g0.10_seed3.csv.gz
imdbwiki,infeasible,fedcvar,0.10,0.10,4,4000,500,0,,105.333,tier2,106.94,104.767,106.94,93.4616,104.22,104.83,imdbwiki_infeasible_fedcvar_a0.10_g0.10_seed4.csv.gz
imdbwiki,infeasible,fedcvar,0.10,0.20,0,4000,500,0,,103.356,tier2,105.655,102.181,105.655,92.3541,101.261,103.12,imdbwiki_infeasible_fedcvar_a0.10_g0.20_seed0.csv.gz
imdbwiki,infeasible,fedcvar,0.10,0.20,1,4000,500,0,,105.913,tier1,106.591,106.591,105.654,89.7854,102.003,103.148,imdbwiki_infeasible_fedcvar_a0.10_g0.20_seed1.csv.gz
imdbwiki,infeasible,fedcvar,0.10,0.20,2,4000,500,0,,104.271,tier1,104.49,104.49,104.241,90.5491,102.642,102.877,imdbwiki_infeasible_fedcvar_a0.10_g0.20_seed2.csv.gz
imdbwiki,infeasible,fedcvar,0.10,0.20,3,4000,500,0,,104.429,tier2,105.279,104.26,105.279,89.5777,101.498,103.154,imdbwiki_infeasible_fedcvar_a0.10_g0.20_seed3.csv.gz
imdbwiki,infeasible,fedcvar,0.10,0.20,4,4000,500,0,,103.936,tier2,105.502,103.28,105.502,92.1551,102.593,104.054,imdbwiki_infeasible_fedcvar_a0.10_g0.20_seed4.csv.gz
imdbwiki,infeasible,fedcvar,0.10,0.30,0,4000,500,0,,102.088,tier2,104.438,100.811,104.438,91.1147,99.8088,102.419,imdbwiki_infeasible_fedcvar_a0.10_g0.30_seed0.csv.gz
imdbwiki,infeasible,fedcvar,0.10,0.30,1,4000,500,0,,104.653,tier1,105.163,105.163,104.612,88.5827,100.082,102.217,imdbwiki_infeasible_fedcvar_a0.10_g0.30_seed1.csv.gz
imdbwiki,infeasible,fedcvar,0.10,0.30,2,4000,500,0,,103.432,tier1,103.656,103.656,103.297,89.6295,101.532,102.369,imdbwiki_infeasible_fedcvar_a0.10_g0.30_seed2.csv.gz
imdbwiki,infeasible,fedcvar,0.10,0.30,3,4000,500,0,,103.373,tier2,104.25,103.112,104.25,88.5148,100.271,102.312,imdbwiki_infeasible_fedcvar_a0.10_g0.30_seed3.csv.gz
imdbwiki,infeasible,fedcvar,0.10,0.30,4,4000,500,0,,102.919,tier2,104.407,102.236,104.407,91.1414,101.412,103.53,imdbwiki_infeasible_fedcvar_a0.10_g0.30_seed4.csv.gz
imdbwiki,infeasible,fedcvar,0.10,0.40,0,4000,500,0,,100.793,tier2,102.99,99.4646,102.99,89.9166,98.4621,101.6,imdbwiki_infeasible_fedcvar_a0.10_g0.40_seed0.csv.gz
imdbwiki,infeasible,fedcvar,0.10,0.40,1,4000,500,0,,103.248,tier1,103.696,103.696,103.07,87.0641,98.4168,101.51,imdbwiki_infeasible_fedcvar_a0.10_g0.40_seed1.csv.gz
imdbwiki,infeasible,fedcvar,0.10,0.40,2,4000,500,0,,102.109,tier1,102.161,102.161,102.066,88.2092,99.6419,101.872,imdbwiki_infeasible_fedcvar_a0.10_g0.40_seed2.csv.gz
imdbwiki,infeasible,fedcvar,0.10,0.40,3,4000,500,0,,102.052,tier2,102.961,101.616,102.961,87.0616,98.3938,101.539,imdbwiki_infeasible_fedcvar_a0.10_g0.40_seed3.csv.gz
imdbwiki,infeasible,fedcvar,0.10,0.40,4,4000,500,0,,101.442,tier2,102.901,100.745,102.901,89.3915,99.7938,102.667,imdbwiki_infeasible_fedcvar_a0.10_g0.40_seed4.csv.gz
imdbwiki,infeasible,fedcvar,0.10,0.50,0,4000,500,0,,99.1174,tier2,101.204,97.6051,101.204,88.3351,96.3928,100.72,imdbwiki_infeasible_fedcvar_a0.10_g0.50_seed0.csv.gz
imdbwiki,infeasible,fedcvar,0.10,0.50,1,4000,500,0,,101.519,tier1,101.836,101.836,101.313,85.3656,96.2462,100.472,imdbwiki_infeasible_fedcvar_a0.10_g0.50_seed1.csv.gz
imdbwiki,infeasible,fedcvar,0.10,0.50,2,4000,500,0,,100.575,tier5,100.724,100.467,100.714,86.4887,97.6572,100.724,imdbwiki_infeasible_fedcvar_a0.10_g0.50_seed2.csv.gz
imdbwiki,infeasible,fedcvar,0.10,0.50,3,4000,500,0,,100.37,tier2,101.171,99.8154,101.171,85.1735,95.706,100.314,imdbwiki_infeasible_fedcvar_a0.10_g0.50_seed3.csv.gz
imdbwiki,infeasible,fedcvar,0.10,0.50,4,4000,500,0,,100.071,tier5,101.631,99.2879,101.438,87.9569,97.7982,101.631,imdbwiki_infeasible_fedcvar_a0.10_g0.50_seed4.csv.gz
imdbwiki,infeasible,fedcvar,0.10,0.60,0,4000,500,0,,97.3237,tier2,99.8545,95.4043,99.8545,86.3798,93.3626,99.0578,imdbwiki_infeasible_fedcvar_a0.10_g0.60_seed0.csv.gz
imdbwiki,infeasible,fedcvar,0.10,0.60,1,4000,500,0,,99.5486,tier2,99.8492,99.4695,99.8492,83.163,92.7503,98.9793,imdbwiki_infeasible_fedcvar_a0.10_g0.60_seed1.csv.gz
imdbwiki,infeasible,fedcvar,0.10,0.60,2,4000,500,0,,98.4192,tier5,98.8877,97.9906,98.7503,84.1478,93.7739,98.8877,imdbwiki_infeasible_fedcvar_a0.10_g0.60_seed2.csv.gz
imdbwiki,infeasible,fedcvar,0.10,0.60,3,4000,500,0,,98.4713,tier2,99.6792,97.5146,99.6792,82.8972,92.0743,98.4327,imdbwiki_infeasible_fedcvar_a0.10_g0.60_seed3.csv.gz
imdbwiki,infeasible,fedcvar,0.10,0.60,4,4000,500,0,,98.3735,tier5,100.045,97.4481,99.7267,85.8576,95.2172,100.045,imdbwiki_infeasible_fedcvar_a0.10_g0.60_seed4.csv.gz
imdbwiki,infeasible,fedcvar,0.10,0.70,0,4000,500,0,,95.2662,tier2,98.429,92.7069,98.429,84.2509,89.3848,97.245,imdbwiki_infeasible_fedcvar_a0.10_g0.70_seed0.csv.gz
imdbwiki,infeasible,fedcvar,0.10,0.70,1,4000,500,0,,97.2214,tier2,98.1723,96.4377,98.1723,80.8749,88.0168,97.274,imdbwiki_infeasible_fedcvar_a0.10_g0.70_seed1.csv.gz
imdbwiki,infeasible,fedcvar,0.10,0.70,2,4000,500,0,,96.4279,tier2,97.2152,95.4309,97.2152,82.0497,89.1565,96.8578,imdbwiki_infeasible_fedcvar_a0.10_g0.70_seed2.csv.gz
imdbwiki,infeasible,fedcvar,0.10,0.70,3,4000,500,0,,96.5967,tier2,98.406,95.0072,98.406,80.5904,87.6916,96.7562,imdbwiki_infeasible_fedcvar_a0.10_g0.70_seed3.csv.gz
imdbwiki,infeasible,fedcvar,0.10,0.70,4,4000,500,0,,96.0027,tier5,98.0196,94.5341,97.8244,83.3533,90.6649,98.0196,imdbwiki_infeasible_fedcvar_a0.10_g0.70_seed4.csv.gz
imdbwiki,infeasible,fedcvar,0.10,0.80,0,4000,500,0,,93.1735,tier2,97.3692,89.679,97.3692,82.0955,84.2492,95.5924,imdbwiki_infeasible_fedcvar_a0.10_g0.80_seed0.csv.gz
imdbwiki,infeasible,fedcvar,0.10,0.80,1,4000,500,0,,95.0917,tier2,97.0851,93.3662,97.0851,78.9383,83.445,95.657,imdbwiki_infeasible_fedcvar_a0.10_g0.80_seed1.csv.gz
imdbwiki,infeasible,fedcvar,0.10,0.80,2,4000,500,0,,94.2877,tier2,96.1295,92.3232,96.1295,79.9554,84.2611,95.2046,imdbwiki_infeasible_fedcvar_a0.10_g0.80_seed2.csv.gz
imdbwiki,infeasible,fedcvar,0.10,0.80,3,4000,500,0,,94.6836,tier2,97.4075,92.1653,97.4075,78.7194,82.9037,95.3498,imdbwiki_infeasible_fedcvar_a0.10_g0.80_seed3.csv.gz
imdbwiki,infeasible,fedcvar,0.10,0.80,4,4000,500,0,,93.9021,tier2,96.4667,91.6014,96.4667,81.0842,85.3523,95.9216,imdbwiki_infeasible_fedcvar_a0.10_g0.80_seed4.csv.gz
imdbwiki,infeasible,fedcvar,0.10,0.90,0,4000,500,0,,91.798,tier2,97.0381,87.302,97.0381,80.8435,79.1971,94.7106,imdbwiki_infeasible_fedcvar_a0.10_g0.90_seed0.csv.gz
imdbwiki,infeasible,fedcvar,0.10,0.90,1,4000,500,0,,93.4485,tier2,96.826,90.5916,96.826,78.0038,78.8883,94.6811,imdbwiki_infeasible_fedcvar_a0.10_g0.90_seed1.csv.gz
imdbwiki,infeasible,fedcvar,0.10,0.90,2,4000,500,0,,92.6665,tier2,95.6691,89.6139,95.6691,78.798,79.3584,94.1753,imdbwiki_infeasible_fedcvar_a0.10_g0.90_seed2.csv.gz
imdbwiki,infeasible,fedcvar,0.10,0.90,3,4000,500,0,,93.3577,tier2,97.2171,89.7318,97.2171,77.7093,78.2949,94.5232,imdbwiki_infeasible_fedcvar_a0.10_g0.90_seed3.csv.gz
imdbwiki,infeasible,fedcvar,0.10,0.90,4,4000,500,0,,92.2721,tier2,95.9427,88.9124,95.9427,79.7185,80.0088,94.2527,imdbwiki_infeasible_fedcvar_a0.10_g0.90_seed4.csv.gz
imdbwiki,infeasible,fedcvar,0.10,1.00,0,4000,500,0,,90.7275,tier2,97.9488,84.4845,97.9488,80.1105,72.3486,96.8193,imdbwiki_infeasible_fedcvar_a0.10_g1.00_seed0.csv.gz
imdbwiki,infeasible,fedcvar,0.10,1.00,1,4000,500,0,,91.8686,tier2,97.2239,87.175,97.2239,77.7396,72.0751,96.912,imdbwiki_infeasible_fedcvar_a0.10_g1.00_seed1.csv.gz
imdbwiki,infeasible,fedcvar,0.10,1.00,2,4000,500,0,,91.6531,tier5,96.5401,86.8821,96.3735,78.484,72.8631,96.5401,imdbwiki_infeasible_fedcvar_a0.10_g1.00_seed2.csv.gz
imdbwiki,infeasible,fedcvar,0.10,1.00,3,4000,500,0,,92.4588,tier2,98.1013,87.1287,98.1013,77.6035,71.9936,96.9195,imdbwiki_infeasible_fedcvar_a0.10_g1.00_seed3.csv.gz
imdbwiki,infeasible,fedcvar,0.10,1.00,4,4000,500,0,,91.4396,tier2,96.7976,86.4175,96.7976,79.1035,73.1685,95.8607,imdbwiki_infeasible_fedcvar_a0.10_g1.00_seed4.csv.gz
imdbwiki,infeasible,fedcvar,0.20,0.10,0,4000,500,0,,103.284,tier2,104.261,102.34,104.261,92.1028,100.513,101.39,imdbwiki_infeasible_fedcvar_a0.20_g0.10_seed0.csv.gz
imdbwiki,infeasible,fedcvar,0.20,0.10,1,4000,500,0,,105.614,tier1,106.131,106.131,104.624,89.4473,100.044,100.683,imdbwiki_infeasible_fedcvar_a0.20_g0.10_seed1.csv.gz
imdbwiki,infeasible,fedcvar,0.20,0.10,2,4000,500,0,,104.562,tier1,104.944,104.944,103.058,90.6553,101.647,100.605,imdbwiki_infeasible_fedcvar_a0.20_g0.10_seed2.csv.gz
imdbwiki,infeasible,fedcvar,0.20,0.10,3,4000,500,0,,104.85,tier1,104.784,104.784,104.373,89.2735,100.226,100.729,imdbwiki_infeasible_fedcvar_a0.20_g0.10_seed3.csv.gz
imdbwiki,infeasible,fedcvar,0.20,0.10,4,4000,500,0,,103.976,tier1,103.866,103.866,103.646,92.1303,102.266,102.298,imdbwiki_infeasible_fedcvar_a0.20_g0.10_seed4.csv.gz
imdbwiki,infeasible,fedcvar,0.20,0.20,0,4000,500,0,,102.099,tier2,103.011,101.047,103.011,90.9366,98.6381,100.233,imdbwiki_infeasible_fedcvar_a0.20_g0.20_seed0.csv.gz
imdbwiki,infeasible,fedcvar,0.20,0.20,1,4000,500,0,,104.331,tier1,104.789,104.789,103.3,88.2121,98.048,99.5013,imdbwiki_infeasible_fedcvar_a0.20_g0.20_seed1.csv.gz
imdbwiki,infeasible,fedcvar,0.20,0.20,2,4000,500,0,,103.159,tier1,103.468,103.468,101.696,89.2839,99.5537,99.4212,imdbwiki_infeasible_fedcvar_a0.20_g0.20_seed2.csv.gz
imdbwiki,infeasible,fedcvar,0.20,0.20,3,4000,500,0,,103.372,tier1,103.174,103.174,102.943,87.8491,97.922,99.4386,imdbwiki_infeasible_fedcvar_a0.20_g0.20_seed3.csv.gz
imdbwiki,infeasible,fedcvar,0.20,0.20,4,4000,500,0,,102.667,tier1,102.431,102.431,102.411,90.7088,100.089,101.005,imdbwiki_infeasible_fedcvar_a0.20_g0.20_seed4.csv.gz
imdbwiki,infeasible,fedcvar,0.20,0.30,0,4000,500,0,,100.536,tier2,101.407,99.3566,101.407,89.5211,96.2374,98.9467,imdbwiki_infeasible_fedcvar_a0.20_g0.30_seed0.csv.gz
imdbwiki,infeasible,fedcvar,0.20,0.30,1,4000,500,0,,102.758,tier1,103.011,103.011,102.009,86.8316,96.0752,98.4485,imdbwiki_infeasible_fedcvar_a0.20_g0.30_seed1.csv.gz
imdbwiki,infeasible,fedcvar,0.20,0.30,2,4000,500,0,,101.672,tier1,101.745,101.745,100.487,87.8776,96.9818,98.1572,imdbwiki_infeasible_fedcvar_a0.20_g0.30_seed2.csv.gz
imdbwiki,infeasible,fedcvar,0.20,0.30,3,4000,500,0,,101.923,tier1,101.577,101.577,101.559,86.5513,95.757,98.2262,imdbwiki_infeasible_fedcvar_a0.20_g0.30_seed3.csv.gz
imdbwiki,infeasible,fedcvar,0.20,0.30,4,4000,500,0,,100.97,tier2,100.997,100.483,100.997,89.1367,97.5512,99.5307,imdbwiki_infeasible_fedcvar_a0.20_g0.30_seed4.csv.gz
imdbwiki,infeasible,fedcvar,0.20,0.40,0,4000,500,0,,99.1017,tier2,100.19,97.662,100.19,88.0364,93.8588,97.7562,imdbwiki_infeasible_fedcvar_a0.20_g0.40_seed0.csv.gz
imdbwiki,infeasible,fedcvar,0.20,0.40,1,4000,500,0,,101.176,tier1,101.178,101.178,100.763,85.3463,93.7285,97.2532,imdbwiki_infeasible_fedcvar_a0.20_g0.40_seed1.csv.gz
imdbwiki,infeasible,fedcvar,0.20,0.40,2,4000,500,0,,99.9617,tier1,99.6952,99.6952,99.2555,86.2066,94.4791,97.0146,imdbwiki_infeasible_fedcvar_a0.20_g0.40_seed2.csv.gz
imdbwiki,infeasible,fedcvar,0.20,0.40,3,4000,500,0,,100.372,tier2,100.284,99.7369,100.284,84.9197,93.3273,97.0266,imdbwiki_infeasible_fedcvar_a0.20_g0.40_seed3.csv.gz
imdbwiki,infeasible,fedcvar,0.20,0.40,4,4000,500,0,,99.2704,tier2,99.5747,98.5087,99.5747,87.5367,94.9434,98.0139,imdbwiki_infeasible_fedcvar_a0.20_g0.40_seed4.csv.gz
imdbwiki,infeasible,fedcvar,0.20,0.50,0,4000,500,0,,97.3632,tier2,98.9567,95.4567,98.9567,86.4056,90.9758,96.6172,imdbwiki_infeasible_fedcvar_a0.20_g0.50_seed0.csv.gz
imdbwiki,infeasible,fedcvar,0.20,0.50,1,4000,500,0,,99.3388,tier2,99.5344,98.9068,99.5344,83.6321,90.7401,96.1768,imdbwiki_infeasible_fedcvar_a0.20_g0.50_seed1.csv.gz
imdbwiki,infeasible,fedcvar,0.20,0.50,2,4000,500,0,,98.2998,tier2,98.1212,97.6325,98.1212,84.678,91.8013,95.8951,imdbwiki_infeasible_fedcvar_a0.20_g0.50_seed2.csv.gz
imdbwiki,infeasible,fedcvar,0.20,0.50,3,4000,500,0,,98.7041,tier2,99.1645,97.6319,99.1645,83.3446,90.5789,95.8857,imdbwiki_infeasible_fedcvar_a0.20_g0.50_seed3.csv.gz
imdbwiki,infeasible,fedcvar,0.20,0.50,4,4000,500,0,,97.5618,tier2,98.3007,96.4597,98.3007,85.7716,91.9457,96.5717,imdbwiki_infeasible_fedcvar_a0.20_g0.50_seed4.csv.gz
imdbwiki,infeasible,fedcvar,0.20,0.60,0,4000,500,0,,95.644,tier2,98.0346,93.1295,98.0346,84.7701,87.8268,95.5227,imdbwiki_infeasible_fedcvar_a0.20_g0.60_seed0.csv.gz
imdbwiki,infeasible,fedcvar,0.20,0.60,1,4000,500,0,,97.5271,tier2,98.4817,96.537,98.4817,81.9992,87.6964,95.1286,imdbwiki_infeasible_fedcvar_a0.20_g0.60_seed1.csv.gz
imdbwiki,infeasible,fedcvar,0.20,0.60,2,4000,500,0,,96.4586,tier2,96.9715,95.2405,96.9715,82.8727,88.537,94.7702,imdbwiki_infeasible_fedcvar_a0.20_g0.60_seed2.csv.gz
imdbwiki,infeasible,fedcvar,0.20,0.60,3,4000,500,0,,96.9722,tier2,98.2578,95.2561,98.2578,81.6186,87.21,94.7432,imdbwiki_infeasible_fedcvar_a0.20_g0.60_seed3.csv.gz
imdbwiki,infeasible,fedcvar,0.20,0.60,4,4000,500,0,,95.8737,tier2,97.1916,94.3093,97.1916,84.0106,88.9025,95.2622,imdbwiki_infeasible_fedcvar_a0.20_g0.60_seed4.csv.gz
imdbwiki,infeasible,fedcvar,0.20,0.70,0,4000,500,0,,93.9362,tier2,97.3137,90.698,97.3137,83.1515,84.2437,94.6967,imdbwiki_infeasible_fedcvar_a0.20_g0.70_seed0.csv.gz
imdbwiki,infeasible,fedcvar,0.20,0.70,1,4000,500,0,,95.7027,tier2,97.5711,93.9795,97.5711,80.4943,84.1728,94.4117,imdbwiki_infeasible_fedcvar_a0.20_g0.70_seed1.csv.gz
imdbwiki,infeasible,fedcvar,0.20,0.70,2,4000,500,0,,94.6461,tier2,96.0977,92.6915,96.0977,81.1054,84.6566,93.943,imdbwiki_infeasible_fedcvar_a0.20_g0.70_seed2.csv.gz
imdbwiki,infeasible,fedcvar,0.20,0.70,3,4000,500,0,,95.4291,tier2,97.6537,92.9993,97.6537,80.0889,83.7236,93.9163,imdbwiki_infeasible_fedcvar_a0.20_g0.70_seed3.csv.gz
imdbwiki,infeasible,fedcvar,0.20,0.70,4,4000,500,0,,94.2239,tier2,96.428,91.9639,96.428,82.2646,85.4184,94.0583,imdbwiki_infeasible_fedcvar_a0.20_g0.70_seed4.csv.gz
imdbwiki,infeasible,fedcvar,0.20,0.80,0,4000,500,0,,92.3819,tier2,96.9449,88.2466,96.9449,81.7041,80.4418,94.376,imdbwiki_infeasible_fedcvar_a0.20_g0.80_seed0.csv.gz
imdbwiki,infeasible,fedcvar,0.20,0.80,1,4000,500,0,,93.9417,tier2,96.9088,91.3297,96.9088,79.1613,80.3371,94.2207,imdbwiki_infeasible_fedcvar_a0.20_g0.80_seed1.csv.gz
imdbwiki,infeasible,fedcvar,0.20,0.80,2,4000,500,0,,93.11,tier2,95.5947,90.2898,95.5947,79.7004,80.7051,93.7139,imdbwiki_infeasible_fedcvar_a0.20_g0.80_seed2.csv.gz
imdbwiki,infeasible,fedcvar,0.20,0.80,3,4000,500,0,,93.9394,tier2,97.2559,90.6416,97.2559,78.6867,79.802,93.6852,imdbwiki_infeasible_fedcvar_a0.20_g0.80_seed3.csv.gz
imdbwiki,infeasible,fedcvar,0.20,0.80,4,4000,500,0,,92.7747,tier2,95.9513,89.6981,95.9513,80.7123,81.4138,93.4322,imdbwiki_infeasible_fedcvar_a0.20_g0.80_seed4.csv.gz
imdbwiki,infeasible,fedcvar,0.20,0.90,0,4000,500,0,,91.2296,tier2,97.1839,86.0237,97.1839,80.5563,76.3422,95.0066,imdbwiki_infeasible_fedcvar_a0.20_g0.90_seed0.csv.gz
imdbwiki,infeasible,fedcvar,0.20,0.90,1,4000,500,0,,92.4795,tier2,96.705,88.7887,96.705,78.0808,76.1814,94.9805,imdbwiki_infeasible_fedcvar_a0.20_g0.90_seed1.csv.gz
imdbwiki,infeasible,fedcvar,0.20,0.90,2,4000,500,0,,91.9631,tier2,95.5831,88.151,95.5831,78.7276,76.8185,94.5342,imdbwiki_infeasible_fedcvar_a0.20_g0.90_seed2.csv.gz
imdbwiki,infeasible,fedcvar,0.20,0.90,3,4000,500,0,,92.8072,tier2,97.328,88.4772,97.328,77.7175,75.7352,94.6764,imdbwiki_infeasible_fedcvar_a0.20_g0.90_seed3.csv.gz
imdbwiki,infeasible,fedcvar,0.20,0.90,4,4000,500,0,,91.6926,tier2,95.9629,87.6441,95.9629,79.5462,77.2142,93.9861,imdbwiki_infeasible_fedcvar_a0.20_g0.90_seed4.csv.gz
imdbwiki,infeasible,fedcvar,0.20,1.00,0,4000,500,0,,90.7275,tier2,97.9488,84.4845,97.9488,80.1105,72.3486,96.8193,imdbwiki_infeasible_fedcvar_a0.20_g1.00_seed0.csv.gz
imdbwiki,infeasible,fedcvar,0.20,1.00,1,4000,500,0,,91.8686,tier2,97.2239,87.175,97.2239,77.7396,72.0751,96.912,imdbwiki_infeasible_fedcvar_a0.20_g1.00_seed1.csv.gz
imdbwiki,infeasible,fedcvar,0.20,1.00,2,4000,500,0,,91.6531,tier5,96.5401,86.8821,96.3735,78.484,72.8631,96.5401,imdbwiki_infeasible_fedcvar_a0.20_g1.00_seed2.csv.gz
imdbwiki,infeasible,fedcvar,0.20,1.00,3,4000,500,0,,92.4588,tier2,98.1013,87.1287,98.1013,77.6035,71.9936,96.9195,imdbwiki_infeasible_fedcvar_a0.20_g1.00_seed3.csv.gz
imdbwiki,infeasible,fedcvar,0.20,1.00,4,4000,500,0,,91.4396,tier2,96.7976,86.4175,96.7976,79.1035,73.1685,95.8607,imdbwiki_infeasible_fedcvar_a0.20_g1.00_seed4.csv.gz
imdbwiki,infeasible,fedcvar,0.30,0.10,0,4000,500,0,,100.545,tier2,101.577,99.0093,101.577,89.3103,94.6049,97.8985,imdbwiki_infeasible_fedcvar_a0.30_g0.10_seed0.csv.gz
imdbwiki,infeasible,fedcvar,0.30,0.10,1,4000,500,0,,102.722,tier1,102.467,102.467,102.299,87.4387,95.0768,97.0858,imdbwiki_infeasible_fedcvar_a0.30_g0.10_seed1.csv.gz
imdbwiki,infeasible,fedcvar,0.30,0.10,2,4000,500,0,,101.512,tier1,101.121,101.121,100.595,88.2361,96.0457,97.0268,imdbwiki_infeasible_fedcvar_a0.30_g0.10_seed2.csv.gz
imdbwiki,infeasible,fedcvar,0.30,0.10,3,4000,500,0,,101.921,tier2,102.021,101.104,102.021,86.8297,95.0422,97.3142,imdbwiki_infeasible_fedcvar_a0.30_g0.10_seed3.csv.gz
imdbwiki,infeasible,fedcvar,0.30,0.10,4,4000,500,0,,100.751,tier2,100.908,99.9176,100.908,89.4019,96.3751,97.5558,imdbwiki_infeasible_fedcvar_a0.30_g0.10_seed4.csv.gz
imdbwiki,infeasible,fedcvar,0.30,0.20,0,4000,500,0,,99.1951,tier2,100.557,97.4057,100.557,87.9971,92.2442,97.0782,imdbwiki_infeasible_fedcvar_a0.30_g0.20_seed0.csv.gz
imdbwiki,infeasible,fedcvar,0.30,0.20,1,4000,500,0,,101.275,tier2,101.189,100.784,101.189,86.168,92.9964,96.2547,imdbwiki_infeasible_fedcvar_a0.30_g0.20_seed1.csv.gz
imdbwiki,infeasible,fedcvar,0.30,0.20,2,4000,500,0,,100.1,tier2,99.5324,99.4302,99.5324,86.8802,93.6236,96.2331,imdbwiki_infeasible_fedcvar_a0.30_g0.20_seed2.csv.gz
imdbwiki,infeasible,fedcvar,0.30,0.20,3,4000,500,0,,100.643,tier2,101.085,99.555,101.085,85.5345,92.7693,96.3893,imdbwiki_infeasible_fedcvar_a0.30_g0.20_seed3.csv.gz
imdbwiki,infeasible,fedcvar,0.30,0.20,4,4000,500,0,,99.4351,tier2,99.8784,98.398,99.8784,87.9157,94.1279,96.5548,imdbwiki_infeasible_fedcvar_a0.30_g0.20_seed4.csv.gz
imdbwiki,infeasible,fedcvar,0.30,0.30,0,4000,500,0,,97.7804,tier2,99.6849,95.5923,99.6849,86.7866,89.8342,96.315,imdbwiki_infeasible_fedcvar_a0.30_g0.30_seed0.csv.gz
imdbwiki,infeasible,fedcvar,0.30,0.30,1,4000,500,0,,99.9158,tier2,100.172,99.1777,100.172,84.8585,90.8291,95.6122,imdbwiki_infeasible_fedcvar_a0.30_g0.30_seed1.csv.gz
imdbwiki,infeasible,fedcvar,0.30,0.30,2,4000,500,0,,98.7607,tier2,98.4371,97.8581,98.4371,85.5661,91.6225,95.5395,imdbwiki_infeasible_fedcvar_a0.30_g0.30_seed2.csv.gz
imdbwiki,infeasible,fedcvar,0.30,0.30,3,4000,500,0,,99.3923,tier2,100.059,98.0802,100.059,84.2893,90.6179,95.5593,imdbwiki_infeasible_fedcvar_a0.30_g0.30_seed3.csv.gz
imdbwiki,infeasible,fedcvar,0.30,0.30,4,4000,500,0,,98.0704,tier2,98.8779,96.7582,98.8779,86.5679,91.8292,95.6449,imdbwiki_infeasible_fedcvar_a0.30_g0.30_seed4.csv.gz
imdbwiki,infeasible,fedcvar,0.30,0.40,0,4000,500,0,,96.5012,tier2,98.8658,93.9567,98.8658,85.5574,87.5289,95.6672,imdbwiki_infeasible_fedcvar_a0.30_g0.40_seed0.csv.gz
imdbwiki,infeasible,fedcvar,0.30,0.40,1,4000,500,0,,98.4735,tier2,99.1954,97.392,99.1954,83.5242,88.5377,95.0733,imdbwiki_infeasible_fedcvar_a0.30_g0.40_seed1.csv.gz
imdbwiki,infeasible,fedcvar,0.30,0.40,2,4000,500,0,,97.3702,tier2,97.5285,96.1105,97.5285,84.1605,89.085,94.9252,imdbwiki_infeasible_fedcvar_a0.30_g0.40_seed2.csv.gz
imdbwiki,infeasible,fedcvar,0.30,0.40,3,4000,500,0,,98.01,tier2,99.1791,96.3257,99.1791,82.892,88.1468,94.8831,imdbwiki_infeasible_fedcvar_a0.30_g0.40_seed3.csv.gz
imdbwiki,infeasible,fedcvar,0.30,0.40,4,4000,500,0,,96.7468,tier2,97.9914,95.103,97.9914,85.1761,89.5913,94.825,imdbwiki_infeasible_fedcvar_a0.30_g0.40_seed4.csv.gz
imdbwiki,infeasible,fedcvar,0.30,0.50,0,4000,500,0,,95.1676,tier2,98.1115,92.187,98.1115,84.2224,85.023,95.1494,imdbwiki_infeasible_fedcvar_a0.30_g0.50_seed0.csv.gz
imdbwiki,infeasible,fedcvar,0.30,0.50,1,4000,500,0,,96.9133,tier2,98.247,95.3721,98.247,82.124,85.9347,94.583,imdbwiki_infeasible_fedcvar_a0.30_g0.50_seed1.csv.gz
imdbwiki,infeasible,fedcvar,0.30,0.50,2,4000,500,0,,95.9321,tier2,96.776,94.1739,96.776,82.7685,86.529,94.4295,imdbwiki_infeasible_fedcvar_a0.30_g0.50_seed2.csv.gz
imdbwiki,infeasible,fedcvar,0.30,0.50,3,4000,500,0,,96.5979,tier2,98.3424,94.4623,98.3424,81.4219,85.4258,94.4027,imdbwiki_infeasible_fedcvar_a0.30_g0.50_seed3.csv.gz
imdbwiki,infeasible,fedcvar,0.30,0.50,4,4000,500,0,,95.3842,tier2,97.1306,93.3303,97.1306,83.7102,86.9555,94.1829,imdbwiki_infeasible_fedcvar_a0.30_g0.50_seed4.csv.gz
imdbwiki,infeasible,fedcvar,0.30,0.60,0,4000,500,0,,93.8828,tier2,97.6581,90.2984,97.6581,82.9438,82.4722,94.815,imdbwiki_infeasible_fedcvar_a0.30_g0.60_seed0.csv.gz
imdbwiki,infeasible,fedcvar,0.30,0.60,1,4000,500,0,,95.4095,tier2,97.4672,93.3288,97.4672,80.6847,83.1303,94.3305,imdbwiki_infeasible_fedcvar_a0.30_g0.60_seed1.csv.gz
imdbwiki,infeasible,fedcvar,0.30,0.60,2,4000,500,0,,94.5364,tier2,96.0661,92.2733,96.0661,81.3527,83.7918,94.1174,imdbwiki_infeasible_fedcvar_a0.30_g0.60_seed2.csv.gz
imdbwiki,infeasible,fedcvar,0.30,0.60,3,4000,500,0,,95.265,tier2,97.7604,92.5519,97.7604,80.0049,82.4782,94.0574,imdbwiki_infeasible_fedcvar_a0.30_g0.60_seed3.csv.gz
imdbwiki,infeasible,fedcvar,0.30,0.60,4,4000,500,0,,94.1333,tier2,96.4014,91.6265,96.4014,82.347,84.2958,93.7479,imdbwiki_infeasible_fedcvar_a0.30_g0.60_seed4.csv.gz
imdbwiki,infeasible,fedcvar,0.30,0.70,0,4000,500,0,,92.7503,tier2,97.3679,88.5482,97.3679,81.806,79.9367,94.7281,imdbwiki_infeasible_fedcvar_a0.30_g0.70_seed0.csv.gz
imdbwiki,infeasible,fedcvar,0.30,0.70,1,4000,500,0,,94.0524,tier2,96.9712,91.3353,96.9712,79.4185,80.3078,94.3406,imdbwiki_infeasible_fedcvar_a0.30_g0.70_seed1.csv.gz
imdbwiki,infeasible,fedcvar,0.30,0.70,2,4000,500,0,,93.3055,tier2,95.6471,90.4391,95.6471,80.1007,80.851,94.0799,imdbwiki_infeasible_fedcvar_a0.30_g0.70_seed2.csv.gz
imdbwiki,infeasible,fedcvar,0.30,0.70,3,4000,500,0,,94.0981,tier2,97.4146,90.7325,97.4146,78.8128,79.5066,94.1073,imdbwiki_infeasible_fedcvar_a0.30_g0.70_seed3.csv.gz
imdbwiki,infeasible,fedcvar,0.30,0.70,4,4000,500,0,,92.9933,tier2,95.9262,89.9461,95.9262,81.0671,81.4278,93.6167,imdbwiki_infeasible_fedcvar_a0.30_g0.70_seed4.csv.gz
imdbwiki,infeasible,fedcvar,0.30,0.80,0,4000,500,0,,91.7954,tier2,97.3163,86.9132,97.3163,80.8764,77.2395,95.0014,imdbwiki_infeasible_fedcvar_a0.30_g0.80_seed0.csv.gz
imdbwiki,infeasible,fedcvar,0.30,0.80,1,4000,500,0,,92.9676,tier2,96.7466,89.5858,96.7466,78.4645,77.3403,94.6953,imdbwiki_infeasible_fedcvar_a0.30_g0.80_seed1.csv.gz
imdbwiki,infeasible,fedcvar,0.30,0.80,2,4000,500,0,,92.3872,tier2,95.5322,88.9015,95.5322,79.1526,77.9317,94.3688,imdbwiki_infeasible_fedcvar_a0.30_g0.80_seed2.csv.gz
imdbwiki,infeasible,fedcvar,0.30,0.80,3,4000,500,0,,93.2011,tier2,97.3732,89.1566,97.3732,77.9433,76.7171,94.5374,imdbwiki_infeasible_fedcvar_a0.30_g0.80_seed3.csv.gz
imdbwiki,infeasible,fedcvar,0.30,0.80,4,4000,500,0,,92.0832,tier2,95.832,88.3858,95.832,80.0362,78.4501,93.8614,imdbwiki_infeasible_fedcvar_a0.30_g0.80_seed4.csv.gz
imdbwiki,infeasible,fedcvar,0.30,0.90,0,4000,500,0,,91.1082,tier2,97.5363,85.5228,97.5363,80.2599,74.5314,95.6551,imdbwiki_infeasible_fedcvar_a0.30_g0.90_seed0.csv.gz
imdbwiki,infeasible,fedcvar,0.30,0.90,1,4000,500,0,,92.2496,tier2,96.8818,88.188,96.8818,77.8641,74.3791,95.5707,imdbwiki_infeasible_fedcvar_a0.30_g0.90_seed1.csv.gz
imdbwiki,infeasible,fedcvar,0.30,0.90,2,4000,500,0,,91.8526,tier2,95.8438,87.7011,95.8438,78.582,75.0266,95.2317,imdbwiki_infeasible_fedcvar_a0.30_g0.90_seed2.csv.gz
imdbwiki,infeasible,fedcvar,0.30,0.90,3,4000,500,0,,92.6492,tier2,97.5884,87.9522,97.5884,77.4994,74.0162,95.5443,imdbwiki_infeasible_fedcvar_a0.30_g0.90_seed3.csv.gz
imdbwiki,infeasible,fedcvar,0.30,0.90,4,4000,500,0,,91.5821,tier2,96.1777,87.1968,96.1777,79.3614,75.407,94.6499,imdbwiki_infeasible_fedcvar_a0.30_g0.90_seed4.csv.gz
imdbwiki,infeasible,fedcvar,0.30,1.00,0,4000,500,0,,90.7275,tier2,97.9488,84.4845,97.9488,80.1105,72.3486,96.8193,imdbwiki_infeasible_fedcvar_a0.30_g1.00_seed0.csv.gz
imdbwiki,infeasible,fedcvar,0.30,1.00,1,4000,500,0,,91.8686,tier2,97.2239,87.175,97.2239,77.7396,72.0751,96.912,imdbwiki_infeasible_fedcvar_a0.30_g1.00_seed1.csv.gz
imdbwiki,infeasible,fedcvar,0.30,1.00,2,4000,500,0,,91.6531,tier5,96.5401,86.8821,96.3735,78.484,72.8631,96.5401,imdbwiki_infeasible_fedcvar_a0.30_g1.00_seed2.csv.gz
imdbwiki,infeasible,fedcvar,0.30,1.00,3,4000,500,0,,92.4588,tier2,98.1013,87.1287,98.1013,77.6035,71.9936,96.9195,imdbwiki_infeasible_fedcvar_a0.30_g1.00_seed3.csv.gz
imdbwiki,infeasible,fedcvar,0.30,1.00,4,4000,500,0,,91.4396,tier2,96.7976,86.4175,96.7976,79.1035,73.1685,95.8607,imdbwiki_infeasible_fedcvar_a0.30_g1.00_seed4.csv.gz
imdbwiki,infeasible,fedcvar,0.40,0.10,0,4000,500,0,,97.3137,tier2,99.8722,94.7127,99.8722,85.6913,88.429,96.294,imdbwiki_infeasible_fedcvar_a0.40_g0.10_seed0.csv.gz
imdbwiki,infeasible,fedcvar,0.40,0.10,1,4000,500,0,,99.038,tier2,100.175,97.6282,100.175,83.9863,89.4676,95.3824,imdbwiki_infeasible_fedcvar_a0.40_g0.10_seed1.csv.gz
imdbwiki,infeasible,fedcvar,0.40,0.10,2,4000,500,0,,98.026,tier2,98.5501,96.5123,98.5501,84.6664,90.1927,95.4156,imdbwiki_infeasible_fedcvar_a0.40_g0.10_seed2.csv.gz
imdbwiki,infeasible,fedcvar,0.40,0.10,3,4000,500,0,,98.8523,tier2,100.584,96.901,100.584,83.5504,89.4619,95.5383,imdbwiki_infeasible_fedcvar_a0.40_g0.10_seed3.csv.gz
imdbwiki,infeasible,fedcvar,0.40,0.10,4,4000,500,0,,97.6352,tier2,98.866,95.879,98.866,85.9782,90.5989,95.304,imdbwiki_infeasible_fedcvar_a0.40_g0.10_seed4.csv.gz
imdbwiki,infeasible,fedcvar,0.40,0.20,0,4000,500,0,,96.35,tier2,99.2918,93.4578,99.2918,84.7354,86.549,95.784,imdbwiki_infeasible_fedcvar_a0.40_g0.20_seed0.csv.gz
imdbwiki,infeasible,fedcvar,0.40,0.20,1,4000,500,0,,97.9035,tier2,99.3576,96.2647,99.3576,82.872,87.4242,94.9212,imdbwiki_infeasible_fedcvar_a0.40_g0.20_seed1.csv.gz
imdbwiki,infeasible,fedcvar,0.40,0.20,2,4000,500,0,,96.9387,tier2,97.8126,95.1647,97.8126,83.592,88.093,94.8869,imdbwiki_infeasible_fedcvar_a0.40_g0.20_seed2.csv.gz
imdbwiki,infeasible,fedcvar,0.40,0.20,3,4000,500,0,,97.7188,tier2,99.7694,95.5098,99.7694,82.4308,87.3674,94.9567,imdbwiki_infeasible_fedcvar_a0.40_g0.20_seed3.csv.gz
imdbwiki,infeasible,fedcvar,0.40,0.20,4,4000,500,0,,96.5708,tier2,98.0854,94.5968,98.0854,84.8396,88.601,94.765,imdbwiki_infeasible_fedcvar_a0.40_g0.20_seed4.csv.gz
imdbwiki,infeasible,fedcvar,0.40,0.30,0,4000,500,0,,95.4087,tier2,98.773,92.191,98.773,83.8886,84.779,95.3717,imdbwiki_infeasible_fedcvar_a0.40_g0.30_seed0.csv.gz
imdbwiki,infeasible,fedcvar,0.40,0.30,1,4000,500,0,,96.788,tier2,98.6847,94.8347,98.6847,81.861,85.4185,94.5487,imdbwiki_infeasible_fedcvar_a0.40_g0.30_seed1.csv.gz
imdbwiki,infeasible,fedcvar,0.40,0.30,2,4000,500,0,,95.91,tier2,97.1223,93.8814,97.1223,82.5718,86.1738,94.4342,imdbwiki_infeasible_fedcvar_a0.40_g0.30_seed2.csv.gz
imdbwiki,infeasible,fedcvar,0.40,0.30,3,4000,500,0,,96.6942,tier2,99.0542,94.2259,99.0542,81.4014,85.2852,94.5777,imdbwiki_infeasible_fedcvar_a0.40_g0.30_seed3.csv.gz
imdbwiki,infeasible,fedcvar,0.40,0.30,4,4000,500,0,,95.5592,tier2,97.397,93.3429,97.397,83.7961,86.6727,94.3295,imdbwiki_infeasible_fedcvar_a0.40_g0.30_seed4.csv.gz
imdbwiki,infeasible,fedcvar,0.40,0.40,0,4000,500,0,,94.4408,tier2,98.3344,90.8289,98.3344,83.0187,82.8604,95.0781,imdbwiki_infeasible_fedcvar_a0.40_g0.40_seed0.csv.gz
imdbwiki,infeasible,fedcvar,0.40,0.40,1,4000,500,0,,95.7565,tier2,98.0598,93.496,98.0598,80.9036,83.3979,94.3414,imdbwiki_infeasible_fedcvar_a0.40_g0.40_seed1.csv.gz
imdbwiki,infeasible,fedcvar,0.40,0.40,2,4000,500,0,,94.9743,tier2,96.5603,92.6702,96.5603,81.5952,84.1177,94.1944,imdbwiki_infeasible_fedcvar_a0.40_g0.40_seed2.csv.gz
imdbwiki,infeasible,fedcvar,0.40,0.40,3,4000,500,0,,95.6657,tier2,98.4666,92.8459,98.4666,80.3904,83.1222,94.2793,imdbwiki_infeasible_fedcvar_a0.40_g0.40_seed3.csv.gz
imdbwiki,infeasible,fedcvar,0.40,0.40,4,4000,500,0,,94.6162,tier2,96.8486,92.1093,96.8486,82.7633,84.5709,94.0384,imdbwiki_infeasible_fedcvar_a0.40_g0.40_seed4.csv.gz
imdbwiki,infeasible,fedcvar,0.40,0.50,0,4000,500,0,,93.546,tier2,97.9295,89.5532,97.9295,82.2179,80.9409,94.8784,imdbwiki_infeasible_fedcvar_a0.40_g0.50_seed0.csv.gz
imdbwiki,infeasible,fedcvar,0.40,0.50,1,4000,500,0,,94.7637,tier2,97.5432,92.1666,97.5432,79.9877,81.2806,94.2646,imdbwiki_infeasible_fedcvar_a0.40_g0.50_seed1.csv.gz
imdbwiki,infeasible,fedcvar,0.40,0.50,2,4000,500,0,,94.0361,tier2,96.147,91.3479,96.147,80.666,81.9452,94.0371,imdbwiki_infeasible_fedcvar_a0.40_g0.50_seed2.csv.gz
imdbwiki,infeasible,fedcvar,0.40,0.50,3,4000,500,0,,94.7338,tier2,97.9991,91.5243,97.9991,79.4722,80.8485,94.1338,imdbwiki_infeasible_fedcvar_a0.40_g0.50_seed3.csv.gz
imdbwiki,infeasible,fedcvar,0.40,0.50,4,4000,500,0,,93.7164,tier2,96.3817,90.8737,96.3817,81.8224,82.5396,93.8527,imdbwiki_infeasible_fedcvar_a0.40_g0.50_seed4.csv.gz
imdbwiki,infeasible,fedcvar,0.40,0.60,0,4000,500,0,,92.7186,tier2,97.6698,88.3005,97.6698,81.4865,79.033,94.8246,imdbwiki_infeasible_fedcvar_a0.40_g0.60_seed0.csv.gz
imdbwiki,infeasible,fedcvar,0.40,0.60,1,4000,500,0,,93.8544,tier2,97.2088,90.839,97.2088,79.1745,79.1969,94.3297,imdbwiki_infeasible_fedcvar_a0.40_g0.60_seed1.csv.gz
imdbwiki,infeasible,fedcvar,0.40,0.60,2,4000,500,0,,93.2037,tier2,95.8805,90.1101,95.8805,79.8174,79.8254,94.0958,imdbwiki_infeasible_fedcvar_a0.40_g0.60_seed2.csv.gz
imdbwiki,infeasible,fedcvar,0.40,0.60,3,4000,500,0,,93.9335,tier2,97.6673,90.342,97.6673,78.6278,78.7419,94.2142,imdbwiki_infeasible_fedcvar_a0.40_g0.60_seed3.csv.gz
imdbwiki,infeasible,fedcvar,0.40,0.60,4,4000,500,0,,92.9354,tier2,96.1245,89.6882,96.1245,80.956,80.4234,93.8069,imdbwiki_infeasible_fedcvar_a0.40_g0.60_seed4.csv.gz
imdbwiki,infeasible,fedcvar,0.40,0.70,0,4000,500,0,,91.9679,tier2,97.5115,87.1038,97.5115,80.8362,77.1845,94.9595,imdbwiki_infeasible_fedcvar_a0.40_g0.70_seed0.csv.gz
imdbwiki,infeasible,fedcvar,0.40,0.70,1,4000,500,0,,93.0954,tier2,96.9958,89.665,96.9958,78.5046,77.2086,94.6172,imdbwiki_infeasible_fedcvar_a0.40_g0.70_seed1.csv.gz
imdbwiki,infeasible,fedcvar,0.40,0.70,2,4000,500,0,,92.517,tier2,95.7864,88.9879,95.7864,79.1336,77.8612,94.3447,imdbwiki_infeasible_fedcvar_a0.40_g0.70_seed2.csv.gz
imdbwiki,infeasible,fedcvar,0.40,0.70,3,4000,500,0,,93.2796,tier2,97.5165,89.2566,97.5165,78.005,76.7624,94.5119,imdbwiki_infeasible_fedcvar_a0.40_g0.70_seed3.csv.gz
imdbwiki,infeasible,fedcvar,0.40,0.70,4,4000,500,0,,92.2519,tier2,96.021,88.5664,96.021,80.1667,78.3959,93.9627,imdbwiki_infeasible_fedcvar_a0.40_g0.70_seed4.csv.gz
imdbwiki,infeasible,fedcvar,0.40,0.80,0,4000,500,0,,91.3557,tier2,97.4973,86.0303,97.4973,80.3585,75.4483,95.2908,imdbwiki_infeasible_fedcvar_a0.40_g0.80_seed0.csv.gz
imdbwiki,infeasible,fedcvar,0.40,0.80,1,4000,500,0,,92.4954,tier2,96.927,88.638,96.927,78.0143,75.3949,95.1075,imdbwiki_infeasible_fedcvar_a0.40_g0.80_seed1.csv.gz
imdbwiki,infeasible,fedcvar,0.40,0.80,2,4000,500,0,,92.0192,tier2,95.8142,88.0733,95.8142,78.6487,76.0517,94.8274,imdbwiki_infeasible_fedcvar_a0.40_g0.80_seed2.csv.gz
imdbwiki,infeasible,fedcvar,0.40,0.80,3,4000,500,0,,92.7835,tier2,97.5385,88.315,97.5385,77.5835,74.9926,95.0391,imdbwiki_infeasible_fedcvar_a0.40_g0.80_seed3.csv.gz
imdbwiki,infeasible,fedcvar,0.40,0.80,4,4000,500,0,,91.7412,tier2,96.0859,87.5996,96.0859,79.5595,76.4639,94.3609,imdbwiki_infeasible_fedcvar_a0.40_g0.80_seed4.csv.gz
imdbwiki,infeasible,fedcvar,0.40,0.90,0,4000,500,0,,90.8832,tier2,97.6439,85.0463,97.6439,80.1133,73.7643,95.9919,imdbwiki_infeasible_fedcvar_a0.40_g0.90_seed0.csv.gz
imdbwiki,infeasible,fedcvar,0.40,0.90,1,4000,500,0,,92.0511,tier2,97.0239,87.7296,97.0239,77.7409,73.6199,95.9371,imdbwiki_infeasible_fedcvar_a0.40_g0.90_seed1.csv.gz
imdbwiki,infeasible,fedcvar,0.40,0.90,2,4000,500,0,,91.7067,tier2,96.0365,87.3072,96.0365,78.4028,74.3612,95.5977,imdbwiki_infeasible_fedcvar_a0.40_g0.90_seed2.csv.gz
imdbwiki,infeasible,fedcvar,0.40,0.90,3,4000,500,0,,92.4709,tier2,97.7588,87.5233,97.7588,77.4478,73.3817,95.8709,imdbwiki_infeasible_fedcvar_a0.40_g0.90_seed3.csv.gz
imdbwiki,infeasible,fedcvar,0.40,0.90,4,4000,500,0,,91.4581,tier2,96.4126,86.8246,96.4126,79.1648,74.6958,95.0183,imdbwiki_infeasible_fedcvar_a0.40_g0.90_seed4.csv.gz
imdbwiki,infeasible,fedcvar,0.40,1.00,0,4000,500,0,,90.7275,tier2,97.9488,84.4845,97.9488,80.1105,72.3486,96.8193,imdbwiki_infeasible_fedcvar_a0.40_g1.00_seed0.csv.gz
imdbwiki,infeasible,fedcvar,0.40,1.00,1,4000,500,0,,91.8686,tier2,97.2239,87.175,97.2239,77.7396,72.0751,96.912,imdbwiki_infeasible_fedcvar_a0.40_g1.00_seed1.csv.gz
imdbwiki,infeasible,fedcvar,0.40,1.00,2,4000,500,0,,91.6531,tier5,96.5401,86.8821,96.3735,78.484,72.8631,96.5401,imdbwiki_infeasible_fedcvar_a0.40_g1.00_seed2.csv.gz
imdbwiki,infeasible,fedcvar,0.40,1.00,3,4000,500,0,,92.4588,tier2,98.1013,87.1287,98.1013,77.6035,71.9936,96.9195,imdbwiki_infeasible_fedcvar_a0.40_g1.00_seed3.csv.gz
imdbwiki,infeasible,fedcvar,0.40,1.00,4,4000,500,0,,91.4396,tier2,96.7976,86.4175,96.7976,79.1035,73.1685,95.8607,imdbwiki_infeasible_fedcvar_a0.40_g1.00_seed4.csv.gz
imdbwiki,infeasible,fedcvar,0.50,0.10,0,4000,500,0,,94.8555,tier2,98.9892,91.1717,98.9892,83.3,83.9031,95.6583,imdbwiki_infeasible_fedcvar_a0.50_g0.10_seed0.csv.gz
imdbwiki,infeasible,fedcvar,0.50,0.10,1,4000,500,0,,96.1267,tier2,98.7494,93.7299,98.7494,81.246,84.4735,94.8296,imdbwiki_infeasible_fedcvar_a0.50_g0.10_seed1.csv.gz
imdbwiki,infeasible,fedcvar,0.50,0.10,2,4000,500,0,,95.4042,tier2,97.3498,92.9896,97.3498,81.7938,85.2209,94.4434,imdbwiki_infeasible_fedcvar_a0.50_g0.10_seed2.csv.gz
imdbwiki,infeasible,fedcvar,0.50,0.10,3,4000,500,0,,96.2088,tier2,99.1749,93.3979,99.1749,80.7886,84.4041,94.7017,imdbwiki_infeasible_fedcvar_a0.50_g0.10_seed3.csv.gz
imdbwiki,infeasible,fedcvar,0.50,0.10,4,4000,500,0,,95.2273,tier2,97.6808,92.6243,97.6808,83.2827,85.8711,94.4399,imdbwiki_infeasible_fedcvar_a0.50_g0.10_seed4.csv.gz
imdbwiki,infeasible,fedcvar,0.50,0.20,0,4000,500,0,,94.1039,tier2,98.5602,90.1687,98.5602,82.6804,82.6083,95.4287,imdbwiki_infeasible_fedcvar_a0.50_g0.20_seed0.csv.gz
imdbwiki,infeasible,fedcvar,0.50,0.20,1,4000,500,0,,95.3788,tier2,98.3005,92.7494,98.3005,80.5436,83.0051,94.5806,imdbwiki_infeasible_fedcvar_a0.50_g0.20_seed1.csv.gz
imdbwiki,infeasible,fedcvar,0.50,0.20,2,4000,500,0,,94.6983,tier2,96.9228,92.063,96.9228,81.1044,83.8103,94.2235,imdbwiki_infeasible_fedcvar_a0.50_g0.20_seed2.csv.gz
imdbwiki,infeasible,fedcvar,0.50,0.20,3,4000,500,0,,95.4464,tier2,98.7096,92.3812,98.7096,80.0503,82.8538,94.4363,imdbwiki_infeasible_fedcvar_a0.50_g0.20_seed3.csv.gz
imdbwiki,infeasible,fedcvar,0.50,0.20,4,4000,500,0,,94.4856,tier2,97.2537,91.6594,97.2537,82.5151,84.3323,94.1718,imdbwiki_infeasible_fedcvar_a0.50_g0.20_seed4.csv.gz
imdbwiki,infeasible,fedcvar,0.50,0.30,0,4000,500,0,,93.431,tier2,98.2217,89.2322,98.2217,82.1057,81.2807,95.2377,imdbwiki_infeasible_fedcvar_a0.50_g0.30_seed0.csv.gz
imdbwiki,infeasible,fedcvar,0.50,0.30,1,4000,500,0,,94.673,tier2,97.941,91.7963,97.941,79.8982,81.5561,94.4251,imdbwiki_infeasible_fedcvar_a0.50_g0.30_seed1.csv.gz
imdbwiki,infeasible,fedcvar,0.50,0.30,2,4000,500,0,,94.0074,tier2,96.5468,91.1366,96.5468,80.4263,82.3667,94.0845,imdbwiki_infeasible_fedcvar_a0.50_g0.30_seed2.csv.gz
imdbwiki,infeasible,fedcvar,0.50,0.30,3,4000,500,0,,94.763,tier2,98.3066,91.455,98.3066,79.3957,81.372,94.2536,imdbwiki_infeasible_fedcvar_a0.50_g0.30_seed3.csv.gz
imdbwiki,infeasible,fedcvar,0.50,0.30,4,4000,500,0,,93.7798,tier2,96.8709,90.7145,96.8709,81.7848,82.8404,93.9882,imdbwiki_infeasible_fedcvar_a0.50_g0.30_seed4.csv.gz
imdbwiki,infeasible,fedcvar,0.50,0.40,0,4000,500,0,,92.7876,tier2,97.9051,88.3299,97.9051,81.5385,79.8419,95.1327,imdbwiki_infeasible_fedcvar_a0.50_g0.40_seed0.csv.gz
imdbwiki,infeasible,fedcvar,0.50,0.40,1,4000,500,0,,93.9973,tier2,97.5738,90.8875,97.5738,79.2847,80.0479,94.4354,imdbwiki_infeasible_fedcvar_a0.50_g0.40_seed1.csv.gz
imdbwiki,infeasible,fedcvar,0.50,0.40,2,4000,500,0,,93.4025,tier2,96.2125,90.3104,96.2125,79.8151,80.8574,94.0744,imdbwiki_infeasible_fedcvar_a0.50_g0.40_seed2.csv.gz
imdbwiki,infeasible,fedcvar,0.50,0.40,3,4000,500,0,,94.1189,tier2,97.9526,90.5502,97.9526,78.7911,79.8822,94.179,imdbwiki_infeasible_fedcvar_a0.50_g0.40_seed3.csv.gz
imdbwiki,infeasible,fedcvar,0.50,0.40,4,4000,500,0,,93.1535,tier2,96.5697,89.8497,96.5697,81.0783,81.3416,93.9055,imdbwiki_infeasible_fedcvar_a0.50_g0.40_seed4.csv.gz
imdbwiki,infeasible,fedcvar,0.50,0.50,0,4000,500,0,,92.2102,tier2,97.6607,87.4706,97.6607,81.0777,78.4556,95.106,imdbwiki_infeasible_fedcvar_a0.50_g0.50_seed0.csv.gz
imdbwiki,infeasible,fedcvar,0.50,0.50,1,4000,500,0,,93.4287,tier2,97.2921,90.0892,97.2921,78.7871,78.5872,94.5433,imdbwiki_infeasible_fedcvar_a0.50_g0.50_seed1.csv.gz
imdbwiki,infeasible,fedcvar,0.50,0.50,2,4000,500,0,,92.8568,tier2,96.024,89.4863,96.024,79.2978,79.3619,94.1656,imdbwiki_infeasible_fedcvar_a0.50_g0.50_seed2.csv.gz
imdbwiki,infeasible,fedcvar,0.50,0.50,3,4000,500,0,,93.5759,tier2,97.7208,89.7305,97.7208,78.2754,78.3735,94.2622,imdbwiki_infeasible_fedcvar_a0.50_g0.50_seed3.csv.gz
imdbwiki,infeasible,fedcvar,0.50,0.50,4,4000,500,0,,92.6022,tier2,96.3551,89.0348,96.3551,80.4602,79.8624,93.8842,imdbwiki_infeasible_fedcvar_a0.50_g0.50_seed4.csv.gz
imdbwiki,infeasible,fedcvar,0.50,0.60,0,4000,500,0,,91.695,tier2,97.5643,86.6319,97.5643,80.6823,77.0806,95.195,imdbwiki_infeasible_fedcvar_a0.50_g0.60_seed0.csv.gz
imdbwiki,infeasible,fedcvar,0.50,0.60,1,4000,500,0,,92.9073,tier2,97.1016,89.3034,97.1016,78.3445,77.1643,94.7757,imdbwiki_infeasible_fedcvar_a0.50_g0.60_seed1.csv.gz
imdbwiki,infeasible,fedcvar,0.50,0.60,2,4000,500,0,,92.4022,tier2,95.8879,88.7625,95.8879,78.8748,77.8833,94.3914,imdbwiki_infeasible_fedcvar_a0.50_g0.60_seed2.csv.gz
imdbwiki,infeasible,fedcvar,0.50,0.60,3,4000,500,0,,93.1007,tier2,97.5888,88.9527,97.5888,77.856,76.8783,94.5061,imdbwiki_infeasible_fedcvar_a0.50_g0.60_seed3.csv.gz
imdbwiki,infeasible,fedcvar,0.50,0.60,4,4000,500,0,,92.1214,tier2,96.2274,88.2609,96.2274,79.925,78.3592,94.0326,imdbwiki_infeasible_fedcvar_a0.50_g0.60_seed4.csv.gz
imdbwiki,infeasible,fedcvar,0.50,0.70,0,4000,500,0,,91.2888,tier2,97.4908,85.9394,97.4908,80.379,75.7808,95.3933,imdbwiki_infeasible_fedcvar_a0.50_g0.70_seed0.csv.gz
imdbwiki,infeasible,fedcvar,0.50,0.70,1,4000,500,0,,92.4961,tier2,96.981,88.6268,96.981,78.0235,75.7694,95.1226,imdbwiki_infeasible_fedcvar_a0.50_g0.70_seed1.csv.gz
imdbwiki,infeasible,fedcvar,0.50,0.70,2,4000,500,0,,92.042,tier2,95.868,88.109,95.868,78.5804,76.5002,94.7289,imdbwiki_infeasible_fedcvar_a0.50_g0.70_seed2.csv.gz
imdbwiki,infeasible,fedcvar,0.50,0.70,3,4000,500,0,,92.7486,tier2,97.5622,88.2939,97.5622,77.5734,75.5095,94.8836,imdbwiki_infeasible_fedcvar_a0.50_g0.70_seed3.csv.gz
imdbwiki,infeasible,fedcvar,0.50,0.70,4,4000,500,0,,91.7581,tier2,96.2292,87.5891,96.2292,79.5157,76.9337,94.2901,imdbwiki_infeasible_fedcvar_a0.50_g0.70_seed4.csv.gz
imdbwiki,infeasible,fedcvar,0.50,0.80,0,4000,500,0,,90.9705,tier2,97.5378,85.308,97.5378,80.1866,74.5366,95.7552,imdbwiki_infeasible_fedcvar_a0.50_g0.80_seed0.csv.gz
imdbwiki,infeasible,fedcvar,0.50,0.80,1,4000,500,0,,92.1648,tier2,96.9728,88.0051,96.9728,77.8153,74.4472,95.5981,imdbwiki_infeasible_fedcvar_a0.50_g0.80_seed1.csv.gz
imdbwiki,infeasible,fedcvar,0.50,0.80,2,4000,500,0,,91.801,tier2,95.9419,87.5875,95.9419,78.4108,75.1796,95.1943,imdbwiki_infeasible_fedcvar_a0.50_g0.80_seed2.csv.gz
imdbwiki,infeasible,fedcvar,0.50,0.80,3,4000,500,0,,92.5195,tier2,97.6244,87.7695,97.6244,77.4365,74.232,95.4041,imdbwiki_infeasible_fedcvar_a0.50_g0.80_seed3.csv.gz
imdbwiki,infeasible,fedcvar,0.50,0.80,4,4000,500,0,,91.5116,tier2,96.3517,87.0229,96.3517,79.2325,75.5987,94.6845,imdbwiki_infeasible_fedcvar_a0.50_g0.80_seed4.csv.gz
imdbwiki,infeasible,fedcvar,0.50,0.90,0,4000,500,0,,90.7868,tier2,97.6769,84.8294,97.6769,80.1028,73.324,96.3343,imdbwiki_infeasible_fedcvar_a0.50_g0.90_seed0.csv.gz
imdbwiki,infeasible,fedcvar,0.50,0.90,1,4000,500,0,,91.9555,tier2,97.0445,87.5184,97.0445,77.7412,73.1248,96.2898,imdbwiki_infeasible_fedcvar_a0.50_g0.90_seed1.csv.gz
imdbwiki,infeasible,fedcvar,0.50,0.90,2,4000,500,0,,91.6897,tier2,96.1254,87.1928,96.1254,78.4371,73.8647,95.868,imdbwiki_infeasible_fedcvar_a0.50_g0.90_seed2.csv.gz
imdbwiki,infeasible,fedcvar,0.50,0.90,3,4000,500,0,,92.4518,tier2,97.8135,87.4069,97.8135,77.4695,72.9761,96.1809,imdbwiki_infeasible_fedcvar_a0.50_g0.90_seed3.csv.gz
imdbwiki,infeasible,fedcvar,0.50,0.90,4,4000,500,0,,91.4272,tier2,96.5987,86.627,96.5987,79.1116,74.2198,95.2733,imdbwiki_infeasible_fedcvar_a0.50_g0.90_seed4.csv.gz
imdbwiki,infeasible,fedcvar,0.50,1.00,0,4000,500,0,,90.7275,tier2,97.9488,84.4845,97.9488,80.1105,72.3486,96.8193,imdbwiki_infeasible_fedcvar_a0.50_g1.00_seed0.csv.gz
imdbwiki,infeasible,fedcvar,0.50,1.00,1,4000,500,0,,91.8686,tier2,97.2239,87.175,97.2239,77.7396,72.0751,96.912,imdbwiki_infeasible_fedcvar_a0.50_g1.00_seed1.csv.gz
imdbwiki,infeasible,fedcvar,0.50,1.00,2,4000,500,0,,91.6531,tier5,96.5401,86.8821,96.3735,78.484,72.8631,96.5401,imdbwiki_infeasible_fedcvar_a0.50_g1.00_seed2.csv.gz
imdbwiki,infeasible,fedcvar,0.50,1.00,3,4000,500,0,,92.4588,tier2,98.1013,87.1287,98.1013,77.6035,71.9936,96.9195,imdbwiki_infeasible_fedcvar_a0.50_g1.00_seed3.csv.gz
imdbwiki,infeasible,fedcvar,0.50,1.00,4,4000,500,0,,91.4396,tier2,96.7976,86.4175,96.7976,79.1035,73.1685,95.8607,imdbwiki_infeasible_fedcvar_a0.50_g1.00_seed4.csv.gz
imdbwiki,infeasible,fedcvar,0.60,0.10,0,4000,500,0,,92.9416,tier2,98.1545,88.445,98.1545,82.0054,80.4084,95.7006,imdbwiki_infeasible_fedcvar_a0.60_g0.10_seed0.csv.gz
imdbwiki,infeasible,fedcvar,0.60,0.10,1,4000,500,0,,94.3671,tier2,98.132,91.1988,98.132,79.6888,80.6602,94.9034,imdbwiki_infeasible_fedcvar_a0.60_g0.10_seed1.csv.gz
imdbwiki,infeasible,fedcvar,0.60,0.10,2,4000,500,0,,93.8623,tier2,96.7999,90.8143,96.7999,80.1728,81.4745,94.3127,imdbwiki_infeasible_fedcvar_a0.60_g0.10_seed2.csv.gz
imdbwiki,infeasible,fedcvar,0.60,0.10,3,4000,500,0,,94.5157,tier2,98.3754,91.0398,98.3754,79.2111,80.8324,94.4253,imdbwiki_infeasible_fedcvar_a0.60_g0.10_seed3.csv.gz
imdbwiki,infeasible,fedcvar,0.60,0.10,4,4000,500,0,,93.5541,tier2,97.2244,90.1493,97.2244,81.5867,82.1395,94.1595,imdbwiki_infeasible_fedcvar_a0.60_g0.10_seed4.csv.gz
imdbwiki,infeasible,fedcvar,0.60,0.20,0,4000,500,0,,92.5115,tier2,97.9258,87.8409,97.9258,81.6155,79.4058,95.5553,imdbwiki_infeasible_fedcvar_a0.60_g0.20_seed0.csv.gz
imdbwiki,infeasible,fedcvar,0.60,0.20,1,4000,500,0,,93.8996,tier2,97.814,90.5751,97.814,79.3415,79.6931,94.7971,imdbwiki_infeasible_fedcvar_a0.60_g0.20_seed1.csv.gz
imdbwiki,infeasible,fedcvar,0.60,0.20,2,4000,500,0,,93.3967,tier2,96.5354,90.1644,96.5354,79.7854,80.4602,94.2499,imdbwiki_infeasible_fedcvar_a0.60_g0.20_seed2.csv.gz
imdbwiki,infeasible,fedcvar,0.60,0.20,3,4000,500,0,,94.0723,tier2,98.0726,90.4361,98.0726,78.7897,79.7641,94.3539,imdbwiki_infeasible_fedcvar_a0.60_g0.20_seed3.csv.gz
imdbwiki,infeasible,fedcvar,0.60,0.20,4,4000,500,0,,93.0889,tier2,96.976,89.5078,96.976,81.0925,81.1408,94.0195,imdbwiki_infeasible_fedcvar_a0.60_g0.20_seed4.csv.gz
imdbwiki,infeasible,fedcvar,0.60,0.30,0,4000,500,0,,92.1083,tier2,97.7239,87.2634,97.7239,81.2536,78.4776,95.4838,imdbwiki_infeasible_fedcvar_a0.60_g0.30_seed0.csv.gz
imdbwiki,infeasible,fedcvar,0.60,0.30,1,4000,500,0,,93.4875,tier2,97.5687,90.01,97.5687,78.976,78.6901,94.8041,imdbwiki_infeasible_fedcvar_a0.60_g0.30_seed1.csv.gz
imdbwiki,infeasible,fedcvar,0.60,0.30,2,4000,500,0,,93.0046,tier2,96.3386,89.5934,96.3386,79.4842,79.4265,94.2142,imdbwiki_infeasible_fedcvar_a0.60_g0.30_seed2.csv.gz
imdbwiki,infeasible,fedcvar,0.60,0.30,3,4000,500,0,,93.6714,tier2,97.8523,89.8365,97.8523,78.4201,78.6822,94.3518,imdbwiki_infeasible_fedcvar_a0.60_g0.30_seed3.csv.gz
imdbwiki,infeasible,fedcvar,0.60,0.30,4,4000,500,0,,92.6789,tier2,96.7648,88.9347,96.7648,80.6231,80.1362,93.9693,imdbwiki_infeasible_fedcvar_a0.60_g0.30_seed4.csv.gz
imdbwiki,infeasible,fedcvar,0.60,0.40,0,4000,500,0,,91.7633,tier2,97.5673,86.7433,97.5673,80.9352,77.5369,95.4764,imdbwiki_infeasible_fedcvar_a0.60_g0.40_seed0.csv.gz
imdbwiki,infeasible,fedcvar,0.60,0.40,1,4000,500,0,,93.0879,tier2,97.3322,89.4569,97.3322,78.6407,77.675,94.9121,imdbwiki_infeasible_fedcvar_a0.60_g0.40_seed1.csv.gz
imdbwiki,infeasible,fedcvar,0.60,0.40,2,4000,500,0,,92.6284,tier2,96.1729,89.0312,96.1729,79.1754,78.4239,94.2966,imdbwiki_infeasible_fedcvar_a0.60_g0.40_seed2.csv.gz
imdbwiki,infeasible,fedcvar,0.60,0.40,3,4000,500,0,,93.3286,tier2,97.6875,89.3058,97.6875,78.0993,77.6384,94.4207,imdbwiki_infeasible_fedcvar_a0.60_g0.40_seed3.csv.gz
imdbwiki,infeasible,fedcvar,0.60,0.40,4,4000,500,0,,92.3095,tier2,96.6047,88.3901,96.6047,80.2146,79.0804,93.9772,imdbwiki_infeasible_fedcvar_a0.60_g0.40_seed4.csv.gz
imdbwiki,infeasible,fedcvar,0.60,0.50,0,4000,500,0,,91.4547,tier2,97.4594,86.255,97.4594,80.6788,76.6282,95.5241,imdbwiki_infeasible_fedcvar_a0.60_g0.50_seed0.csv.gz
imdbwiki,infeasible,fedcvar,0.60,0.50,1,4000,500,0,,92.7401,tier2,97.1432,88.9596,97.1432,78.3607,76.6777,95.056,imdbwiki_infeasible_fedcvar_a0.60_g0.50_seed1.csv.gz
imdbwiki,infeasible,fedcvar,0.60,0.50,2,4000,500,0,,92.3273,tier2,96.066,88.55,96.066,78.9067,77.4112,94.4643,imdbwiki_infeasible_fedcvar_a0.60_g0.50_seed2.csv.gz
imdbwiki,infeasible,fedcvar,0.60,0.50,3,4000,500,0,,93.0359,tier2,97.5946,88.8168,97.5946,77.8204,76.5719,94.615,imdbwiki_infeasible_fedcvar_a0.60_g0.50_seed3.csv.gz
imdbwiki,infeasible,fedcvar,0.60,0.50,4,4000,500,0,,92.0059,tier2,96.5195,87.9027,96.5195,79.8452,78.0275,94.0798,imdbwiki_infeasible_fedcvar_a0.60_g0.50_seed4.csv.gz
imdbwiki,infeasible,fedcvar,0.60,0.60,0,4000,500,0,,91.2064,tier2,97.4419,85.8146,97.4419,80.4351,75.7085,95.6335,imdbwiki_infeasible_fedcvar_a0.60_g0.60_seed0.csv.gz
imdbwiki,infeasible,fedcvar,0.60,0.60,1,4000,500,0,,92.4477,tier2,97.0273,88.5084,97.0273,78.1259,75.7018,95.2513,imdbwiki_infeasible_fedcvar_a0.60_g0.60_seed1.csv.gz
imdbwiki,infeasible,fedcvar,0.60,0.60,2,4000,500,0,,92.0658,tier2,95.9846,88.1125,95.9846,78.6904,76.4227,94.7143,imdbwiki_infeasible_fedcvar_a0.60_g0.60_seed2.csv.gz
imdbwiki,infeasible,fedcvar,0.60,0.60,3,4000,500,0,,92.7874,tier2,97.5517,88.3591,97.5517,77.6043,75.5502,94.8906,imdbwiki_infeasible_fedcvar_a0.60_g0.60_seed3.csv.gz
imdbwiki,infeasible,fedcvar,0.60,0.60,4,4000,500,0,,91.7521,tier2,96.4815,87.4522,96.4815,79.5472,76.9283,94.2775,imdbwiki_infeasible_fedcvar_a0.60_g0.60_seed4.csv.gz
imdbwiki,infeasible,fedcvar,0.60,0.70,0,4000,500,0,,90.9961,tier2,97.4399,85.421,97.4399,80.257,74.8283,95.8194,imdbwiki_infeasible_fedcvar_a0.60_g0.70_seed0.csv.gz
imdbwiki,infeasible,fedcvar,0.60,0.70,1,4000,500,0,,92.2066,tier2,96.9734,88.096,96.9734,77.9211,74.7265,95.556,imdbwiki_infeasible_fedcvar_a0.60_g0.70_seed1.csv.gz
imdbwiki,infeasible,fedcvar,0.60,0.70,2,4000,500,0,,91.8705,tier2,95.9683,87.7304,95.9683,78.5378,75.4441,95.0578,imdbwiki_infeasible_fedcvar_a0.60_g0.70_seed2.csv.gz
imdbwiki,infeasible,fedcvar,0.60,0.70,3,4000,500,0,,92.6079,tier2,97.5801,87.9704,97.5801,77.473,74.5616,95.2672,imdbwiki_infeasible_fedcvar_a0.60_g0.70_seed3.csv.gz
imdbwiki,infeasible,fedcvar,0.60,0.70,4,4000,500,0,,91.5703,tier2,96.4655,87.0955,96.4655,79.3096,75.9012,94.5582,imdbwiki_infeasible_fedcvar_a0.60_g0.70_seed4.csv.gz
imdbwiki,infeasible,fedcvar,0.60,0.80,0,4000,500,0,,90.8493,tier2,97.5322,85.0676,97.5322,80.1375,73.9256,96.0966,imdbwiki_infeasible_fedcvar_a0.60_g0.80_seed0.csv.gz
imdbwiki,infeasible,fedcvar,0.60,0.80,1,4000,500,0,,92.0371,tier2,96.9843,87.7481,96.9843,77.7908,73.7542,95.9533,imdbwiki_infeasible_fedcvar_a0.60_g0.80_seed1.csv.gz
imdbwiki,infeasible,fedcvar,0.60,0.80,2,4000,500,0,,91.7299,tier2,96.0277,87.3857,96.0277,78.4633,74.4993,95.4896,imdbwiki_infeasible_fedcvar_a0.60_g0.80_seed2.csv.gz
imdbwiki,infeasible,fedcvar,0.60,0.80,3,4000,500,0,,92.4912,tier2,97.6822,87.6285,97.6822,77.4373,73.6011,95.7534,imdbwiki_infeasible_fedcvar_a0.60_g0.80_seed3.csv.gz
imdbwiki,infeasible,fedcvar,0.60,0.80,4,4000,500,0,,91.4621,tier2,96.5141,86.807,96.5141,79.1655,74.8702,94.9355,imdbwiki_infeasible_fedcvar_a0.60_g0.80_seed4.csv.gz
imdbwiki,infeasible,fedcvar,0.60,0.90,0,4000,500,0,,90.7564,tier2,97.828,84.6705,97.828,80.1046,72.8804,96.556,imdbwiki_infeasible_fedcvar_a0.60_g0.90_seed0.csv.gz
imdbwiki,infeasible,fedcvar,0.60,0.90,1,4000,500,0,,91.9412,tier2,97.1373,87.4119,97.1373,77.7194,72.6533,96.5587,imdbwiki_infeasible_fedcvar_a0.60_g0.90_seed1.csv.gz
imdbwiki,infeasible,fedcvar,0.60,0.90,2,4000,500,0,,91.6936,tier2,96.1968,87.129,96.1968,78.4569,73.4909,96.1321,imdbwiki_infeasible_fedcvar_a0.60_g0.90_seed2.csv.gz
imdbwiki,infeasible,fedcvar,0.60,0.90,3,4000,500,0,,92.4631,tier2,97.9143,87.3313,97.9143,77.5085,72.5534,96.4729,imdbwiki_infeasible_fedcvar_a0.60_g0.90_seed3.csv.gz
imdbwiki,infeasible,fedcvar,0.60,0.90,4,4000,500,0,,91.4643,tier2,96.6591,86.6272,96.6591,79.096,73.7638,95.4881,imdbwiki_infeasible_fedcvar_a0.60_g0.90_seed4.csv.gz
imdbwiki,infeasible,fedcvar,0.60,1.00,0,4000,500,0,,90.7275,tier2,97.9488,84.4845,97.9488,80.1105,72.3486,96.8193,imdbwiki_infeasible_fedcvar_a0.60_g1.00_seed0.csv.gz
imdbwiki,infeasible,fedcvar,0.60,1.00,1,4000,500,0,,91.8686,tier2,97.2239,87.175,97.2239,77.7396,72.0751,96.912,imdbwiki_infeasible_fedcvar_a0.60_g1.00_seed1.csv.gz
imdbwiki,infeasible,fedcvar,0.60,1.00,2,4000,500,0,,91.6531,tier5,96.5401,86.8821,96.3735,78.484,72.8631,96.5401,imdbwiki_infeasible_fedcvar_a0.60_g1.00_seed2.csv.gz
imdbwiki,infeasible,fedcvar,0.60,1.00,3,4000,500,0,,92.4588,tier2,98.1013,87.1287,98.1013,77.6035,71.9936,96.9195,imdbwiki_infeasible_fedcvar_a0.60_g1.00_seed3.csv.gz
imdbwiki,infeasible,fedcvar,0.60,1.00,4,4000,500,0,,91.4396,tier2,96.7976,86.4175,96.7976,79.1035,73.1685,95.8607,imdbwiki_infeasible_fedcvar_a0.60_g1.00_seed4.csv.gz
imdbwiki,infeasible,fedcvar,0.70,0.10,0,4000,500,0,,91.8933,tier2,97.7634,86.9076,97.7634,81.2449,77.4284,95.8605,imdbwiki_infeasible_fedcvar_a0.70_g0.10_seed0.csv.gz
imdbwiki,infeasible,fedcvar,0.70,0.10,1,4000,500,0,,93.351,tier2,97.7197,89.7237,97.7197,78.8372,77.5059,95.2222,imdbwiki_infeasible_fedcvar_a0.70_g0.10_seed1.csv.gz
imdbwiki,infeasible,fedcvar,0.70,0.10,2,4000,500,0,,92.9579,tier2,96.5607,89.4439,96.5607,79.4009,78.264,94.6114,imdbwiki_infeasible_fedcvar_a0.70_g0.10_seed2.csv.gz
imdbwiki,infeasible,fedcvar,0.70,0.10,3,4000,500,0,,93.5819,tier2,98.0148,89.6591,98.0148,78.3518,77.6899,94.7098,imdbwiki_infeasible_fedcvar_a0.70_g0.10_seed3.csv.gz
imdbwiki,infeasible,fedcvar,0.70,0.10,4,4000,500,0,,92.6488,tier2,97.064,88.7605,97.064,80.498,78.988,94.1233,imdbwiki_infeasible_fedcvar_a0.70_g0.10_seed4.csv.gz
imdbwiki,infeasible,fedcvar,0.70,0.20,0,4000,500,0,,91.6742,tier2,97.6829,86.5681,97.6829,80.9943,76.8141,95.7828,imdbwiki_infeasible_fedcvar_a0.70_g0.20_seed0.csv.gz
imdbwiki,infeasible,fedcvar,0.70,0.20,1,4000,500,0,,93.0839,tier2,97.5152,89.3726,97.5152,78.5877,76.8482,95.2123,imdbwiki_infeasible_fedcvar_a0.70_g0.20_seed1.csv.gz
imdbwiki,infeasible,fedcvar,0.70,0.20,2,4000,500,0,,92.6944,tier2,96.3897,89.0574,96.3897,79.2106,77.6534,94.6033,imdbwiki_infeasible_fedcvar_a0.70_g0.20_seed2.csv.gz
imdbwiki,infeasible,fedcvar,0.70,0.20,3,4000,500,0,,93.3291,tier2,97.8691,89.2782,97.8691,78.1126,77.025,94.715,imdbwiki_infeasible_fedcvar_a0.70_g0.20_seed3.csv.gz
imdbwiki,infeasible,fedcvar,0.70,0.20,4,4000,500,0,,92.3721,tier2,96.8601,88.3867,96.8601,80.199,78.2712,94.1308,imdbwiki_infeasible_fedcvar_a0.70_g0.20_seed4.csv.gz
imdbwiki,infeasible,fedcvar,0.70,0.30,0,4000,500,0,,91.4574,tier2,97.5991,86.2319,97.5991,80.7764,76.228,95.7456,imdbwiki_infeasible_fedcvar_a0.70_g0.30_seed0.csv.gz
imdbwiki,infeasible,fedcvar,0.70,0.30,1,4000,500,0,,92.8424,tier2,97.362,89.0345,97.362,78.3734,76.2185,95.2508,imdbwiki_infeasible_fedcvar_a0.70_g0.30_seed1.csv.gz
imdbwiki,infeasible,fedcvar,0.70,0.30,2,4000,500,0,,92.4526,tier2,96.2529,88.6907,96.2529,79.0316,77.041,94.6452,imdbwiki_infeasible_fedcvar_a0.70_g0.30_seed2.csv.gz
imdbwiki,infeasible,fedcvar,0.70,0.30,3,4000,500,0,,93.1104,tier2,97.7399,88.9362,97.7399,77.914,76.3456,94.7763,imdbwiki_infeasible_fedcvar_a0.70_g0.30_seed3.csv.gz
imdbwiki,infeasible,fedcvar,0.70,0.30,4,4000,500,0,,92.1387,tier2,96.692,88.0637,96.692,79.9313,77.6027,94.1587,imdbwiki_infeasible_fedcvar_a0.70_g0.30_seed4.csv.gz
imdbwiki,infeasible,fedcvar,0.70,0.40,0,4000,500,0,,91.265,tier2,97.5475,85.9137,97.5475,80.5558,75.6348,95.7777,imdbwiki_infeasible_fedcvar_a0.70_g0.40_seed0.csv.gz
imdbwiki,infeasible,fedcvar,0.70,0.40,1,4000,500,0,,92.6236,tier2,97.2427,88.7086,97.2427,78.1888,75.5904,95.3305,imdbwiki_infeasible_fedcvar_a0.70_g0.40_seed1.csv.gz
imdbwiki,infeasible,fedcvar,0.70,0.40,2,4000,500,0,,92.2398,tier2,96.1239,88.3655,96.1239,78.8715,76.4452,94.7627,imdbwiki_infeasible_fedcvar_a0.70_g0.40_seed2.csv.gz
imdbwiki,infeasible,fedcvar,0.70,0.40,3,4000,500,0,,92.9182,tier2,97.6568,88.6129,97.6568,77.7341,75.7016,94.8979,imdbwiki_infeasible_fedcvar_a0.70_g0.40_seed3.csv.gz
imdbwiki,infeasible,fedcvar,0.70,0.40,4,4000,500,0,,91.9287,tier2,96.5868,87.7393,96.5868,79.6949,76.9529,94.2293,imdbwiki_infeasible_fedcvar_a0.70_g0.40_seed4.csv.gz
imdbwiki,infeasible,fedcvar,0.70,0.50,0,4000,500,0,,91.1106,tier2,97.5265,85.6297,97.5265,80.3861,75.0613,95.8348,imdbwiki_infeasible_fedcvar_a0.70_g0.50_seed0.csv.gz
imdbwiki,infeasible,fedcvar,0.70,0.50,1,4000,500,0,,92.4251,tier2,97.1276,88.411,97.1276,78.0253,74.99,95.4804,imdbwiki_infeasible_fedcvar_a0.70_g0.50_seed1.csv.gz
imdbwiki,infeasible,fedcvar,0.70,0.50,2,4000,500,0,,92.0624,tier2,96.0378,88.0714,96.0378,78.7316,75.8645,94.9174,imdbwiki_infeasible_fedcvar_a0.70_g0.50_seed2.csv.gz
imdbwiki,infeasible,fedcvar,0.70,0.50,3,4000,500,0,,92.7535,tier2,97.5979,88.3069,97.5979,77.5943,75.0196,95.1,imdbwiki_infeasible_fedcvar_a0.70_g0.50_seed3.csv.gz
imdbwiki,infeasible,fedcvar,0.70,0.50,4,4000,500,0,,91.7649,tier2,96.4798,87.4784,96.4798,79.5086,76.2914,94.3688,imdbwiki_infeasible_fedcvar_a0.70_g0.50_seed4.csv.gz
imdbwiki,infeasible,fedcvar,0.70,0.60,0,4000,500,0,,90.9782,tier2,97.5406,85.3639,97.5406,80.2438,74.4921,95.9319,imdbwiki_infeasible_fedcvar_a0.70_g0.60_seed0.csv.gz
imdbwiki,infeasible,fedcvar,0.70,0.60,1,4000,500,0,,92.2563,tier2,97.0607,88.1304,97.0607,77.8883,74.3805,95.6776,imdbwiki_infeasible_fedcvar_a0.70_g0.60_seed1.csv.gz
imdbwiki,infeasible,fedcvar,0.70,0.60,2,4000,500,0,,91.908,tier2,95.9939,87.7873,95.9939,78.6124,75.2521,95.1407,imdbwiki_infeasible_fedcvar_a0.70_g0.60_seed2.csv.gz
imdbwiki,infeasible,fedcvar,0.70,0.60,3,4000,500,0,,92.6318,tier2,97.5952,88.0303,97.5952,77.5029,74.3485,95.3502,imdbwiki_infeasible_fedcvar_a0.70_g0.60_seed3.csv.gz
imdbwiki,infeasible,fedcvar,0.70,0.60,4,4000,500,0,,91.6243,tier2,96.462,87.2115,96.462,79.3348,75.6348,94.5612,imdbwiki_infeasible_fedcvar_a0.70_g0.60_seed4.csv.gz
imdbwiki,infeasible,fedcvar,0.70,0.70,0,4000,500,0,,90.8646,tier2,97.5992,85.0949,97.5992,80.1358,73.904,96.101,imdbwiki_infeasible_fedcvar_a0.70_g0.70_seed0.csv.gz
imdbwiki,infeasible,fedcvar,0.70,0.70,1,4000,500,0,,92.1036,tier2,97.0387,87.8465,97.0387,77.78,73.7581,95.9387,imdbwiki_infeasible_fedcvar_a0.70_g0.70_seed1.csv.gz
imdbwiki,infeasible,fedcvar,0.70,0.70,2,4000,500,0,,91.7896,tier2,96.0086,87.5254,96.0086,78.5191,74.6213,95.4378,imdbwiki_infeasible_fedcvar_a0.70_g0.70_seed2.csv.gz
imdbwiki,infeasible,fedcvar,0.70,0.70,3,4000,500,0,,92.5349,tier2,97.651,87.7593,97.651,77.4398,73.6722,95.6895,imdbwiki_infeasible_fedcvar_a0.70_g0.70_seed3.csv.gz
imdbwiki,infeasible,fedcvar,0.70,0.70,4,4000,500,0,,91.5266,tier2,96.4789,86.9767,96.4789,79.2024,74.9417,94.8255,imdbwiki_infeasible_fedcvar_a0.70_g0.70_seed4.csv.gz
imdbwiki,infeasible,fedcvar,0.70,0.80,0,4000,500,0,,90.7775,tier2,97.7436,84.8095,97.7436,80.0865,73.2521,96.3677,imdbwiki_infeasible_fedcvar_a0.70_g0.80_seed0.csv.gz
imdbwiki,infeasible,fedcvar,0.70,0.80,1,4000,500,0,,91.9921,tier2,97.0886,87.5727,97.0886,77.7157,73.0533,96.3038,imdbwiki_infeasible_fedcvar_a0.70_g0.80_seed1.csv.gz
imdbwiki,infeasible,fedcvar,0.70,0.80,2,4000,500,0,,91.7262,tier2,96.1102,87.2934,96.1102,78.4482,73.9081,95.8557,imdbwiki_infeasible_fedcvar_a0.70_g0.80_seed2.csv.gz
imdbwiki,infeasible,fedcvar,0.70,0.80,3,4000,500,0,,92.465,tier2,97.7932,87.4744,97.7932,77.4527,72.9788,96.1303,imdbwiki_infeasible_fedcvar_a0.70_g0.80_seed3.csv.gz
imdbwiki,infeasible,fedcvar,0.70,0.80,4,4000,500,0,,91.4755,tier2,96.5706,86.768,96.5706,79.0964,74.2165,95.2032,imdbwiki_infeasible_fedcvar_a0.70_g0.80_seed4.csv.gz
imdbwiki,infeasible,fedcvar,0.70,0.90,0,4000,500,0,,90.7436,tier2,97.9264,84.5512,97.9264,80.1338,72.5324,96.7731,imdbwiki_infeasible_fedcvar_a0.70_g0.90_seed0.csv.gz
imdbwiki,infeasible,fedcvar,0.70,0.90,1,4000,500,0,,91.9162,tier2,97.1966,87.3019,97.1966,77.7261,72.2848,96.8417,imdbwiki_infeasible_fedcvar_a0.70_g0.90_seed1.csv.gz
imdbwiki,infeasible,fedcvar,0.70,0.90,2,4000,500,0,,91.7006,tier5,96.4296,87.0313,96.2945,78.4845,73.0835,96.4296,imdbwiki_infeasible_fedcvar_a0.70_g0.90_seed2.csv.gz
imdbwiki,infeasible,fedcvar,0.70,0.90,3,4000,500,0,,92.4642,tier2,98.0378,87.2123,98.0378,77.5644,72.2063,96.8173,imdbwiki_infeasible_fedcvar_a0.70_g0.90_seed3.csv.gz
imdbwiki,infeasible,fedcvar,0.70,0.90,4,4000,500,0,,91.4748,tier2,96.7699,86.5158,96.7699,79.1141,73.3782,95.7925,imdbwiki_infeasible_fedcvar_a0.70_g0.90_seed4.csv.gz
imdbwiki,infeasible,fedcvar,0.70,1.00,0,4000,500,0,,90.7275,tier2,97.9488,84.4845,97.9488,80.1105,72.3486,96.8193,imdbwiki_infeasible_fedcvar_a0.70_g1.00_seed0.csv.gz
imdbwiki,infeasible,fedcvar,0.70,1.00,1,4000,500,0,,91.8686,tier2,97.2239,87.175,97.2239,77.7396,72.0751,96.912,imdbwiki_infeasible_fedcvar_a0.70_g1.00_seed1.csv.gz
imdbwiki,infeasible,fedcvar,0.70,1.00,2,4000,500,0,,91.6531,tier5,96.5401,86.8821,96.3735,78.484,72.8631,96.5401,imdbwiki_infeasible_fedcvar_a0.70_g1.00_seed2.csv.gz
imdbwiki,infeasible,fedcvar,0.70,1.00,3,4000,500,0,,92.4588,tier2,98.1013,87.1287,98.1013,77.6035,71.9936,96.9195,imdbwiki_infeasible_fedcvar_a0.70_g1.00_seed3.csv.gz
imdbwiki,infeasible,fedcvar,0.70,1.00,4,4000,500,0,,91.4396,tier2,96.7976,86.4175,96.7976,79.1035,73.1685,95.8607,imdbwiki_infeasible_fedcvar_a0.70_g1.00_seed4.csv.gz
imdbwiki,infeasible,fedcvar,0.80,0.10,0,4000,500,0,,91.1844,tier2,97.7987,85.7018,97.7987,80.524,75.1329,96.2583,imdbwiki_infeasible_fedcvar_a0.80_g0.10_seed0.csv.gz
imdbwiki,infeasible,fedcvar,0.80,0.10,1,4000,500,0,,92.6291,tier2,97.2895,88.7262,97.2895,78.0958,75.1094,95.9602,imdbwiki_infeasible_fedcvar_a0.80_g0.10_seed1.csv.gz
imdbwiki,infeasible,fedcvar,0.80,0.10,2,4000,500,0,,92.44,tier2,96.2104,88.6619,96.2104,78.8972,75.8664,95.3743,imdbwiki_infeasible_fedcvar_a0.80_g0.10_seed2.csv.gz
imdbwiki,infeasible,fedcvar,0.80,0.10,3,4000,500,0,,92.8851,tier2,97.7256,88.5346,97.7256,77.7085,75.2251,95.5155,imdbwiki_infeasible_fedcvar_a0.80_g0.10_seed3.csv.gz
imdbwiki,infeasible,fedcvar,0.80,0.10,4,4000,500,0,,92.0764,tier2,96.8371,87.9125,96.8371,79.5514,76.5188,94.6056,imdbwiki_infeasible_fedcvar_a0.80_g0.10_seed4.csv.gz
imdbwiki,infeasible,fedcvar,0.80,0.20,0,4000,500,0,,91.0738,tier2,97.7664,85.5044,97.7664,80.41,74.7882,96.2224,imdbwiki_infeasible_fedcvar_a0.80_g0.20_seed0.csv.gz
imdbwiki,infeasible,fedcvar,0.80,0.20,1,4000,500,0,,92.4881,tier2,97.2238,88.5024,97.2238,77.9811,74.735,95.9627,imdbwiki_infeasible_fedcvar_a0.80_g0.20_seed1.csv.gz
imdbwiki,infeasible,fedcvar,0.80,0.20,2,4000,500,0,,92.2955,tier2,96.1659,88.4223,96.1659,78.7696,75.5008,95.4038,imdbwiki_infeasible_fedcvar_a0.80_g0.20_seed2.csv.gz
imdbwiki,infeasible,fedcvar,0.80,0.20,3,4000,500,0,,92.7601,tier2,97.7179,88.302,97.7179,77.5896,74.8357,95.5403,imdbwiki_infeasible_fedcvar_a0.80_g0.20_seed3.csv.gz
imdbwiki,infeasible,fedcvar,0.80,0.20,4,4000,500,0,,91.9596,tier2,96.7755,87.7235,96.7755,79.4138,76.112,94.6421,imdbwiki_infeasible_fedcvar_a0.80_g0.20_seed4.csv.gz
imdbwiki,infeasible,fedcvar,0.80,0.30,0,4000,500,0,,90.9769,tier2,97.7466,85.3215,97.7466,80.3072,74.4489,96.231,imdbwiki_infeasible_fedcvar_a0.80_g0.30_seed0.csv.gz
imdbwiki,infeasible,fedcvar,0.80,0.30,1,4000,500,0,,92.36,tier2,97.1663,88.2929,97.1663,77.8753,74.3701,96.0021,imdbwiki_infeasible_fedcvar_a0.80_g0.30_seed1.csv.gz
imdbwiki,infeasible,fedcvar,0.80,0.30,2,4000,500,0,,92.1578,tier2,96.1378,88.1829,96.1378,78.6526,75.1619,95.4563,imdbwiki_infeasible_fedcvar_a0.80_g0.30_seed2.csv.gz
imdbwiki,infeasible,fedcvar,0.80,0.30,3,4000,500,0,,92.6503,tier2,97.7085,88.0839,97.7085,77.5136,74.4431,95.5975,imdbwiki_infeasible_fedcvar_a0.80_g0.30_seed3.csv.gz
imdbwiki,infeasible,fedcvar,0.80,0.30,4,4000,500,0,,91.8466,tier2,96.721,87.5318,96.721,79.2868,75.7106,94.7072,imdbwiki_infeasible_fedcvar_a0.80_g0.30_seed4.csv.gz
imdbwiki,infeasible,fedcvar,0.80,0.40,0,4000,500,0,,90.8889,tier2,97.7425,85.1437,97.7425,80.2237,74.1047,96.2631,imdbwiki_infeasible_fedcvar_a0.80_g0.40_seed0.csv.gz
imdbwiki,infeasible,fedcvar,0.80,0.40,1,4000,500,0,,92.2458,tier2,97.1226,88.0974,97.1226,77.7905,74.0102,96.0622,imdbwiki_infeasible_fedcvar_a0.80_g0.40_seed1.csv.gz
imdbwiki,infeasible,fedcvar,0.80,0.40,2,4000,500,0,,92.0328,tier2,96.1186,87.9509,96.1186,78.559,74.8174,95.5327,imdbwiki_infeasible_fedcvar_a0.80_g0.40_seed2.csv.gz
imdbwiki,infeasible,fedcvar,0.80,0.40,3,4000,500,0,,92.557,tier2,97.7194,87.8769,97.7194,77.4559,74.0384,95.7093,imdbwiki_infeasible_fedcvar_a0.80_g0.40_seed3.csv.gz
imdbwiki,infeasible,fedcvar,0.80,0.40,4,4000,500,0,,91.7431,tier2,96.6728,87.3474,96.6728,79.176,75.3324,94.8016,imdbwiki_infeasible_fedcvar_a0.80_g0.40_seed4.csv.gz
imdbwiki,infeasible,fedcvar,0.80,0.50,0,4000,500,0,,90.8224,tier2,97.7539,84.984,97.7539,80.1692,73.7702,96.3119,imdbwiki_infeasible_fedcvar_a0.80_g0.50_seed0.csv.gz
imdbwiki,infeasible,fedcvar,0.80,0.50,1,4000,500,0,,92.1472,tier2,97.1078,87.9066,97.1078,77.727,73.6299,96.1649,imdbwiki_infeasible_fedcvar_a0.80_g0.50_seed1.csv.gz
imdbwiki,infeasible,fedcvar,0.80,0.50,2,4000,500,0,,91.9274,tier2,96.1257,87.7323,96.1257,78.4933,74.4603,95.6376,imdbwiki_infeasible_fedcvar_a0.80_g0.50_seed2.csv.gz
imdbwiki,infeasible,fedcvar,0.80,0.50,3,4000,500,0,,92.4839,tier2,97.7439,87.69,97.7439,77.4229,73.6558,95.8502,imdbwiki_infeasible_fedcvar_a0.80_g0.50_seed3.csv.gz
imdbwiki,infeasible,fedcvar,0.80,0.50,4,4000,500,0,,91.6507,tier2,96.6427,87.1631,96.6427,79.0985,74.9344,94.9288,imdbwiki_infeasible_fedcvar_a0.80_g0.50_seed4.csv.gz
imdbwiki,infeasible,fedcvar,0.80,0.60,0,4000,500,0,,90.7654,tier2,97.78,84.8264,97.78,80.1329,73.4191,96.4054,imdbwiki_infeasible_fedcvar_a0.80_g0.60_seed0.csv.gz
imdbwiki,infeasible,fedcvar,0.80,0.60,1,4000,500,0,,92.0596,tier2,97.1047,87.7246,97.1047,77.6943,73.2563,96.2891,imdbwiki_infeasible_fedcvar_a0.80_g0.60_seed1.csv.gz
imdbwiki,infeasible,fedcvar,0.80,0.60,2,4000,500,0,,91.8334,tier2,96.1399,87.5196,96.1399,78.4443,74.0783,95.8057,imdbwiki_infeasible_fedcvar_a0.80_g0.60_seed2.csv.gz
imdbwiki,infeasible,fedcvar,0.80,0.60,3,4000,500,0,,92.4342,tier2,97.7959,87.5198,97.7959,77.4124,73.2558,96.0539,imdbwiki_infeasible_fedcvar_a0.80_g0.60_seed3.csv.gz
imdbwiki,infeasible,fedcvar,0.80,0.60,4,4000,500,0,,91.5691,tier2,96.633,86.9718,96.633,79.0424,74.5119,95.1176,imdbwiki_infeasible_fedcvar_a0.80_g0.60_seed4.csv.gz
imdbwiki,infeasible,fedcvar,0.80,0.70,0,4000,500,0,,90.7342,tier2,97.8333,84.6842,97.8333,80.1264,73.0316,96.5462,imdbwiki_infeasible_fedcvar_a0.80_g0.70_seed0.csv.gz
imdbwiki,infeasible,fedcvar,0.80,0.70,1,4000,500,0,,91.9859,tier2,97.1276,87.5427,97.1276,77.6906,72.8369,96.4896,imdbwiki_infeasible_fedcvar_a0.80_g0.70_seed1.csv.gz
imdbwiki,infeasible,fedcvar,0.80,0.70,2,4000,500,0,,91.7618,tier2,96.1847,87.3106,96.1847,78.442,73.6585,96.0219,imdbwiki_infeasible_fedcvar_a0.80_g0.70_seed2.csv.gz
imdbwiki,infeasible,fedcvar,0.80,0.70,3,4000,500,0,,92.4183,tier2,97.8919,87.3634,97.8919,77.4367,72.8138,96.3478,imdbwiki_infeasible_fedcvar_a0.80_g0.70_seed3.csv.gz
imdbwiki,infeasible,fedcvar,0.80,0.70,4,4000,500,0,,91.5102,tier2,96.6788,86.7634,96.6788,79.0404,74.0366,95.3693,imdbwiki_infeasible_fedcvar_a0.80_g0.70_seed4.csv.gz
imdbwiki,infeasible,fedcvar,0.80,0.80,0,4000,500,0,,90.7404,tier2,97.8969,84.589,97.8969,80.1272,72.6505,96.7181,imdbwiki_infeasible_fedcvar_a0.80_g0.80_seed0.csv.gz
imdbwiki,infeasible,fedcvar,0.80,0.80,1,4000,500,0,,91.9327,tier2,97.1653,87.3766,97.1653,77.7068,72.4293,96.7702,imdbwiki_infeasible_fedcvar_a0.80_g0.80_seed1.csv.gz
imdbwiki,infeasible,fedcvar,0.80,0.80,2,4000,500,0,,91.7136,tier5,96.3398,87.113,96.2368,78.4701,73.226,96.3398,imdbwiki_infeasible_fedcvar_a0.80_g0.80_seed2.csv.gz
imdbwiki,infeasible,fedcvar,0.80,0.80,3,4000,500,0,,92.4517,tier2,97.9778,87.258,97.9778,77.525,72.3518,96.7105,imdbwiki_infeasible_fedcvar_a0.80_g0.80_seed3.csv.gz
imdbwiki,infeasible,fedcvar,0.80,0.80,4,4000,500,0,,91.483,tier2,96.7363,86.5778,96.7363,79.093,73.5326,95.7123,imdbwiki_infeasible_fedcvar_a0.80_g0.80_seed4.csv.gz
imdbwiki,infeasible,fedcvar,0.80,0.90,0,4000,500,0,,90.7361,tier2,97.9272,84.5043,97.9272,80.143,72.3995,96.8371,imdbwiki_infeasible_fedcvar_a0.80_g0.90_seed0.csv.gz
imdbwiki,infeasible,fedcvar,0.80,0.90,1,4000,500,0,,91.8975,tier2,97.2182,87.2172,97.2182,77.7619,72.1143,96.9258,imdbwiki_infeasible_fedcvar_a0.80_g0.90_seed1.csv.gz
imdbwiki,infeasible,fedcvar,0.80,0.90,2,4000,500,0,,91.6756,tier5,96.5487,86.9267,96.3437,78.5089,72.9234,96.5487,imdbwiki_infeasible_fedcvar_a0.80_g0.90_seed2.csv.gz
imdbwiki,infeasible,fedcvar,0.80,0.90,3,4000,500,0,,92.4651,tier2,98.0595,87.1541,98.0595,77.6228,72.0333,96.9489,imdbwiki_infeasible_fedcvar_a0.80_g0.90_seed3.csv.gz
imdbwiki,infeasible,fedcvar,0.80,0.90,4,4000,500,0,,91.4665,tier2,96.7969,86.4514,96.7969,79.1331,73.1922,95.8984,imdbwiki_infeasible_fedcvar_a0.80_g0.90_seed4.csv.gz
imdbwiki,infeasible,fedcvar,0.80,1.00,0,4000,500,0,,90.7275,tier2,97.9488,84.4845,97.9488,80.1105,72.3486,96.8193,imdbwiki_infeasible_fedcvar_a0.80_g1.00_seed0.csv.gz
imdbwiki,infeasible,fedcvar,0.80,1.00,1,4000,500,0,,91.8686,tier2,97.2239,87.175,97.2239,77.7396,72.0751,96.912,imdbwiki_infeasible_fedcvar_a0.80_g1.00_seed1.csv.gz
imdbwiki,infeasible,fedcvar,0.80,1.00,2,4000,500,0,,91.6531,tier5,96.5401,86.8821,96.3735,78.484,72.8631,96.5401,imdbwiki_infeasible_fedcvar_a0.80_g1.00_seed2.csv.gz
imdbwiki,infeasible,fedcvar,0.80,1.00,3,4000,500,0,,92.4588,tier2,98.1013,87.1287,98.1013,77.6035,71.9936,96.9195,imdbwiki_infeasible_fedcvar_a0.80_g1.00_seed3.csv.gz
imdbwiki,infeasible,fedcvar,0.80,1.00,4,4000,500,0,,91.4396,tier2,96.7976,86.4175,96.7976,79.1035,73.1685,95.8607,imdbwiki_infeasible_fedcvar_a0.80_g1.00_seed4.csv.gz
imdbwiki,infeasible,fedcvar,0.90,0.10,0,4000,500,0,,90.824,tier2,97.6073,84.9139,97.6073,80.3069,73.1871,96.6304,imdbwiki_infeasible_fedcvar_a0.90_g0.10_seed0.csv.gz
imdbwiki,infeasible,fedcvar,0.90,0.10,1,4000,500,0,,92.1308,tier2,96.9034,87.8571,96.9034,77.8964,72.9816,96.7835,imdbwiki_infeasible_fedcvar_a0.90_g0.10_seed1.csv.gz
imdbwiki,infeasible,fedcvar,0.90,0.10,2,4000,500,0,,91.8634,tier5,96.3518,87.6102,95.8304,78.6394,73.8516,96.3518,imdbwiki_infeasible_fedcvar_a0.90_g0.10_seed2.csv.gz
imdbwiki,infeasible,fedcvar,0.90,0.10,3,4000,500,0,,92.6019,tier2,97.5426,87.7688,97.5426,77.6742,72.9224,96.6083,imdbwiki_infeasible_fedcvar_a0.90_g0.10_seed3.csv.gz
imdbwiki,infeasible,fedcvar,0.90,0.10,4,4000,500,0,,91.6385,tier2,96.4225,87.0617,96.4225,79.2781,74.3708,95.7102,imdbwiki_infeasible_fedcvar_a0.90_g0.10_seed4.csv.gz
imdbwiki,infeasible,fedcvar,0.90,0.20,0,4000,500,0,,90.7949,tier2,97.6307,84.8452,97.6307,80.2754,73.0789,96.6283,imdbwiki_infeasible_fedcvar_a0.90_g0.20_seed0.csv.gz
imdbwiki,infeasible,fedcvar,0.90,0.20,1,4000,500,0,,92.0853,tier2,96.9173,87.7643,96.9173,77.8721,72.8682,96.7731,imdbwiki_infeasible_fedcvar_a0.90_g0.20_seed1.csv.gz
imdbwiki,infeasible,fedcvar,0.90,0.20,2,4000,500,0,,91.8228,tier5,96.3495,87.5093,95.876,78.603,73.7206,96.3495,imdbwiki_infeasible_fedcvar_a0.90_g0.20_seed2.csv.gz
imdbwiki,infeasible,fedcvar,0.90,0.20,3,4000,500,0,,92.57,tier2,97.6034,87.6744,97.6034,77.6358,72.7902,96.6131,imdbwiki_infeasible_fedcvar_a0.90_g0.20_seed3.csv.gz
imdbwiki,infeasible,fedcvar,0.90,0.20,4,4000,500,0,,91.5968,tier2,96.4562,86.9619,96.4562,79.2332,74.2029,95.7183,imdbwiki_infeasible_fedcvar_a0.90_g0.20_seed4.csv.gz
imdbwiki,infeasible,fedcvar,0.90,0.30,0,4000,500,0,,90.7721,tier2,97.6618,84.7795,97.6618,80.2452,72.9675,96.6418,imdbwiki_infeasible_fedcvar_a0.90_g0.30_seed0.csv.gz
imdbwiki,infeasible,fedcvar,0.90,0.30,1,4000,500,0,,92.0453,tier2,96.9484,87.6732,96.9484,77.8395,72.752,96.7764,imdbwiki_infeasible_fedcvar_a0.90_g0.30_seed1.csv.gz
imdbwiki,infeasible,fedcvar,0.90,0.30,2,4000,500,0,,91.7787,tier5,96.3691,87.3959,95.9337,78.5649,73.5891,96.3691,imdbwiki_infeasible_fedcvar_a0.90_g0.30_seed2.csv.gz
imdbwiki,infeasible,fedcvar,0.90,0.30,3,4000,500,0,,92.5425,tier2,97.6558,87.5913,97.6558,77.6153,72.6701,96.6281,imdbwiki_infeasible_fedcvar_a0.90_g0.30_seed3.csv.gz
imdbwiki,infeasible,fedcvar,0.90,0.30,4,4000,500,0,,91.5604,tier2,96.4885,86.8684,96.4885,79.2015,74.0358,95.7262,imdbwiki_infeasible_fedcvar_a0.90_g0.30_seed4.csv.gz
imdbwiki,infeasible,fedcvar,0.90,0.40,0,4000,500,0,,90.7536,tier2,97.6999,84.719,97.6999,80.2132,72.8578,96.662,imdbwiki_infeasible_fedcvar_a0.90_g0.40_seed0.csv.gz
imdbwiki,infeasible,fedcvar,0.90,0.40,1,4000,500,0,,92.007,tier2,96.9825,87.5818,96.9825,77.8132,72.6354,96.7883,imdbwiki_infeasible_fedcvar_a0.90_g0.40_seed1.csv.gz
imdbwiki,infeasible,fedcvar,0.90,0.40,2,4000,500,0,,91.7481,tier5,96.3708,87.3086,95.9814,78.5472,73.472,96.3708,imdbwiki_infeasible_fedcvar_a0.90_g0.40_seed2.csv.gz
imdbwiki,infeasible,fedcvar,0.90,0.40,3,4000,500,0,,92.5213,tier2,97.7091,87.5142,97.7091,77.6044,72.548,96.6468,imdbwiki_infeasible_fedcvar_a0.90_g0.40_seed3.csv.gz
imdbwiki,infeasible,fedcvar,0.90,0.40,4,4000,500,0,,91.5255,tier2,96.5259,86.774,96.5259,79.1741,73.8742,95.7481,imdbwiki_infeasible_fedcvar_a0.90_g0.40_seed4.csv.gz
imdbwiki,infeasible,fedcvar,0.90,0.50,0,4000,500,0,,90.7342,tier2,97.7328,84.6574,97.7328,80.1908,72.7598,96.6794,imdbwiki_infeasible_fedcvar_a0.90_g0.50_seed0.csv.gz
imdbwiki,infeasible,fedcvar,0.90,0.50,1,4000,500,0,,91.9718,tier2,97.016,87.4913,97.016,77.7933,72.516,96.8105,imdbwiki_infeasible_fedcvar_a0.90_g0.50_seed1.csv.gz
imdbwiki,infeasible,fedcvar,0.90,0.50,2,4000,500,0,,91.7161,tier5,96.3979,87.2075,96.0439,78.5269,73.3425,96.3979,imdbwiki_infeasible_fedcvar_a0.90_g0.50_seed2.csv.gz
imdbwiki,infeasible,fedcvar,0.90,0.50,3,4000,500,0,,92.4944,tier2,97.7663,87.4235,97.7663,77.6006,72.4245,96.6889,imdbwiki_infeasible_fedcvar_a0.90_g0.50_seed3.csv.gz
imdbwiki,infeasible,fedcvar,0.90,0.50,4,4000,500,0,,91.4983,tier2,96.5652,86.6895,96.5652,79.1608,73.7174,95.7738,imdbwiki_infeasible_fedcvar_a0.90_g0.50_seed4.csv.gz
imdbwiki,infeasible,fedcvar,0.90,0.60,0,4000,500,0,,90.7221,tier2,97.7704,84.6011,97.7704,80.1747,72.6525,96.7017,imdbwiki_infeasible_fedcvar_a0.90_g0.60_seed0.csv.gz
imdbwiki,infeasible,fedcvar,0.90,0.60,1,4000,500,0,,91.9347,tier2,97.0527,87.3924,97.0527,77.7898,72.3892,96.847,imdbwiki_infeasible_fedcvar_a0.90_g0.60_seed1.csv.gz
imdbwiki,infeasible,fedcvar,0.90,0.60,2,4000,500,0,,91.6873,tier5,96.4332,87.1078,96.109,78.5184,73.2148,96.4332,imdbwiki_infeasible_fedcvar_a0.90_g0.60_seed2.csv.gz
imdbwiki,infeasible,fedcvar,0.90,0.60,3,4000,500,0,,92.4726,tier2,97.8253,87.3351,97.8253,77.6074,72.3009,96.7525,imdbwiki_infeasible_fedcvar_a0.90_g0.60_seed3.csv.gz
imdbwiki,infeasible,fedcvar,0.90,0.60,4,4000,500,0,,91.4687,tier2,96.6053,86.5965,96.6053,79.157,73.5592,95.8134,imdbwiki_infeasible_fedcvar_a0.90_g0.60_seed4.csv.gz
imdbwiki,infeasible,fedcvar,0.90,0.70,0,4000,500,0,,90.7117,tier2,97.8185,84.5354,97.8185,80.164,72.5372,96.7583,imdbwiki_infeasible_fedcvar_a0.90_g0.70_seed0.csv.gz
imdbwiki,infeasible,fedcvar,0.90,0.70,1,4000,500,0,,91.9035,tier2,97.1042,87.2892,97.1042,77.7994,72.2454,96.8887,imdbwiki_infeasible_fedcvar_a0.90_g0.70_seed1.csv.gz
imdbwiki,infeasible,fedcvar,0.90,0.70,2,4000,500,0,,91.6654,tier5,96.4897,86.9955,96.2025,78.5223,73.0693,96.4897,imdbwiki_infeasible_fedcvar_a0.90_g0.70_seed2.csv.gz
imdbwiki,infeasible,fedcvar,0.90,0.70,3,4000,500,0,,92.4436,tier2,97.8996,87.2175,97.8996,77.6256,72.1628,96.8625,imdbwiki_infeasible_fedcvar_a0.90_g0.70_seed3.csv.gz
imdbwiki,infeasible,fedcvar,0.90,0.70,4,4000,500,0,,91.4475,tier2,96.6713,86.4958,96.6713,79.1671,73.3633,95.8726,imdbwiki_infeasible_fedcvar_a0.90_g0.70_seed4.csv.gz
imdbwiki,infeasible,fedcvar,0.90,0.80,0,4000,500,0,,90.7426,tier2,97.9417,84.5077,97.9417,80.132,72.3822,96.8379,imdbwiki_infeasible_fedcvar_a0.90_g0.80_seed0.csv.gz
imdbwiki,infeasible,fedcvar,0.90,0.80,1,4000,500,0,,91.8972,tier2,97.2328,87.2104,97.2328,77.7548,72.0959,96.9307,imdbwiki_infeasible_fedcvar_a0.90_g0.80_seed1.csv.gz
imdbwiki,infeasible,fedcvar,0.90,0.80,2,4000,500,0,,91.6795,tier5,96.5518,86.9226,96.3626,78.5046,72.9024,96.5518,imdbwiki_infeasible_fedcvar_a0.90_g0.80_seed2.csv.gz
imdbwiki,infeasible,fedcvar,0.90,0.80,3,4000,500,0,,92.4786,tier2,98.0811,87.1656,98.0811,77.6072,72.007,96.9612,imdbwiki_infeasible_fedcvar_a0.90_g0.80_seed3.csv.gz
imdbwiki,infeasible,fedcvar,0.90,0.80,4,4000,500,0,,91.4667,tier2,96.8062,86.448,96.8062,79.128,73.1838,95.8895,imdbwiki_infeasible_fedcvar_a0.90_g0.80_seed4.csv.gz
imdbwiki,infeasible,fedcvar,0.90,0.90,0,4000,500,0,,90.7372,tier2,97.9556,84.4938,97.9556,80.125,72.3608,96.8314,imdbwiki_infeasible_fedcvar_a0.90_g0.90_seed0.csv.gz
imdbwiki,infeasible,fedcvar,0.90,0.90,1,4000,500,0,,91.8806,tier2,97.2305,87.1882,97.2305,77.7478,72.0836,96.9249,imdbwiki_infeasible_fedcvar_a0.90_g0.90_seed1.csv.gz
imdbwiki,infeasible,fedcvar,0.90,0.90,2,4000,500,0,,91.666,tier5,96.5501,86.8993,96.3742,78.495,72.8776,96.5501,imdbwiki_infeasible_fedcvar_a0.90_g0.90_seed2.csv.gz
imdbwiki,infeasible,fedcvar,0.90,0.90,3,4000,500,0,,92.4699,tier2,98.1069,87.1409,98.1069,77.6136,72.0019,96.9384,imdbwiki_infeasible_fedcvar_a0.90_g0.90_seed3.csv.gz
imdbwiki,infeasible,fedcvar,0.90,0.90,4,4000,500,0,,91.4507,tier2,96.8045,86.4275,96.8045,79.1188,73.1766,95.8736,imdbwiki_infeasible_fedcvar_a0.90_g0.90_seed4.csv.gz
imdbwiki,infeasible,fedcvar,0.90,1.00,0,4000,500,0,,90.7275,tier2,97.9488,84.4845,97.9488,80.1105,72.3486,96.8193,imdbwiki_infeasible_fedcvar_a0.90_g1.00_seed0.csv.gz
imdbwiki,infeasible,fedcvar,0.90,1.00,1,4000,500,0,,91.8686,tier2,97.2239,87.175,97.2239,77.7396,72.0751,96.912,imdbwiki_infeasible_fedcvar_a0.90_g1.00_seed1.csv.gz
imdbwiki,infeasible,fedcvar,0.90,1.00,2,4000,500,0,,91.6531,tier5,96.5401,86.8821,96.3735,78.484,72.8631,96.5401,imdbwiki_infeasible_fedcvar_a0.90_g1.00_seed2.csv.gz
imdbwiki,infeasible,fedcvar,0.90,1.00,3,4000,500,0,,92.4588,tier2,98.1013,87.1287,98.1013,77.6035,71.9936,96.9195,imdbwiki_infeasible_fedcvar_a0.90_g1.00_seed3.csv.gz
imdbwiki,infeasible,fedcvar,0.90,1.00,4,4000,500,0,,91.4396,tier2,96.7976,86.4175,96.7976,79.1035,73.1685,95.8607,imdbwiki_infeasible_fedcvar_a0.90_g1.00_seed4.csv.gz
imdbwiki,infeasible,fedcvar,1.00,0.10,0,4000,500,0,,90.7275,tier2,97.9488,84.4845,97.9488,80.1105,72.3486,96.8193,imdbwiki_infeasible_fedcvar_a1.00_g0.10_seed0.csv.gz
imdbwiki,infeasible,fedcvar,1.00,0.10,1,4000,500,0,,91.8686,tier2,97.2239,87.175,97.2239,77.7396,72.0751,96.912,imdbwiki_infeasible_fedcvar_a1.00_g0.10_seed1.csv.gz
imdbwiki,infeasible,fedcvar,1.00,0.10,2,4000,500,0,,91.6531,tier5,96.5401,86.8821,96.3735,78.484,72.8631,96.5401,imdbwiki_infeasible_fedcvar_a1.00_g0.10_seed2.csv.gz
imdbwiki,infeasible,fedcvar,1.00,0.10,3,4000,500,0,,92.4588,tier2,98.1013,87.1287,98.1013,77.6035,71.9936,96.9195,imdbwiki_infeasible_fedcvar_a1.00_g0.10_seed3.csv.gz
imdbwiki,infeasible,fedcvar,1.00,0.10,4,4000,500,0,,91.4396,tier2,96.7976,86.4175,96.7976,79.1035,73.1685,95.8607,imdbwiki_infeasible_fedcvar_a1.00_g0.10_seed4.csv.gz
imdbwiki,infeasible,fedcvar,1.00,0.20,0,4000,500,0,,90.7275,tier2,97.9488,84.4845,97.9488,80.1105,72.3486,96.8193,imdbwiki_infeasible_fedcvar_a1.00_g0.20_seed0.csv.gz
imdbwiki,infeasible,fedcvar,1.00,0.20,1,4000,500,0,,91.8686,tier2,97.2239,87.175,97.2239,77.7396,72.0751,96.912,imdbwiki_infeasible_fedcvar_a1.00_g0.20_seed1.csv.gz
imdbwiki,infeasible,fedcvar,1.00,0.20,2,4000,500,0,,91.6531,tier5,96.5401,86.8821,96.3735,78.484,72.8631,96.5401,imdbwiki_infeasible_fedcvar_a1.00_g0.20_seed2.csv.gz
imdbwiki,infeasible,fedcvar,1.00,0.20,3,4000,500,0,,92.4588,tier2,98.1013,87.1287,98.1013,77.6035,71.9936,96.9195,imdbwiki_infeasible_fedcvar_a1.00_g0.20_seed3.csv.gz
imdbwiki,infeasible,fedcvar,1.00,0.20,4,4000,500,0,,91.4396,tier2,96.7976,86.4175,96.7976,79.1035,73.1685,95.8607,imdbwiki_infeasible_fedcvar_a1.00_g0.20_seed4.csv.gz
imdbwiki,infeasible,fedcvar,1.00,0.30,0,4000,500,0,,90.7275,tier2,97.9488,84.4845,97.9488,80.1105,72.3486,96.8193,imdbwiki_infeasible_fedcvar_a1.00_g0.30_seed0.csv.gz
imdbwiki,infeasible,fedcvar,1.00,0.30,1,4000,500,0,,91.8686,tier2,97.2239,87.175,97.2239,77.7396,72.0751,96.912,imdbwiki_infeasible_fedcvar_a1.00_g0.30_seed1.csv.gz
imdbwiki,infeasible,fedcvar,1.00,0.30,2,4000,500,0,,91.6531,tier5,96.5401,86.8821,96.3735,78.484,72.8631,96.5401,imdbwiki_infeasible_fedcvar_a1.00_g0.30_seed2.csv.gz
imdbwiki,infeasible,fedcvar,1.00,0.30,3,4000,500,0,,92.4588,tier2,98.1013,87.1287,98.1013,77.6035,71.9936,96.9195,imdbwiki_infeasible_fedcvar_a1.00_g0.30_seed3.csv.gz
imdbwiki,infeasible,fedcvar,1.00,0.30,4,4000,500,0,,91.4396,tier2,96.7976,86.4175,96.7976,79.1035,73.1685,95.8607,imdbwiki_infeasible_fedcvar_a1.00_g0.30_seed4.csv.gz
imdbwiki,infeasible,fedcvar,1.00,0.40,0,4000,500,0,,90.7275,tier2,97.9488,84.4845,97.9488,80.1105,72.3486,96.8193,imdbwiki_infeasible_fedcvar_a1.00_g0.40_seed0.csv.gz
imdbwiki,infeasible,fedcvar,1.00,0.40,1,4000,500,0,,91.8686,tier2,97.2239,87.175,97.2239,77.7396,72.0751,96.912,imdbwiki_infeasible_fedcvar_a1.00_g0.40_seed1.csv.gz
imdbwiki,infeasible,fedcvar,1.00,0.40,2,4000,500,0,,91.6531,tier5,96.5401,86.8821,96.3735,78.484,72.8631,96.5401,imdbwiki_infeasible_fedcvar_a1.00_g0.40_seed2.csv.gz
imdbwiki,infeasible,fedcvar,1.00,0.40,3,4000,500,0,,92.4588,tier2,98.1013,87.1287,98.1013,77.6035,71.9936,96.9195,imdbwiki_infeasible_fedcvar_a1.00_g0.40_seed3.csv.gz
imdbwiki,infeasible,fedcvar,1.00,0.40,4,4000,500,0,,91.4396,tier2,96.7976,86.4175,96.7976,79.1035,73.1685,95.8607,imdbwiki_infeasible_fedcvar_a1.00_g0.40_seed4.csv.gz
imdbwiki,infeasible,fedcvar,1.00,0.50,0,4000,500,0,,90.7275,tier2,97.9488,84.4845,97.9488,80.1105,72.3486,96.8193,imdbwiki_infeasible_fedcvar_a1.00_g0.50_seed0.csv.gz
imdbwiki,infeasible,fedcvar,1.00,0.50,1,4000,500,0,,91.8686,tier2,97.2239,87.175,97.2239,77.7396,72.0751,96.912,imdbwiki_infeasible_fedcvar_a1.00_g0.50_seed1.csv.gz
imdbwiki,infeasible,fedcvar,1.00,0.50,2,4000,500,0,,91.6531,tier5,96.5401,86.8821,96.3735,78.484,72.8631,96.5401,imdbwiki_infeasible_fedcvar_a1.00_g0.50_seed2.csv.gz
imdbwiki,infeasible,fedcvar,1.00,0.50,3,4000,500,0,,92.4588,tier2,98.1013,87.1287,98.1013,77.6035,71.9936,96.9195,imdbwiki_infeasible_fedcvar_a1.00_g0.50_seed3.csv.gz
imdbwiki,infeasible,fedcvar,1.00,0.50,4,4000,500,0,,91.4396,tier2,96.7976,86.4175,96.7976,79.1035,73.1685,95.8607,imdbwiki_infeasible_fedcvar_a1.00_g0.50_seed4.csv.gz
imdbwiki,infeasible,fedcvar,1.00,0.60,0,4000,500,0,,90.7275,tier2,97.9488,84.4845,97.9488,80.1105,72.3486,96.8193,imdbwiki_infeasible_fedcvar_a1.00_g0.60_seed0.csv.gz
imdbwiki,infeasible,fedcvar,1.00,0.60,1,4000,500,0,,91.8686,tier2,97.2239,87.175,97.2239,77.7396,72.0751,96.912,imdbwiki_infeasible_fedcvar_a1.00_g0.60_seed1.csv.gz
imdbwiki,infeasible,fedcvar,1.00,0.60,2,4000,500,0,,91.6531,tier5,96.5401,86.8821,96.3735,78.484,72.8631,96.5401,imdbwiki_infeasible_fedcvar_a1.00_g0.60_seed2.csv.gz
imdbwiki,infeasible,fedcvar,1.00,0.60,3,4000,500,0,,92.4588,tier2,98.1013,87.1287,98.1013,77.6035,71.9936,96.9195,imdbwiki_infeasible_fedcvar_a1.00_g0.60_seed3.csv.gz
imdbwiki,infeasible,fedcvar,1.00,0.60,4,4000,500,0,,91.4396,tier2,96.7976,86.4175,96.7976,79.1035,73.1685,95.8607,imdbwiki_infeasible_fedcvar_a1.00_g0.60_seed4.csv.gz
imdbwiki,infeasible,fedcvar,1.00,0.70,0,4000,500,0,,90.7275,tier2,97.9488,84.4845,97.9488,80.1105,72.3486,96.8193,imdbwiki_infeasible_fedcvar_a1.00_g0.70_seed0.csv.gz
imdbwiki,infeasible,fedcvar,1.00,0.70,1,4000,500,0,,91.8686,tier2,97.2239,87.175,97.2239,77.7396,72.0751,96.912,imdbwiki_infeasible_fedcvar_a1.00_g0.70_seed1.csv.gz
imdbwiki,infeasible,fedcvar,1.00,0.70,2,4000,500,0,,91.6531,tier5,96.5401,86.8821,96.3735,78.484,72.8631,96.5401,imdbwiki_infeasible_fedcvar_a1.00_g0.70_seed2.csv.gz
imdbwiki,infeasible,fedcvar,1.00,0.70,3,4000,500,0,,92.4588,tier2,98.1013,87.1287,98.1013,77.6035,71.9936,96.9195,imdbwiki_infeasible_fedcvar_a1.00_g0.70_seed3.csv.gz
imdbwiki,infeasible,fedcvar,1.00,0.70,4,4000,500,0,,91.4396,tier2,96.7976,86.4175,96.7976,79.1035,73.1685,95.8607,imdbwiki_infeasible_fedcvar_a1.00_g0.70_seed4.csv.gz
imdbwiki,infeasible,fedcvar,1.00,0.80,0,4000,500,0,,90.7275,tier2,97.9488,84.4845,97.9488,80.1105,72.3486,96.8193,imdbwiki_infeasible_fedcvar_a1.00_g0.80_seed0.csv.gz
imdbwiki,infeasible,fedcvar,1.00,0.80,1,4000,500,0,,91.8686,tier2,97.2239,87.175,97.2239,77.7396,72.0751,96.912,imdbwiki_infeasible_fedcvar_a1.00_g0.80_seed1.csv.gz
imdbwiki,infeasible,fedcvar,1.00,0.80,2,4000,500,0,,91.6531,tier5,96.5401,86.8821,96.3735,78.484,72.8631,96.5401,imdbwiki_infeasible_fedcvar_a1.00_g0.80_seed2.csv.gz
imdbwiki,infeasible,fedcvar,1.00,0.80,3,4000,500,0,,92.4588,tier2,98.1013,87.1287,98.1013,77.6035,71.9936,96.9195,imdbwiki_infeasible_fedcvar_a1.00_g0.80_seed3.csv.gz
imdbwiki,infeasible,fedcvar,1.00,0.80,4,4000,500,0,,91.4396,tier2,96.7976,86.4175,96.7976,79.1035,73.1685,95.8607,imdbwiki_infeasible_fedcvar_a1.00_g0.80_seed4.csv.gz
imdbwiki,infeasible,fedcvar,1.00,0.90,0,4000,500,0,,90.7275,tier2,97.9488,84.4845,97.9488,80.1105,72.3486,96.8193,imdbwiki_infeasible_fedcvar_a1.00_g0.90_seed0.csv.gz
imdbwiki,infeasible,fedcvar,1.00,0.90,1,4000,500,0,,91.8686,tier2,97.2239,87.175,97.2239,77.7396,72.0751,96.912,imdbwiki_infeasible_fedcvar_a1.00_g0.90_seed1.csv.gz
imdbwiki,infeasible,fedcvar,1.00,0.90,2,4000,500,0,,91.6531,tier5,96.5401,86.8821,96.3735,78.484,72.8631,96.5401,imdbwiki_infeasible_fedcvar_a1.00_g0.90_seed2.csv.gz
imdbwiki,infeasible,fedcvar,1.00,0.90,3,4000,500,0,,92.4588,tier2,98.1013,87.1287,98.1013,77.6035,71.9936,96.9195,imdbwiki_infeasible_fedcvar_a1.00_g0.90_seed3.csv.gz
imdbwiki,infeasible,fedcvar,1.00,0.90,4,4000,500,0,,91.4396,tier2,96.7976,86.4175,96.7976,79.1035,73.1685,95.8607,imdbwiki_infeasible_fedcvar_a1.00_g0.90_seed4.csv.gz
imdbwiki,infeasible,fedcvar,1.00,1.00,0,4000,500,0,,90.7275,tier2,97.9488,84.4845,97.9488,80.1105,72.3486,96.8193,imdbwiki_infeasible_fedcvar_a1.00_g1.00_seed0.csv.gz
imdbwiki,infeasible,fedcvar,1.00,1.00,1,4000,500,0,,91.8686,tier2,97.2239,87.175,97.2239,77.7396,72.0751,96.912,imdbwiki_infeasible_fedcvar_a1.00_g1.00_seed1.csv.gz
imdbwiki,infeasible,fedcvar,1.00,1.00,2,4000,500,0,,91.6531,tier5,96.5401,86.8821,96.3735,78.484,72.8631,96.5401,imdbwiki_infeasible_fedcvar_a1.00_g1.00_seed2.csv.gz
imdbwiki,infeasible,fedcvar,1.00,1.00,3,4000,500,0,,92.4588,tier2,98.1013,87.1287,98.1013,77.6035,71.9936,96.9195,imdbwiki_infeasible_fedcvar_a1.00_g1.00_seed3.csv.gz
imdbwiki,infeasible,fedcvar,1.00,1.00,4,4000,500,0,,91.4396,tier2,96.7976,86.4175,96.7976,79.1035,73.1685,95.8607,imdbwiki_infeasible_fedcvar_a1.00_g1.00_seed4.csv.gz
imdbwiki,infeasible,full,,,0,4000,500,0,,82.9485,tier5,116.685,72.2286,97.2311,91.0512,90.3402,116.685,imdbwiki_infeasible_full_seed0.csv.gz
imdbwiki,infeasible,full,,,1,4000,500,0,,82.9485,tier5,116.685,72.2286,97.2311,91.0512,90.3402,116.685,imdbwiki_infeasible_full_seed1.csv.gz
imdbwiki,infeasible,full,,,2,4000,500,0,,82.9485,tier5,116.685,72.2286,97.2311,91.0512,90.3402,116.685,imdbwiki_infeasible_full_seed2.csv.gz
imdbwiki,infeasible,full,,,3,4000,500,0,,82.9485,tier5,116.685,72.2286,97.2311,91.0512,90.3402,116.685,imdbwiki_infeasible_full_seed3.csv.gz
imdbwiki,infeasible,full,,,4,4000,500,0,,82.9485,tier5,116.685,72.2286,97.2311,91.0512,90.3402,116.685,imdbwiki_infeasible_full_seed4.csv.gz
imdbwiki,infeasible,downsample,,,0,4000,500,0,,86.1997,tier5,111.208,78.3556,94.936,83.5515,82.8449,111.208,imdbwiki_infeasible_downsample_seed0.csv.gz
imdbwiki,infeasible,downsample,,,1,4000,500,0,,87.2031,tier5,111.681,81.2331,93.0267,80.4276,80.6243,111.681,imdbwiki_infeasible_downsample_seed1.csv.gz
imdbwiki,infeasible,downsample,,,2,4000,500,0,,87.388,tier5,112.437,81.4357,92.7034,81.3917,81.2187,112.437,imdbwiki_infeasible_downsample_seed2.csv.gz
imdbwiki,infeasible,downsample,,,3,4000,500,0,,87.5354,tier5,111.766,80.5814,94.2394,80.7997,79.0417,111.766,imdbwiki_infeasible_downsample_seed3.csv.gz
imdbwiki,infeasible,downsample,,,4,4000,500,0,,86.1835,tier5,111.098,79.552,93.7897,82.7849,83.836,111.098,imdbwiki_infeasible_downsample_seed4.csv.gz
imdbwiki,infeasible,ipw,,,0,4000,500,0,,86.0712,tier5,111.195,78.1203,95.1682,83.7398,83.198,111.195,imdbwiki_infeasible_ipw_seed0.csv.gz
imdbwiki,infeasible,ipw,,,1,4000,500,0,,87.0453,tier5,111.639,80.9827,93.2058,80.5668,80.9156,111.639,imdbwiki_infeasible_ipw_seed1.csv.gz
imdbwiki,infeasible,ipw,,,2,4000,500,0,,87.1559,tier5,112.35,81.0766,92.8984,81.5584,81.5639,112.35,imdbwiki_infeasible_ipw_seed2.csv.gz
imdbwiki,infeasible,ipw,,,3,4000,500,0,,87.3407,tier5,111.713,80.2846,94.3862,80.9368,79.2331,111.713,imdbwiki_infeasible_ipw_seed3.csv.gz
imdbwiki,infeasible,ipw,,,4,4000,500,0,,86.0659,tier5,111.165,79.3078,94.0307,83.0403,84.1861,111.165,imdbwiki_infeasible_ipw_seed4.csv.gz
imdbwiki,infeasible,lds,,,0,4000,500,0,,93.56,tier2,98.5412,89.3107,98.5412,82.2382,83.0232,95.9757,imdbwiki_infeasible_lds_seed0.csv.gz
imdbwiki,infeasible,lds,,,1,4000,500,0,,95.1969,tier2,98.2823,92.6327,98.2823,79.0785,82.2107,95.7766,imdbwiki_infeasible_lds_seed1.csv.gz
imdbwiki,infeasible,lds,,,2,4000,500,0,,94.119,tier2,96.9182,91.3652,96.9182,79.457,82.3986,94.478,imdbwiki_infeasible_lds_seed2.csv.gz
imdbwiki,infeasible,lds,,,3,4000,500,0,,94.4409,tier2,98.4268,90.9506,98.4268,78.5601,80.8324,94.7714,imdbwiki_infeasible_lds_seed3.csv.gz
imdbwiki,infeasible,lds,,,4,4000,500,0,,94.0984,tier2,97.756,90.9171,97.756,80.7744,83.284,94.9917,imdbwiki_infeasible_lds_seed4.csv.gz
